3.991989e+002,0.000000e+000
4.001631e+002,0.000000e+000
4.011274e+002,0.000000e+000
4.020916e+002,0.000000e+000
4.030559e+002,0.000000e+000
4.040201e+002,0.000000e+000
4.049844e+002,0.000000e+000
4.059486e+002,0.000000e+000
4.069129e+002,0.000000e+000
4.078771e+002,0.000000e+000
4.088414e+002,0.000000e+000
4.098056e+002,0.000000e+000
4.107699e+002,0.000000e+000
4.117341e+002,0.000000e+000
4.126984e+002,0.000000e+000
4.136626e+002,0.000000e+000
4.146269e+002,0.000000e+000
4.155911e+002,0.000000e+000
4.165554e+002,0.000000e+000
4.175196e+002,0.000000e+000
4.184839e+002,0.000000e+000
4.194481e+002,0.000000e+000
4.204124e+002,0.000000e+000
4.213766e+002,0.000000e+000
4.223409e+002,0.000000e+000
4.233051e+002,0.000000e+000
4.242693e+002,0.000000e+000
4.252336e+002,0.000000e+000
4.261978e+002,0.000000e+000
4.271621e+002,0.000000e+000
4.281263e+002,0.000000e+000
4.290906e+002,0.000000e+000
4.300548e+002,0.000000e+000
4.310191e+002,0.000000e+000
4.319833e+002,0.000000e+000
4.329476e+002,0.000000e+000
4.339118e+002,0.000000e+000
4.348761e+002,0.000000e+000
4.358403e+002,0.000000e+000
4.368046e+002,0.000000e+000
4.377688e+002,0.000000e+000
4.387331e+002,0.000000e+000
4.396973e+002,0.000000e+000
4.406616e+002,0.000000e+000
4.416258e+002,0.000000e+000
4.425901e+002,0.000000e+000
4.435543e+002,0.000000e+000
4.445186e+002,0.000000e+000
4.454828e+002,0.000000e+000
4.464471e+002,0.000000e+000
4.474113e+002,0.000000e+000
4.483756e+002,0.000000e+000
4.493398e+002,0.000000e+000
4.503041e+002,0.000000e+000
4.512683e+002,0.000000e+000
4.522326e+002,0.000000e+000
4.531968e+002,0.000000e+000
4.541611e+002,0.000000e+000
4.551253e+002,0.000000e+000
4.560896e+002,0.000000e+000
4.570538e+002,0.000000e+000
4.580181e+002,0.000000e+000
4.589823e+002,0.000000e+000
4.599466e+002,0.000000e+000
4.609108e+002,0.000000e+000
4.618751e+002,0.000000e+000
4.628393e+002,0.000000e+000
4.638036e+002,0.000000e+000
4.647678e+002,0.000000e+000
4.657321e+002,0.000000e+000
4.666963e+002,0.000000e+000
4.676606e+002,0.000000e+000
4.686248e+002,0.000000e+000
4.695891e+002,0.000000e+000
4.705533e+002,0.000000e+000
4.715175e+002,0.000000e+000
4.724818e+002,0.000000e+000
4.734460e+002,0.000000e+000
4.744103e+002,0.000000e+000
4.753745e+002,0.000000e+000
4.763388e+002,0.000000e+000
4.773030e+002,0.000000e+000
4.782673e+002,0.000000e+000
4.792315e+002,0.000000e+000
4.801958e+002,0.000000e+000
4.811600e+002,0.000000e+000
4.821243e+002,0.000000e+000
4.830885e+002,0.000000e+000
4.840528e+002,0.000000e+000
4.850170e+002,0.000000e+000
4.859813e+002,0.000000e+000
4.869455e+002,0.000000e+000
4.879098e+002,0.000000e+000
4.888740e+002,0.000000e+000
4.898383e+002,0.000000e+000
4.908025e+002,0.000000e+000
4.917668e+002,0.000000e+000
4.927310e+002,0.000000e+000
4.936953e+002,0.000000e+000
4.946595e+002,0.000000e+000
4.956238e+002,0.000000e+000
4.965880e+002,0.000000e+000
4.975523e+002,0.000000e+000
4.985165e+002,0.000000e+000
4.994808e+002,0.000000e+000
5.004450e+002,0.000000e+000
5.014093e+002,0.000000e+000
5.023735e+002,0.000000e+000
5.033378e+002,0.000000e+000
5.043020e+002,0.000000e+000
5.052663e+002,0.000000e+000
5.062305e+002,0.000000e+000
5.071948e+002,0.000000e+000
5.081590e+002,0.000000e+000
5.091233e+002,0.000000e+000
5.100875e+002,0.000000e+000
5.110518e+002,0.000000e+000
5.120160e+002,0.000000e+000
5.129802e+002,0.000000e+000
5.139445e+002,0.000000e+000
5.149088e+002,0.000000e+000
5.158730e+002,0.000000e+000
5.168372e+002,0.000000e+000
5.178015e+002,0.000000e+000
5.187657e+002,0.000000e+000
5.197300e+002,0.000000e+000
5.206942e+002,0.000000e+000
5.216585e+002,0.000000e+000
5.226227e+002,0.000000e+000
5.235870e+002,0.000000e+000
5.245512e+002,0.000000e+000
5.255155e+002,0.000000e+000
5.264797e+002,0.000000e+000
5.274440e+002,0.000000e+000
5.284082e+002,0.000000e+000
5.293725e+002,0.000000e+000
5.303367e+002,0.000000e+000
5.313010e+002,0.000000e+000
5.322652e+002,0.000000e+000
5.332295e+002,0.000000e+000
5.341937e+002,0.000000e+000
5.351580e+002,0.000000e+000
5.361222e+002,0.000000e+000
5.370865e+002,0.000000e+000
5.380507e+002,0.000000e+000
5.390150e+002,0.000000e+000
5.399792e+002,0.000000e+000
5.409435e+002,0.000000e+000
5.419077e+002,0.000000e+000
5.428719e+002,0.000000e+000
5.438362e+002,0.000000e+000
5.448005e+002,0.000000e+000
5.457647e+002,0.000000e+000
5.467289e+002,0.000000e+000
5.476932e+002,0.000000e+000
5.486575e+002,0.000000e+000
5.496217e+002,0.000000e+000
5.505859e+002,0.000000e+000
5.515502e+002,0.000000e+000
5.525145e+002,0.000000e+000
5.534787e+002,0.000000e+000
5.544429e+002,0.000000e+000
5.554072e+002,0.000000e+000
5.563715e+002,0.000000e+000
5.573357e+002,0.000000e+000
5.582999e+002,0.000000e+000
5.592642e+002,0.000000e+000
5.602285e+002,0.000000e+000
5.611927e+002,0.000000e+000
5.621569e+002,0.000000e+000
5.631212e+002,0.000000e+000
5.640854e+002,0.000000e+000
5.650497e+002,0.000000e+000
5.660139e+002,0.000000e+000
5.669782e+002,0.000000e+000
5.679424e+002,0.000000e+000
5.689067e+002,0.000000e+000
5.698709e+002,0.000000e+000
5.708352e+002,0.000000e+000
5.717994e+002,0.000000e+000
5.727637e+002,0.000000e+000
5.737279e+002,0.000000e+000
5.746922e+002,0.000000e+000
5.756564e+002,0.000000e+000
5.766207e+002,0.000000e+000
5.775849e+002,0.000000e+000
5.785492e+002,0.000000e+000
5.795134e+002,0.000000e+000
5.804777e+002,0.000000e+000
5.814419e+002,0.000000e+000
5.824062e+002,0.000000e+000
5.833704e+002,0.000000e+000
5.843347e+002,0.000000e+000
5.852989e+002,0.000000e+000
5.862632e+002,0.000000e+000
5.872274e+002,0.000000e+000
5.881917e+002,0.000000e+000
5.891559e+002,0.000000e+000
5.901202e+002,0.000000e+000
5.910844e+002,0.000000e+000
5.920486e+002,0.000000e+000
5.930129e+002,0.000000e+000
5.939772e+002,0.000000e+000
5.949414e+002,0.000000e+000
5.959056e+002,0.000000e+000
5.968699e+002,0.000000e+000
5.978342e+002,0.000000e+000
5.987984e+002,0.000000e+000
5.997626e+002,0.000000e+000
6.007269e+002,0.000000e+000
6.016912e+002,0.000000e+000
6.026554e+002,0.000000e+000
6.036196e+002,0.000000e+000
6.045839e+002,0.000000e+000
6.055482e+002,0.000000e+000
6.065124e+002,0.000000e+000
6.074766e+002,0.000000e+000
6.084409e+002,0.000000e+000
6.094052e+002,0.000000e+000
6.103694e+002,0.000000e+000
6.113336e+002,0.000000e+000
6.122979e+002,0.000000e+000
6.132621e+002,0.000000e+000
6.142264e+002,0.000000e+000
6.151906e+002,0.000000e+000
6.161548e+002,0.000000e+000
6.171191e+002,0.000000e+000
6.180834e+002,0.000000e+000
6.190476e+002,0.000000e+000
6.200118e+002,0.000000e+000
6.209761e+002,0.000000e+000
6.219404e+002,0.000000e+000
6.229046e+002,0.000000e+000
6.238688e+002,0.000000e+000
6.248331e+002,0.000000e+000
6.257974e+002,0.000000e+000
6.267616e+002,0.000000e+000
6.277258e+002,0.000000e+000
6.286901e+002,0.000000e+000
6.296544e+002,0.000000e+000
6.306186e+002,0.000000e+000
6.315828e+002,0.000000e+000
6.325471e+002,0.000000e+000
6.335114e+002,0.000000e+000
6.344756e+002,0.000000e+000
6.354398e+002,0.000000e+000
6.364041e+002,0.000000e+000
6.373683e+002,0.000000e+000
6.383326e+002,0.000000e+000
6.392968e+002,0.000000e+000
6.402611e+002,0.000000e+000
6.412253e+002,0.000000e+000
6.421896e+002,0.000000e+000
6.431538e+002,0.000000e+000
6.441181e+002,0.000000e+000
6.450823e+002,0.000000e+000
6.460466e+002,0.000000e+000
6.470109e+002,0.000000e+000
6.479751e+002,0.000000e+000
6.489393e+002,0.000000e+000
6.499036e+002,1.000855e+002
6.508679e+002,1.000775e+002
6.518321e+002,1.000727e+002
6.527963e+002,9.995978e+001
6.537606e+002,1.000309e+002
6.547249e+002,1.001289e+002
6.556891e+002,1.000894e+002
6.566533e+002,1.001305e+002
6.576176e+002,1.001967e+002
6.585818e+002,1.002522e+002
6.595461e+002,1.002591e+002
6.605103e+002,1.001685e+002
6.614745e+002,1.001601e+002
6.624388e+002,1.002010e+002
6.634031e+002,1.002538e+002
6.643673e+002,1.002452e+002
6.653315e+002,1.002496e+002
6.662958e+002,1.002501e+002
6.672601e+002,1.002763e+002
6.682243e+002,1.003267e+002
6.691885e+002,1.003043e+002
6.701528e+002,1.002348e+002
6.711171e+002,1.003510e+002
6.720813e+002,1.004786e+002
6.730455e+002,1.005466e+002
6.740098e+002,1.005727e+002
6.749741e+002,1.004878e+002
6.759383e+002,1.003363e+002
6.769025e+002,1.002285e+002
6.778668e+002,1.003409e+002
6.788311e+002,1.004460e+002
6.797953e+002,1.004564e+002
6.807595e+002,1.003393e+002
6.817238e+002,1.002661e+002
6.826880e+002,1.002572e+002
6.836523e+002,1.002332e+002
6.846165e+002,1.001454e+002
6.855808e+002,1.000219e+002
6.865450e+002,9.988103e+001
6.875093e+002,9.981936e+001
6.884735e+002,9.984236e+001
6.894378e+002,9.976650e+001
6.904020e+002,9.961092e+001
6.913663e+002,9.957402e+001
6.923305e+002,9.945782e+001
6.932948e+002,9.932323e+001
6.942590e+002,9.924277e+001
6.952233e+002,9.929350e+001
6.961875e+002,9.938566e+001
6.971518e+002,9.934514e+001
6.981160e+002,9.926135e+001
6.990803e+002,9.923116e+001
7.000445e+002,9.926814e+001
7.010088e+002,9.932712e+001
7.019730e+002,9.940501e+001
7.029373e+002,9.946553e+001
7.039015e+002,9.947575e+001
7.048658e+002,9.951521e+001
7.058300e+002,9.953288e+001
7.067943e+002,9.949958e+001
7.077585e+002,9.956099e+001
7.087228e+002,9.970145e+001
7.096870e+002,9.961411e+001
7.106512e+002,9.957596e+001
7.116155e+002,9.967049e+001
7.125798e+002,9.973148e+001
7.135440e+002,9.973312e+001
7.145082e+002,9.973726e+001
7.154725e+002,9.972650e+001
7.164368e+002,9.972814e+001
7.174010e+002,9.978417e+001
7.183652e+002,9.980698e+001
7.193295e+002,9.985029e+001
7.202938e+002,9.985200e+001
7.212580e+002,9.987355e+001
7.222222e+002,9.991979e+001
7.231865e+002,9.992271e+001
7.241508e+002,9.987168e+001
7.251150e+002,9.987969e+001
7.260792e+002,9.992746e+001
7.270435e+002,9.991646e+001
7.280078e+002,9.992893e+001
7.289720e+002,9.994119e+001
7.299362e+002,9.993770e+001
7.309005e+002,9.995702e+001
7.318647e+002,1.000413e+002
7.328290e+002,1.001047e+002
7.337932e+002,1.001153e+002
7.347575e+002,1.000442e+002
7.357217e+002,1.000021e+002
7.366860e+002,9.991769e+001
7.376502e+002,9.985231e+001
7.386145e+002,9.987173e+001
7.395787e+002,9.981911e+001
7.405430e+002,9.976791e+001
7.415072e+002,9.975916e+001
7.424715e+002,9.976321e+001
7.434357e+002,9.972115e+001
7.444000e+002,9.965855e+001
7.453642e+002,9.961179e+001
7.463285e+002,9.951796e+001
7.472927e+002,9.950144e+001
7.482570e+002,9.944093e+001
7.492212e+002,9.938077e+001
7.501855e+002,9.934459e+001
7.511497e+002,9.926837e+001
7.521140e+002,9.923207e+001
7.530782e+002,9.921021e+001
7.540425e+002,9.918014e+001
7.550067e+002,9.912539e+001
7.559709e+002,9.911295e+001
7.569352e+002,9.909034e+001
7.578995e+002,9.903725e+001
7.588637e+002,9.900230e+001
7.598279e+002,9.903589e+001
7.607922e+002,9.905318e+001
7.617565e+002,9.898440e+001
7.627207e+002,9.891888e+001
7.636849e+002,9.896131e+001
7.646492e+002,9.896885e+001
7.656135e+002,9.887959e+001
7.665777e+002,9.879143e+001
7.675419e+002,9.874171e+001
7.685062e+002,9.878702e+001
7.694705e+002,9.881310e+001
7.704347e+002,9.880830e+001
7.713989e+002,9.876367e+001
7.723632e+002,9.879236e+001
7.733275e+002,9.882009e+001
7.742917e+002,9.873621e+001
7.752559e+002,9.865953e+001
7.762202e+002,9.863213e+001
7.771844e+002,9.864473e+001
7.781487e+002,9.866740e+001
7.791129e+002,9.869941e+001
7.800771e+002,9.864810e+001
7.810414e+002,9.854186e+001
7.820057e+002,9.850088e+001
7.829699e+002,9.848386e+001
7.839341e+002,9.848344e+001
7.848984e+002,9.853580e+001
7.858627e+002,9.851920e+001
7.868269e+002,9.851341e+001
7.877911e+002,9.854261e+001
7.887554e+002,9.853429e+001
7.897197e+002,9.854894e+001
7.906839e+002,9.859945e+001
7.916481e+002,9.864620e+001
7.926124e+002,9.864249e+001
7.935767e+002,9.860876e+001
7.945409e+002,9.862856e+001
7.955051e+002,9.869827e+001
7.964694e+002,9.873219e+001
7.974337e+002,9.875571e+001
7.983979e+002,9.878570e+001
7.993621e+002,9.881623e+001
8.003264e+002,9.887465e+001
8.012906e+002,9.889130e+001
8.022549e+002,9.895231e+001
8.032191e+002,9.904851e+001
8.041834e+002,9.904932e+001
8.051476e+002,9.904012e+001
8.061119e+002,9.901832e+001
8.070761e+002,9.899579e+001
8.080404e+002,9.896410e+001
8.090046e+002,9.894572e+001
8.099689e+002,9.880662e+001
8.109332e+002,9.851993e+001
8.118974e+002,9.829084e+001
8.128616e+002,9.808630e+001
8.138259e+002,9.783585e+001
8.147902e+002,9.758376e+001
8.157544e+002,9.743751e+001
8.167186e+002,9.745480e+001
8.176829e+002,9.758332e+001
8.186472e+002,9.772732e+001
8.196114e+002,9.782436e+001
8.205756e+002,9.800932e+001
8.215399e+002,9.830112e+001
8.225042e+002,9.861539e+001
8.234684e+002,9.880447e+001
8.244326e+002,9.891183e+001
8.253969e+002,9.899069e+001
8.263611e+002,9.902505e+001
8.273254e+002,9.916913e+001
8.282896e+002,9.931319e+001
8.292538e+002,9.931831e+001
8.302181e+002,9.939457e+001
8.311824e+002,9.944923e+001
8.321466e+002,9.936996e+001
8.331108e+002,9.935190e+001
8.340751e+002,9.935019e+001
8.350394e+002,9.929906e+001
8.360036e+002,9.924661e+001
8.369678e+002,9.918681e+001
8.379321e+002,9.910258e+001
8.388964e+002,9.906918e+001
8.398606e+002,9.913194e+001
8.408248e+002,9.905849e+001
8.417891e+002,9.890709e+001
8.427534e+002,9.889324e+001
8.437176e+002,9.880866e+001
8.446818e+002,9.872187e+001
8.456461e+002,9.874120e+001
8.466104e+002,9.865062e+001
8.475746e+002,9.863336e+001
8.485388e+002,9.874314e+001
8.495031e+002,9.882211e+001
8.504673e+002,9.883689e+001
8.514316e+002,9.886463e+001
8.523958e+002,9.888612e+001
8.533601e+002,9.884514e+001
8.543243e+002,9.882821e+001
8.552886e+002,9.887794e+001
8.562528e+002,9.895261e+001
8.572171e+002,9.895210e+001
8.581813e+002,9.893427e+001
8.591456e+002,9.891410e+001
8.601098e+002,9.888514e+001
8.610741e+002,9.885234e+001
8.620383e+002,9.881430e+001
8.630026e+002,9.881359e+001
8.639668e+002,9.883604e+001
8.649311e+002,9.883574e+001
8.658953e+002,9.882398e+001
8.668596e+002,9.879129e+001
8.678238e+002,9.876310e+001
8.687881e+002,9.876718e+001
8.697523e+002,9.869645e+001
8.707166e+002,9.864056e+001
8.716808e+002,9.861970e+001
8.726451e+002,9.857414e+001
8.736093e+002,9.859319e+001
8.745735e+002,9.856749e+001
8.755378e+002,9.847845e+001
8.765021e+002,9.850434e+001
8.774663e+002,9.850765e+001
8.784305e+002,9.842648e+001
8.793948e+002,9.835349e+001
8.803591e+002,9.830452e+001
8.813233e+002,9.824329e+001
8.822875e+002,9.820338e+001
8.832518e+002,9.813351e+001
8.842161e+002,9.804457e+001
8.851803e+002,9.800755e+001
8.861445e+002,9.800964e+001
8.871088e+002,9.790659e+001
8.880731e+002,9.783630e+001
8.890373e+002,9.777461e+001
8.900015e+002,9.769547e+001
8.909658e+002,9.765470e+001
8.919301e+002,9.766278e+001
8.928943e+002,9.763876e+001
8.938585e+002,9.751719e+001
8.948228e+002,9.741661e+001
8.957870e+002,9.741093e+001
8.967513e+002,9.740354e+001
8.977155e+002,9.735477e+001
8.986798e+002,9.728111e+001
8.996440e+002,9.729102e+001
9.006083e+002,9.730155e+001
9.015725e+002,9.722121e+001
9.025368e+002,9.717180e+001
9.035010e+002,9.712234e+001
9.044653e+002,9.709898e+001
9.054295e+002,9.708727e+001
9.063938e+002,9.713467e+001
9.073580e+002,9.716731e+001
9.083223e+002,9.718430e+001
9.092865e+002,9.721211e+001
9.102508e+002,9.722588e+001
9.112150e+002,9.724052e+001
9.121793e+002,9.730458e+001
9.131435e+002,9.737299e+001
9.141078e+002,9.742416e+001
9.150720e+002,9.748928e+001
9.160363e+002,9.758648e+001
9.170005e+002,9.765493e+001
9.179648e+002,9.771920e+001
9.189290e+002,9.778439e+001
9.198932e+002,9.784665e+001
9.208575e+002,9.787849e+001
9.218218e+002,9.790672e+001
9.227860e+002,9.790782e+001
9.237502e+002,9.788583e+001
9.247145e+002,9.788085e+001
9.256788e+002,9.790134e+001
9.266430e+002,9.787615e+001
9.276072e+002,9.782995e+001
9.285715e+002,9.773945e+001
9.295358e+002,9.761160e+001
9.305000e+002,9.754717e+001
9.314642e+002,9.741521e+001
9.324285e+002,9.730471e+001
9.333928e+002,9.718673e+001
9.343570e+002,9.703400e+001
9.353212e+002,9.689261e+001
9.362855e+002,9.678812e+001
9.372498e+002,9.672608e+001
9.382140e+002,9.659826e+001
9.391782e+002,9.652627e+001
9.401425e+002,9.648933e+001
9.411068e+002,9.644886e+001
9.420710e+002,9.648090e+001
9.430352e+002,9.659724e+001
9.439995e+002,9.662621e+001
9.449637e+002,9.664478e+001
9.459280e+002,9.676725e+001
9.468922e+002,9.691738e+001
9.478564e+002,9.699001e+001
9.488207e+002,9.708324e+001
9.497850e+002,9.715258e+001
9.507492e+002,9.724738e+001
9.517134e+002,9.739590e+001
9.526777e+002,9.754540e+001
9.536420e+002,9.767182e+001
9.546062e+002,9.774512e+001
9.555704e+002,9.780054e+001
9.565347e+002,9.790230e+001
9.574990e+002,9.804044e+001
9.584632e+002,9.814079e+001
9.594274e+002,9.820773e+001
9.603917e+002,9.827116e+001
9.613560e+002,9.832814e+001
9.623202e+002,9.835756e+001
9.632844e+002,9.836629e+001
9.642487e+002,9.837299e+001
9.652130e+002,9.836947e+001
9.661772e+002,9.833797e+001
9.671414e+002,9.826978e+001
9.681057e+002,9.823463e+001
9.690699e+002,9.818726e+001
9.700342e+002,9.810828e+001
9.709984e+002,9.801715e+001
9.719627e+002,9.790170e+001
9.729269e+002,9.777908e+001
9.738912e+002,9.765463e+001
9.748554e+002,9.751892e+001
9.758197e+002,9.733433e+001
9.767839e+002,9.712807e+001
9.777482e+002,9.696635e+001
9.787125e+002,9.684257e+001
9.796767e+002,9.674776e+001
9.806409e+002,9.666578e+001
9.816052e+002,9.657855e+001
9.825695e+002,9.658874e+001
9.835337e+002,9.658171e+001
9.844979e+002,9.655766e+001
9.854622e+002,9.657259e+001
9.864265e+002,9.655938e+001
9.873907e+002,9.652254e+001
9.883549e+002,9.654522e+001
9.893192e+002,9.656012e+001
9.902834e+002,9.652687e+001
9.912477e+002,9.645733e+001
9.922119e+002,9.639101e+001
9.931761e+002,9.635265e+001
9.941404e+002,9.630097e+001
9.951047e+002,9.625504e+001
9.960689e+002,9.617561e+001
9.970331e+002,9.605196e+001
9.979974e+002,9.596180e+001
9.989617e+002,9.580867e+001
9.999259e+002,9.566314e+001
1.000890e+003,9.557792e+001
1.001854e+003,9.541278e+001
1.002819e+003,9.517597e+001
1.003783e+003,9.493347e+001
1.004747e+003,9.468862e+001
1.005711e+003,9.435520e+001
1.006676e+003,9.399791e+001
1.007640e+003,9.362213e+001
1.008604e+003,9.325264e+001
1.009568e+003,9.288127e+001
1.010533e+003,9.254218e+001
1.011497e+003,9.223482e+001
1.012461e+003,9.194772e+001
1.013425e+003,9.172440e+001
1.014390e+003,9.157499e+001
1.015354e+003,9.148920e+001
1.016318e+003,9.144524e+001
1.017282e+003,9.140443e+001
1.018247e+003,9.140166e+001
1.019211e+003,9.138759e+001
1.020175e+003,9.134989e+001
1.021139e+003,9.132211e+001
1.022104e+003,9.129106e+001
1.023068e+003,9.122292e+001
1.024032e+003,9.116875e+001
1.024996e+003,9.113060e+001
1.025961e+003,9.107691e+001
1.026925e+003,9.096890e+001
1.027889e+003,9.085043e+001
1.028853e+003,9.072948e+001
1.029818e+003,9.058970e+001
1.030782e+003,9.044492e+001
1.031746e+003,9.030642e+001
1.032710e+003,9.015954e+001
1.033675e+003,8.994221e+001
1.034639e+003,8.972943e+001
1.035603e+003,8.955939e+001
1.036567e+003,8.940681e+001
1.037532e+003,8.924129e+001
1.038496e+003,8.911110e+001
1.039460e+003,8.900091e+001
1.040424e+003,8.887718e+001
1.041389e+003,8.879199e+001
1.042353e+003,8.867190e+001
1.043317e+003,8.857308e+001
1.044281e+003,8.849369e+001
1.045246e+003,8.845190e+001
1.046210e+003,8.848457e+001
1.047174e+003,8.848920e+001
1.048138e+003,8.843429e+001
1.049103e+003,8.836259e+001
1.050067e+003,8.837691e+001
1.051031e+003,8.845712e+001
1.051995e+003,8.854070e+001
1.052960e+003,8.858194e+001
1.053924e+003,8.857017e+001
1.054888e+003,8.854704e+001
1.055852e+003,8.852779e+001
1.056817e+003,8.851528e+001
1.057781e+003,8.850372e+001
1.058745e+003,8.847344e+001
1.059709e+003,8.844638e+001
1.060674e+003,8.842582e+001
1.061638e+003,8.839335e+001
1.062602e+003,8.836640e+001
1.063566e+003,8.833220e+001
1.064531e+003,8.830148e+001
1.065495e+003,8.833103e+001
1.066459e+003,8.836430e+001
1.067423e+003,8.835203e+001
1.068388e+003,8.835166e+001
1.069352e+003,8.838723e+001
1.070316e+003,8.842451e+001
1.071280e+003,8.840505e+001
1.072245e+003,8.834810e+001
1.073209e+003,8.832140e+001
1.074173e+003,8.827597e+001
1.075137e+003,8.826861e+001
1.076102e+003,8.828382e+001
1.077066e+003,8.821927e+001
1.078030e+003,8.812020e+001
1.078994e+003,8.802673e+001
1.079959e+003,8.793898e+001
1.080923e+003,8.787459e+001
1.081887e+003,8.780920e+001
1.082851e+003,8.769672e+001
1.083816e+003,8.754440e+001
1.084780e+003,8.743149e+001
1.085744e+003,8.735806e+001
1.086708e+003,8.727764e+001
1.087673e+003,8.716105e+001
1.088637e+003,8.700999e+001
1.089601e+003,8.688029e+001
1.090565e+003,8.676232e+001
1.091530e+003,8.660853e+001
1.092494e+003,8.647163e+001
1.093458e+003,8.631371e+001
1.094422e+003,8.618060e+001
1.095387e+003,8.606149e+001
1.096351e+003,8.591821e+001
1.097315e+003,8.575054e+001
1.098279e+003,8.558204e+001
1.099244e+003,8.545403e+001
1.100208e+003,8.531319e+001
1.101172e+003,8.513775e+001
1.102136e+003,8.494151e+001
1.103101e+003,8.472490e+001
1.104065e+003,8.458374e+001
1.105029e+003,8.447415e+001
1.105993e+003,8.431038e+001
1.106958e+003,8.411862e+001
1.107922e+003,8.392293e+001
1.108886e+003,8.372752e+001
1.109850e+003,8.355482e+001
1.110815e+003,8.338899e+001
1.111779e+003,8.320941e+001
1.112743e+003,8.301633e+001
1.113707e+003,8.283018e+001
1.114672e+003,8.262759e+001
1.115636e+003,8.242510e+001
1.116600e+003,8.221085e+001
1.117564e+003,8.202217e+001
1.118529e+003,8.181036e+001
1.119493e+003,8.160751e+001
1.120457e+003,8.143932e+001
1.121421e+003,8.122150e+001
1.122385e+003,8.097607e+001
1.123350e+003,8.076515e+001
1.124314e+003,8.057887e+001
1.125278e+003,8.038284e+001
1.126243e+003,8.018674e+001
1.127207e+003,7.998022e+001
1.128171e+003,7.975317e+001
1.129135e+003,7.949296e+001
1.130099e+003,7.921606e+001
1.131064e+003,7.901266e+001
1.132028e+003,7.883749e+001
1.132992e+003,7.861990e+001
1.133957e+003,7.841698e+001
1.134921e+003,7.823946e+001
1.135885e+003,7.812039e+001
1.136849e+003,7.799989e+001
1.137813e+003,7.784786e+001
1.138778e+003,7.770836e+001
1.139742e+003,7.764634e+001
1.140706e+003,7.761224e+001
1.141671e+003,7.755773e+001
1.142635e+003,7.752847e+001
1.143599e+003,7.754292e+001
1.144563e+003,7.757687e+001
1.145527e+003,7.759883e+001
1.146492e+003,7.766447e+001
1.147456e+003,7.777050e+001
1.148420e+003,7.788038e+001
1.149385e+003,7.798525e+001
1.150349e+003,7.808057e+001
1.151313e+003,7.812328e+001
1.152277e+003,7.814175e+001
1.153241e+003,7.810725e+001
1.154206e+003,7.802542e+001
1.155170e+003,7.798094e+001
1.156134e+003,7.790804e+001
1.157099e+003,7.777281e+001
1.158063e+003,7.762515e+001
1.159027e+003,7.747363e+001
1.159991e+003,7.729509e+001
1.160955e+003,7.704254e+001
1.161920e+003,7.679041e+001
1.162884e+003,7.654250e+001
1.163848e+003,7.623863e+001
1.164813e+003,7.589403e+001
1.165777e+003,7.559023e+001
1.166741e+003,7.528622e+001
1.167705e+003,7.497094e+001
1.168669e+003,7.468707e+001
1.169634e+003,7.443243e+001
1.170598e+003,7.423271e+001
1.171562e+003,7.408974e+001
1.172526e+003,7.403278e+001
1.173491e+003,7.408640e+001
1.174455e+003,7.417032e+001
1.175419e+003,7.431801e+001
1.176383e+003,7.452231e+001
1.177348e+003,7.482461e+001
1.178312e+003,7.520681e+001
1.179276e+003,7.563731e+001
1.180240e+003,7.609001e+001
1.181205e+003,7.658334e+001
1.182169e+003,7.711327e+001
1.183133e+003,7.764281e+001
1.184097e+003,7.813681e+001
1.185062e+003,7.863132e+001
1.186026e+003,7.913742e+001
1.186990e+003,7.961627e+001
1.187954e+003,8.006002e+001
1.188919e+003,8.043468e+001
1.189883e+003,8.079287e+001
1.190847e+003,8.109490e+001
1.191811e+003,8.129167e+001
1.192776e+003,8.140630e+001
1.193740e+003,8.143756e+001
1.194704e+003,8.136046e+001
1.195668e+003,8.118440e+001
1.196633e+003,8.094198e+001
1.197597e+003,8.065762e+001
1.198561e+003,8.038773e+001
1.199525e+003,8.014504e+001
1.200490e+003,7.986966e+001
1.201454e+003,7.960995e+001
1.202418e+003,7.944879e+001
1.203382e+003,7.938204e+001
1.204347e+003,7.939040e+001
1.205311e+003,7.953919e+001
1.206275e+003,7.982275e+001
1.207239e+003,8.020378e+001
1.208204e+003,8.070946e+001
1.209168e+003,8.134840e+001
1.210132e+003,8.208519e+001
1.211096e+003,8.291726e+001
1.212061e+003,8.382423e+001
1.213025e+003,8.480545e+001
1.213989e+003,8.582500e+001
1.214953e+003,8.683222e+001
1.215918e+003,8.783713e+001
1.216882e+003,8.886319e+001
1.217846e+003,8.982863e+001
1.218810e+003,9.069615e+001
1.219775e+003,9.150749e+001
1.220739e+003,9.226321e+001
1.221703e+003,9.295782e+001
1.222667e+003,9.352675e+001
1.223632e+003,9.404285e+001
1.224596e+003,9.451377e+001
1.225560e+003,9.491676e+001
1.226524e+003,9.526930e+001
1.227489e+003,9.557002e+001
1.228453e+003,9.581520e+001
1.229417e+003,9.604031e+001
1.230381e+003,9.624174e+001
1.231346e+003,9.642505e+001
1.232310e+003,9.660586e+001
1.233274e+003,9.677599e+001
1.234238e+003,9.688501e+001
1.235203e+003,9.697440e+001
1.236167e+003,9.705053e+001
1.237131e+003,9.712627e+001
1.238095e+003,9.722456e+001
1.239060e+003,9.727850e+001
1.240024e+003,9.732006e+001
1.240988e+003,9.735568e+001
1.241952e+003,9.737040e+001
1.242917e+003,9.738485e+001
1.243881e+003,9.743855e+001
1.244845e+003,9.746632e+001
1.245809e+003,9.747470e+001
1.246774e+003,9.748380e+001
1.247738e+003,9.746264e+001
1.248702e+003,9.743502e+001
1.249666e+003,9.741820e+001
1.250631e+003,9.741248e+001
1.251595e+003,9.737298e+001
1.252559e+003,9.731928e+001
1.253523e+003,9.725707e+001
1.254488e+003,9.718887e+001
1.255452e+003,9.712327e+001
1.256416e+003,9.706493e+001
1.257380e+003,9.700906e+001
1.258345e+003,9.698125e+001
1.259309e+003,9.693518e+001
1.260273e+003,9.688123e+001
1.261237e+003,9.684653e+001
1.262202e+003,9.681315e+001
1.263166e+003,9.678097e+001
1.264130e+003,9.677493e+001
1.265094e+003,9.678231e+001
1.266059e+003,9.677922e+001
1.267023e+003,9.678655e+001
1.267987e+003,9.680205e+001
1.268951e+003,9.680276e+001
1.269916e+003,9.679897e+001
1.270880e+003,9.679213e+001
1.271844e+003,9.675940e+001
1.272808e+003,9.674674e+001
1.273773e+003,9.673973e+001
1.274737e+003,9.671652e+001
1.275701e+003,9.665752e+001
1.276665e+003,9.659534e+001
1.277630e+003,9.653763e+001
1.278594e+003,9.649084e+001
1.279558e+003,9.639872e+001
1.280522e+003,9.632298e+001
1.281487e+003,9.625685e+001
1.282451e+003,9.619090e+001
1.283415e+003,9.610155e+001
1.284379e+003,9.596238e+001
1.285344e+003,9.580141e+001
1.286308e+003,9.560751e+001
1.287272e+003,9.533559e+001
1.288236e+003,9.494928e+001
1.289201e+003,9.443587e+001
1.290165e+003,9.378779e+001
1.291129e+003,9.297932e+001
1.292093e+003,9.206985e+001
1.293057e+003,9.109769e+001
1.294022e+003,9.011709e+001
1.294986e+003,8.919626e+001
1.295950e+003,8.838466e+001
1.296915e+003,8.776554e+001
1.297879e+003,8.737022e+001
1.298843e+003,8.721031e+001
1.299807e+003,8.729418e+001
1.300771e+003,8.762205e+001
1.301736e+003,8.813996e+001
1.302700e+003,8.876108e+001
1.303664e+003,8.938998e+001
1.304629e+003,8.999658e+001
1.305593e+003,9.054520e+001
1.306557e+003,9.097151e+001
1.307521e+003,9.124167e+001
1.308486e+003,9.139315e+001
1.309450e+003,9.150468e+001
1.310414e+003,9.157359e+001
1.311378e+003,9.162852e+001
1.312343e+003,9.168714e+001
1.313307e+003,9.176162e+001
1.314271e+003,9.180656e+001
1.315235e+003,9.173232e+001
1.316200e+003,9.153910e+001
1.317164e+003,9.122675e+001
1.318128e+003,9.082428e+001
1.319092e+003,9.039165e+001
1.320057e+003,9.001326e+001
1.321021e+003,8.973687e+001
1.321985e+003,8.959320e+001
1.322949e+003,8.959322e+001
1.323914e+003,8.968768e+001
1.324878e+003,8.984666e+001
1.325842e+003,9.004713e+001
1.326806e+003,9.020705e+001
1.327771e+003,9.037601e+001
1.328735e+003,9.058758e+001
1.329699e+003,9.087671e+001
1.330663e+003,9.127880e+001
1.331628e+003,9.181289e+001
1.332592e+003,9.244032e+001
1.333556e+003,9.311449e+001
1.334520e+003,9.374478e+001
1.335484e+003,9.436129e+001
1.336449e+003,9.495498e+001
1.337413e+003,9.548366e+001
1.338377e+003,9.596145e+001
1.339342e+003,9.637819e+001
1.340306e+003,9.674740e+001
1.341270e+003,9.706136e+001
1.342234e+003,9.731770e+001
1.343198e+003,9.751968e+001
1.344163e+003,9.764853e+001
1.345127e+003,9.776926e+001
1.346091e+003,9.782007e+001
1.347056e+003,9.777839e+001
1.348020e+003,9.774764e+001
1.348984e+003,9.770681e+001
1.349948e+003,9.763129e+001
1.350912e+003,9.753893e+001
1.351877e+003,9.751400e+001
1.352841e+003,9.749888e+001
1.353805e+003,9.748996e+001
1.354770e+003,9.757844e+001
1.355734e+003,9.770889e+001
1.356698e+003,9.781696e+001
1.357662e+003,9.791163e+001
1.358626e+003,9.801167e+001
1.359591e+003,9.810744e+001
1.360555e+003,9.822562e+001
1.361519e+003,9.830948e+001
1.362484e+003,9.836758e+001
1.363448e+003,9.845035e+001
1.364412e+003,9.849529e+001
1.365376e+003,9.851291e+001
1.366340e+003,9.851568e+001
1.367305e+003,9.849593e+001
1.368269e+003,9.845056e+001
1.369233e+003,9.834806e+001
1.370198e+003,9.821030e+001
1.371162e+003,9.805144e+001
1.372126e+003,9.785978e+001
1.373090e+003,9.760941e+001
1.374054e+003,9.733885e+001
1.375019e+003,9.709167e+001
1.375983e+003,9.690341e+001
1.376947e+003,9.681757e+001
1.377911e+003,9.682750e+001
1.378876e+003,9.695717e+001
1.379840e+003,9.716479e+001
1.380804e+003,9.732690e+001
1.381768e+003,9.739063e+001
1.382733e+003,9.744133e+001
1.383697e+003,9.746509e+001
1.384661e+003,9.743819e+001
1.385625e+003,9.736777e+001
1.386590e+003,9.728569e+001
1.387554e+003,9.720959e+001
1.388518e+003,9.716106e+001
1.389482e+003,9.714630e+001
1.390447e+003,9.717013e+001
1.391411e+003,9.719427e+001
1.392375e+003,9.723407e+001
1.393339e+003,9.731667e+001
1.394304e+003,9.739770e+001
1.395268e+003,9.740507e+001
1.396232e+003,9.737201e+001
1.397196e+003,9.733466e+001
1.398161e+003,9.723103e+001
1.399125e+003,9.711149e+001
1.400089e+003,9.695381e+001
1.401053e+003,9.676128e+001
1.402018e+003,9.660201e+001
1.402982e+003,9.646928e+001
1.403946e+003,9.637402e+001
1.404910e+003,9.630486e+001
1.405875e+003,9.626199e+001
1.406839e+003,9.628204e+001
1.407803e+003,9.636109e+001
1.408767e+003,9.645447e+001
1.409732e+003,9.654049e+001
1.410696e+003,9.665047e+001
1.411660e+003,9.674436e+001
1.412624e+003,9.686671e+001
1.413589e+003,9.698557e+001
1.414553e+003,9.709356e+001
1.415517e+003,9.722395e+001
1.416481e+003,9.738821e+001
1.417446e+003,9.756618e+001
1.418410e+003,9.769384e+001
1.419374e+003,9.781621e+001
1.420338e+003,9.793741e+001
1.421303e+003,9.802235e+001
1.422267e+003,9.812318e+001
1.423231e+003,9.822214e+001
1.424195e+003,9.827839e+001
1.425160e+003,9.831683e+001
1.426124e+003,9.835313e+001
1.427088e+003,9.835869e+001
1.428052e+003,9.834747e+001
1.429017e+003,9.831470e+001
1.429981e+003,9.826403e+001
1.430945e+003,9.817963e+001
1.431909e+003,9.805084e+001
1.432874e+003,9.788167e+001
1.433838e+003,9.769457e+001
1.434802e+003,9.750920e+001
1.435766e+003,9.731558e+001
1.436731e+003,9.713223e+001
1.437695e+003,9.698360e+001
1.438659e+003,9.686340e+001
1.439623e+003,9.676151e+001
1.440588e+003,9.668553e+001
1.441552e+003,9.664579e+001
1.442516e+003,9.661871e+001
1.443480e+003,9.660784e+001
1.444445e+003,9.658074e+001
1.445409e+003,9.651922e+001
1.446373e+003,9.645553e+001
1.447337e+003,9.636318e+001
1.448302e+003,9.620232e+001
1.449266e+003,9.598846e+001
1.450230e+003,9.575725e+001
1.451194e+003,9.558813e+001
1.452159e+003,9.544390e+001
1.453123e+003,9.534045e+001
1.454087e+003,9.535844e+001
1.455051e+003,9.545148e+001
1.456016e+003,9.561429e+001
1.456980e+003,9.581355e+001
1.457944e+003,9.602048e+001
1.458908e+003,9.621259e+001
1.459873e+003,9.634678e+001
1.460837e+003,9.644295e+001
1.461801e+003,9.652559e+001
1.462765e+003,9.658624e+001
1.463730e+003,9.663937e+001
1.464694e+003,9.669424e+001
1.465658e+003,9.674435e+001
1.466622e+003,9.680593e+001
1.467587e+003,9.688687e+001
1.468551e+003,9.697365e+001
1.469515e+003,9.705630e+001
1.470479e+003,9.714695e+001
1.471444e+003,9.725471e+001
1.472408e+003,9.736112e+001
1.473372e+003,9.754560e+001
1.474336e+003,9.776949e+001
1.475301e+003,9.793734e+001
1.476265e+003,9.811592e+001
1.477229e+003,9.835657e+001
1.478193e+003,9.859032e+001
1.479158e+003,9.879119e+001
1.480122e+003,9.898460e+001
1.481086e+003,9.916925e+001
1.482050e+003,9.930933e+001
1.483015e+003,9.940996e+001
1.483979e+003,9.951611e+001
1.484943e+003,9.959155e+001
1.485907e+003,9.967507e+001
1.486872e+003,9.975623e+001
1.487836e+003,9.981655e+001
1.488800e+003,9.984434e+001
1.489764e+003,9.986792e+001
1.490729e+003,9.991365e+001
1.491693e+003,9.995503e+001
1.492657e+003,9.994968e+001
1.493621e+003,9.996638e+001
1.494586e+003,1.000080e+002
1.495550e+003,1.000021e+002
1.496514e+003,9.999287e+001
1.497478e+003,1.000086e+002
1.498443e+003,1.000231e+002
1.499407e+003,1.000383e+002
1.500371e+003,1.000603e+002
1.501335e+003,1.000846e+002
1.502300e+003,1.000875e+002
1.503264e+003,1.000859e+002
1.504228e+003,1.000980e+002
1.505192e+003,1.001101e+002
1.506156e+003,1.001054e+002
1.507121e+003,1.000812e+002
1.508085e+003,1.000613e+002
1.509049e+003,1.000765e+002
1.510014e+003,1.000794e+002
1.510978e+003,1.000706e+002
1.511942e+003,1.000780e+002
1.512906e+003,1.000837e+002
1.513870e+003,1.000716e+002
1.514835e+003,1.000513e+002
1.515799e+003,1.000486e+002
1.516763e+003,1.000683e+002
1.517728e+003,1.000809e+002
1.518692e+003,1.000945e+002
1.519656e+003,1.000911e+002
1.520620e+003,1.000712e+002
1.521584e+003,1.000455e+002
1.522549e+003,1.000477e+002
1.523513e+003,1.000696e+002
1.524477e+003,1.000809e+002
1.525442e+003,1.000720e+002
1.526406e+003,1.000906e+002
1.527370e+003,1.000878e+002
1.528334e+003,1.000668e+002
1.529298e+003,1.000695e+002
1.530263e+003,1.000641e+002
1.531227e+003,1.000492e+002
1.532191e+003,1.000448e+002
1.533156e+003,1.000210e+002
1.534120e+003,1.000271e+002
1.535084e+003,1.000476e+002
1.536048e+003,1.000243e+002
1.537012e+003,1.000294e+002
1.537977e+003,1.000389e+002
1.538941e+003,1.000065e+002
1.539905e+003,1.000082e+002
1.540870e+003,1.000463e+002
1.541834e+003,1.000496e+002
1.542798e+003,1.000500e+002
1.543762e+003,1.000527e+002
1.544726e+003,1.000406e+002
1.545691e+003,1.000398e+002
1.546655e+003,1.000539e+002
1.547619e+003,1.000563e+002
1.548583e+003,1.000611e+002
1.549548e+003,1.000797e+002
1.550512e+003,1.000725e+002
1.551476e+003,1.000309e+002
1.552441e+003,1.000302e+002
1.553405e+003,1.000491e+002
1.554369e+003,1.000204e+002
1.555333e+003,1.000069e+002
1.556297e+003,1.000207e+002
1.557262e+003,1.000068e+002
1.558226e+003,9.999050e+001
1.559190e+003,1.000226e+002
1.560155e+003,1.000363e+002
1.561119e+003,1.000286e+002
1.562083e+003,1.000095e+002
1.563047e+003,1.000138e+002
1.564011e+003,1.000511e+002
1.564976e+003,1.000588e+002
1.565940e+003,1.000221e+002
1.566904e+003,9.999487e+001
1.567869e+003,9.999929e+001
1.568833e+003,9.999806e+001
1.569797e+003,9.997763e+001
1.570761e+003,9.999306e+001
1.571725e+003,9.999151e+001
1.572690e+003,9.999548e+001
1.573654e+003,9.998380e+001
1.574618e+003,9.996541e+001
1.575583e+003,9.992660e+001
1.576547e+003,9.992737e+001
1.577511e+003,9.996042e+001
1.578475e+003,9.994263e+001
1.579439e+003,9.991936e+001
1.580404e+003,9.990868e+001
1.581368e+003,9.992287e+001
1.582332e+003,9.993246e+001
1.583297e+003,9.990813e+001
1.584261e+003,9.990847e+001
1.585225e+003,9.989926e+001
1.586189e+003,9.988634e+001
1.587153e+003,9.990355e+001
1.588118e+003,9.989427e+001
1.589082e+003,9.988615e+001
1.590046e+003,9.989163e+001
1.591010e+003,9.989767e+001
1.591975e+003,9.990901e+001
1.592939e+003,9.989290e+001
1.593903e+003,9.985680e+001
1.594867e+003,9.984245e+001
1.595832e+003,9.983269e+001
1.596796e+003,9.983720e+001
1.597760e+003,9.985179e+001
1.598724e+003,9.982475e+001
1.599689e+003,9.978060e+001
1.600653e+003,9.976459e+001
1.601617e+003,9.976841e+001
1.602581e+003,9.975520e+001
1.603546e+003,9.974174e+001
1.604510e+003,9.972272e+001
1.605474e+003,9.971141e+001
1.606438e+003,9.968298e+001
1.607403e+003,9.964826e+001
1.608367e+003,9.962502e+001
1.609331e+003,9.961195e+001
1.610295e+003,9.958855e+001
1.611260e+003,9.956683e+001
1.612224e+003,9.951423e+001
1.613188e+003,9.947035e+001
1.614152e+003,9.947533e+001
1.615117e+003,9.943929e+001
1.616081e+003,9.936264e+001
1.617045e+003,9.929546e+001
1.618009e+003,9.924186e+001
1.618974e+003,9.915392e+001
1.619938e+003,9.909808e+001
1.620902e+003,9.905759e+001
1.621866e+003,9.895628e+001
1.622831e+003,9.880076e+001
1.623795e+003,9.864574e+001
1.624759e+003,9.846472e+001
1.625723e+003,9.826895e+001
1.626688e+003,9.808552e+001
1.627652e+003,9.785468e+001
1.628616e+003,9.760858e+001
1.629580e+003,9.735100e+001
1.630545e+003,9.709411e+001
1.631509e+003,9.686938e+001
1.632473e+003,9.663647e+001
1.633437e+003,9.642589e+001
1.634402e+003,9.623798e+001
1.635366e+003,9.603589e+001
1.636330e+003,9.584593e+001
1.637294e+003,9.571807e+001
1.638259e+003,9.569252e+001
1.639223e+003,9.582639e+001
1.640187e+003,9.613390e+001
1.641151e+003,9.658762e+001
1.642116e+003,9.712766e+001
1.643080e+003,9.769709e+001
1.644044e+003,9.817334e+001
1.645008e+003,9.856084e+001
1.645973e+003,9.884702e+001
1.646937e+003,9.902438e+001
1.647901e+003,9.918454e+001
1.648865e+003,9.930947e+001
1.649830e+003,9.937897e+001
1.650794e+003,9.942198e+001
1.651758e+003,9.944308e+001
1.652722e+003,9.943998e+001
1.653687e+003,9.944464e+001
1.654651e+003,9.946315e+001
1.655615e+003,9.949020e+001
1.656579e+003,9.949186e+001
1.657544e+003,9.948030e+001
1.658508e+003,9.945475e+001
1.659472e+003,9.945219e+001
1.660436e+003,9.943525e+001
1.661401e+003,9.941483e+001
1.662365e+003,9.940257e+001
1.663329e+003,9.937740e+001
1.664293e+003,9.934916e+001
1.665258e+003,9.930706e+001
1.666222e+003,9.928272e+001
1.667186e+003,9.924007e+001
1.668150e+003,9.920636e+001
1.669115e+003,9.916219e+001
1.670079e+003,9.910372e+001
1.671043e+003,9.906154e+001
1.672007e+003,9.899727e+001
1.672972e+003,9.894339e+001
1.673936e+003,9.886544e+001
1.674900e+003,9.877265e+001
1.675864e+003,9.866697e+001
1.676829e+003,9.857139e+001
1.677793e+003,9.846202e+001
1.678757e+003,9.835415e+001
1.679721e+003,9.825189e+001
1.680686e+003,9.811547e+001
1.681650e+003,9.792858e+001
1.682614e+003,9.773781e+001
1.683578e+003,9.752406e+001
1.684543e+003,9.725117e+001
1.685507e+003,9.699236e+001
1.686471e+003,9.676401e+001
1.687435e+003,9.648850e+001
1.688400e+003,9.615439e+001
1.689364e+003,9.584269e+001
1.690328e+003,9.553250e+001
1.691292e+003,9.520969e+001
1.692257e+003,9.489352e+001
1.693221e+003,9.458994e+001
1.694185e+003,9.431301e+001
1.695149e+003,9.404091e+001
1.696114e+003,9.380814e+001
1.697078e+003,9.363710e+001
1.698042e+003,9.349355e+001
1.699006e+003,9.333947e+001
1.699971e+003,9.318057e+001
1.700935e+003,9.307122e+001
1.701899e+003,9.298476e+001
1.702863e+003,9.285043e+001
1.703828e+003,9.269449e+001
1.704792e+003,9.249472e+001
1.705756e+003,9.219084e+001
1.706720e+003,9.175481e+001
1.707685e+003,9.123759e+001
1.708649e+003,9.062621e+001
1.709613e+003,8.988877e+001
1.710577e+003,8.901392e+001
1.711542e+003,8.808498e+001
1.712506e+003,8.710668e+001
1.713470e+003,8.608571e+001
1.714434e+003,8.504971e+001
1.715399e+003,8.399429e+001
1.716363e+003,8.299739e+001
1.717327e+003,8.205293e+001
1.718291e+003,8.114055e+001
1.719255e+003,8.036330e+001
1.720220e+003,7.973569e+001
1.721184e+003,7.928997e+001
1.722148e+003,7.911922e+001
1.723113e+003,7.924725e+001
1.724077e+003,7.967135e+001
1.725041e+003,8.041290e+001
1.726005e+003,8.148880e+001
1.726969e+003,8.280795e+001
1.727934e+003,8.423077e+001
1.728898e+003,8.565665e+001
1.729862e+003,8.698374e+001
1.730827e+003,8.817332e+001
1.731791e+003,8.914854e+001
1.732755e+003,8.991900e+001
1.733719e+003,9.057240e+001
1.734683e+003,9.112560e+001
1.735648e+003,9.157939e+001
1.736612e+003,9.196871e+001
1.737576e+003,9.230093e+001
1.738541e+003,9.259512e+001
1.739505e+003,9.287220e+001
1.740469e+003,9.313353e+001
1.741433e+003,9.339947e+001
1.742397e+003,9.367596e+001
1.743362e+003,9.391080e+001
1.744326e+003,9.412152e+001
1.745290e+003,9.434924e+001
1.746255e+003,9.459042e+001
1.747219e+003,9.484914e+001
1.748183e+003,9.508614e+001
1.749147e+003,9.528478e+001
1.750111e+003,9.552389e+001
1.751076e+003,9.574156e+001
1.752040e+003,9.592606e+001
1.753004e+003,9.613870e+001
1.753969e+003,9.634233e+001
1.754933e+003,9.654025e+001
1.755897e+003,9.674693e+001
1.756861e+003,9.692902e+001
1.757825e+003,9.714229e+001
1.758790e+003,9.736777e+001
1.759754e+003,9.759048e+001
1.760718e+003,9.779760e+001
1.761682e+003,9.800774e+001
1.762647e+003,9.822446e+001
1.763611e+003,9.839051e+001
1.764575e+003,9.856324e+001
1.765539e+003,9.872454e+001
1.766504e+003,9.886214e+001
1.767468e+003,9.898569e+001
1.768432e+003,9.908591e+001
1.769396e+003,9.917545e+001
1.770361e+003,9.925563e+001
1.771325e+003,9.934907e+001
1.772289e+003,9.937549e+001
1.773253e+003,9.939317e+001
1.774218e+003,9.947482e+001
1.775182e+003,9.954044e+001
1.776146e+003,9.954668e+001
1.777110e+003,9.957909e+001
1.778075e+003,9.963251e+001
1.779039e+003,9.964895e+001
1.780003e+003,9.965234e+001
1.780967e+003,9.968934e+001
1.781932e+003,9.970210e+001
1.782896e+003,9.970022e+001
1.783860e+003,9.972798e+001
1.784824e+003,9.975278e+001
1.785789e+003,9.977326e+001
1.786753e+003,9.977753e+001
1.787717e+003,9.978103e+001
1.788681e+003,9.977856e+001
1.789646e+003,9.977740e+001
1.790610e+003,9.980508e+001
1.791574e+003,9.982333e+001
1.792538e+003,9.986322e+001
1.793503e+003,9.989799e+001
1.794467e+003,9.989998e+001
1.795431e+003,9.988747e+001
1.796395e+003,9.989471e+001
1.797360e+003,9.991729e+001
1.798324e+003,9.991064e+001
1.799288e+003,9.990853e+001
1.800252e+003,9.991315e+001
1.801217e+003,9.993346e+001
1.802181e+003,9.995035e+001
1.803145e+003,9.997376e+001
1.804109e+003,9.998195e+001
1.805074e+003,9.999393e+001
1.806038e+003,1.000124e+002
1.807002e+003,1.000162e+002
1.807966e+003,1.000179e+002
1.808931e+003,1.000223e+002
1.809895e+003,1.000240e+002
1.810859e+003,1.000246e+002
1.811823e+003,1.000324e+002
1.812788e+003,1.000222e+002
1.813752e+003,1.000122e+002
1.814716e+003,1.000338e+002
1.815680e+003,1.000650e+002
1.816645e+003,1.000751e+002
1.817609e+003,1.000406e+002
1.818573e+003,1.000377e+002
1.819537e+003,1.000635e+002
1.820502e+003,1.000735e+002
1.821466e+003,1.000651e+002
1.822430e+003,1.000765e+002
1.823394e+003,1.000780e+002
1.824359e+003,1.000547e+002
1.825323e+003,1.000461e+002
1.826287e+003,1.000594e+002
1.827251e+003,1.000736e+002
1.828216e+003,1.000824e+002
1.829180e+003,1.000856e+002
1.830144e+003,1.000951e+002
1.831108e+003,1.001027e+002
1.832073e+003,1.001056e+002
1.833037e+003,1.001233e+002
1.834001e+003,1.001269e+002
1.834965e+003,1.001075e+002
1.835930e+003,1.001034e+002
1.836894e+003,1.001005e+002
1.837858e+003,1.001038e+002
1.838822e+003,1.001233e+002
1.839787e+003,1.001367e+002
1.840751e+003,1.001387e+002
1.841715e+003,1.001418e+002
1.842679e+003,1.001369e+002
1.843644e+003,1.001197e+002
1.844608e+003,1.001065e+002
1.845572e+003,1.001174e+002
1.846536e+003,1.001233e+002
1.847501e+003,1.001245e+002
1.848465e+003,1.001523e+002
1.849429e+003,1.001369e+002
1.850393e+003,1.001126e+002
1.851358e+003,1.001095e+002
1.852322e+003,1.001361e+002
1.853286e+003,1.001500e+002
1.854250e+003,1.001299e+002
1.855215e+003,1.001184e+002
1.856179e+003,1.001201e+002
1.857143e+003,1.001190e+002
1.858107e+003,1.001115e+002
1.859072e+003,1.001124e+002
1.860036e+003,1.001104e+002
1.861000e+003,1.001125e+002
1.861964e+003,1.001017e+002
1.862929e+003,1.000793e+002
1.863893e+003,1.000866e+002
1.864857e+003,1.001040e+002
1.865821e+003,1.001026e+002
1.866786e+003,1.000770e+002
1.867750e+003,1.000663e+002
1.868714e+003,1.000641e+002
1.869678e+003,1.000618e+002
1.870643e+003,1.000509e+002
1.871607e+003,1.000367e+002
1.872571e+003,1.000625e+002
1.873535e+003,1.000667e+002
1.874500e+003,1.000550e+002
1.875464e+003,1.000328e+002
1.876428e+003,1.000304e+002
1.877392e+003,1.000236e+002
1.878357e+003,9.998599e+001
1.879321e+003,9.999006e+001
1.880285e+003,1.000220e+002
1.881249e+003,1.000273e+002
1.882214e+003,1.000268e+002
1.883178e+003,1.000204e+002
1.884142e+003,1.000268e+002
1.885106e+003,1.000271e+002
1.886071e+003,1.000037e+002
1.887035e+003,9.996498e+001
1.887999e+003,9.996803e+001
1.888963e+003,1.000044e+002
1.889928e+003,1.000212e+002
1.890892e+003,9.999506e+001
1.891856e+003,9.997677e+001
1.892820e+003,9.997800e+001
1.893785e+003,1.000016e+002
1.894749e+003,1.000090e+002
1.895713e+003,1.000025e+002
1.896677e+003,1.000183e+002
1.897642e+003,1.000189e+002
1.898606e+003,1.000355e+002
1.899570e+003,1.000480e+002
1.900534e+003,1.000459e+002
1.901499e+003,1.000433e+002
1.902463e+003,1.000312e+002
1.903427e+003,1.000476e+002
1.904391e+003,1.000602e+002
1.905356e+003,1.000466e+002
1.906320e+003,1.000309e+002
1.907284e+003,1.000370e+002
1.908248e+003,1.000448e+002
1.909213e+003,1.000473e+002
1.910177e+003,1.000424e+002
1.911141e+003,1.000450e+002
1.912105e+003,1.000610e+002
1.913070e+003,1.000650e+002
1.914034e+003,1.000568e+002
1.914998e+003,1.000713e+002
1.915962e+003,1.000926e+002
1.916927e+003,1.000812e+002
1.917891e+003,1.000721e+002
1.918855e+003,1.000734e+002
1.919819e+003,1.000777e+002
1.920784e+003,1.000779e+002
1.921748e+003,1.000920e+002
1.922712e+003,1.001109e+002
1.923676e+003,1.001144e+002
1.924641e+003,1.001125e+002
1.925605e+003,1.001037e+002
1.926569e+003,1.001209e+002
1.927533e+003,1.001287e+002
1.928498e+003,1.001323e+002
1.929462e+003,1.001279e+002
1.930426e+003,1.000850e+002
1.931390e+003,1.001057e+002
1.932354e+003,1.001504e+002
1.933319e+003,1.001195e+002
1.934283e+003,1.000883e+002
1.935247e+003,1.001118e+002
1.936212e+003,1.001339e+002
1.937176e+003,1.001433e+002
1.938140e+003,1.001529e+002
1.939104e+003,1.001564e+002
1.940068e+003,1.001556e+002
1.941033e+003,1.001524e+002
1.941997e+003,1.001419e+002
1.942961e+003,1.001394e+002
1.943926e+003,1.001563e+002
1.944890e+003,1.001813e+002
1.945854e+003,1.001787e+002
1.946818e+003,1.001621e+002
1.947782e+003,1.001463e+002
1.948747e+003,1.001461e+002
1.949711e+003,1.001787e+002
1.950675e+003,1.001863e+002
1.951640e+003,1.001817e+002
1.952604e+003,1.001843e+002
1.953568e+003,1.001744e+002
1.954532e+003,1.001851e+002
1.955496e+003,1.001940e+002
1.956461e+003,1.001962e+002
1.957425e+003,1.001873e+002
1.958389e+003,1.001602e+002
1.959354e+003,1.001571e+002
1.960318e+003,1.001709e+002
1.961282e+003,1.001725e+002
1.962246e+003,1.001794e+002
1.963210e+003,1.001789e+002
1.964175e+003,1.001782e+002
1.965139e+003,1.001616e+002
1.966103e+003,1.001531e+002
1.967068e+003,1.001749e+002
1.968032e+003,1.001882e+002
1.968996e+003,1.001769e+002
1.969960e+003,1.001870e+002
1.970924e+003,1.001978e+002
1.971889e+003,1.001828e+002
1.972853e+003,1.001877e+002
1.973817e+003,1.001579e+002
1.974781e+003,1.001363e+002
1.975746e+003,1.001642e+002
1.976710e+003,1.001781e+002
1.977674e+003,1.001538e+002
1.978638e+003,1.001834e+002
1.979603e+003,1.001929e+002
1.980567e+003,1.001672e+002
1.981531e+003,1.001881e+002
1.982495e+003,1.001890e+002
1.983460e+003,1.001690e+002
1.984424e+003,1.001745e+002
1.985388e+003,1.001713e+002
1.986352e+003,1.001657e+002
1.987317e+003,1.001372e+002
1.988281e+003,1.001068e+002
1.989245e+003,1.001128e+002
1.990209e+003,1.001394e+002
1.991174e+003,1.001515e+002
1.992138e+003,1.001342e+002
1.993102e+003,1.001239e+002
1.994066e+003,1.001425e+002
1.995031e+003,1.001710e+002
1.995995e+003,1.001639e+002
1.996959e+003,1.001571e+002
1.997923e+003,1.001521e+002
1.998888e+003,1.001311e+002
1.999852e+003,1.001376e+002
2.000816e+003,1.001513e+002
2.001780e+003,1.001573e+002
2.002745e+003,1.001558e+002
2.003709e+003,1.001553e+002
2.004673e+003,1.001682e+002
2.005637e+003,1.001641e+002
2.006602e+003,1.001583e+002
2.007566e+003,1.001518e+002
2.008530e+003,1.001463e+002
2.009494e+003,1.001554e+002
2.010459e+003,1.001568e+002
2.011423e+003,1.001488e+002
2.012387e+003,1.001548e+002
2.013351e+003,1.001456e+002
2.014316e+003,1.001436e+002
2.015280e+003,1.001599e+002
2.016244e+003,1.001722e+002
2.017208e+003,1.001655e+002
2.018173e+003,1.001641e+002
2.019137e+003,1.001527e+002
2.020101e+003,1.001502e+002
2.021065e+003,1.001502e+002
2.022030e+003,1.001365e+002
2.022994e+003,1.001247e+002
2.023958e+003,1.001305e+002
2.024922e+003,1.001491e+002
2.025887e+003,1.001589e+002
2.026851e+003,1.001656e+002
2.027815e+003,1.001568e+002
2.028779e+003,1.001639e+002
2.029744e+003,1.001530e+002
2.030708e+003,1.001309e+002
2.031672e+003,1.001451e+002
2.032636e+003,1.001792e+002
2.033601e+003,1.001845e+002
2.034565e+003,1.001806e+002
2.035529e+003,1.001853e+002
2.036493e+003,1.001961e+002
2.037458e+003,1.001960e+002
2.038422e+003,1.001801e+002
2.039386e+003,1.001815e+002
2.040350e+003,1.001870e+002
2.041315e+003,1.001834e+002
2.042279e+003,1.001913e+002
2.043243e+003,1.002176e+002
2.044207e+003,1.002187e+002
2.045172e+003,1.002011e+002
2.046136e+003,1.002030e+002
2.047100e+003,1.002123e+002
2.048064e+003,1.001908e+002
2.049029e+003,1.001664e+002
2.049993e+003,1.001846e+002
2.050957e+003,1.001961e+002
2.051921e+003,1.001766e+002
2.052886e+003,1.001565e+002
2.053850e+003,1.001696e+002
2.054814e+003,1.001973e+002
2.055778e+003,1.002034e+002
2.056743e+003,1.002004e+002
2.057707e+003,1.001818e+002
2.058671e+003,1.001693e+002
2.059635e+003,1.001850e+002
2.060600e+003,1.001878e+002
2.061564e+003,1.001898e+002
2.062528e+003,1.002042e+002
2.063492e+003,1.002103e+002
2.064457e+003,1.001976e+002
2.065421e+003,1.002082e+002
2.066385e+003,1.002244e+002
2.067349e+003,1.002156e+002
2.068314e+003,1.002053e+002
2.069278e+003,1.002061e+002
2.070242e+003,1.002120e+002
2.071206e+003,1.002068e+002
2.072171e+003,1.002205e+002
2.073135e+003,1.002339e+002
2.074099e+003,1.002169e+002
2.075063e+003,1.001996e+002
2.076028e+003,1.002154e+002
2.076992e+003,1.002242e+002
2.077956e+003,1.002168e+002
2.078920e+003,1.002092e+002
2.079885e+003,1.002005e+002
2.080849e+003,1.001974e+002
2.081813e+003,1.001825e+002
2.082777e+003,1.001906e+002
2.083742e+003,1.002177e+002
2.084706e+003,1.002164e+002
2.085670e+003,1.002039e+002
2.086634e+003,1.001900e+002
2.087599e+003,1.001841e+002
2.088563e+003,1.001789e+002
2.089527e+003,1.001986e+002
2.090491e+003,1.002134e+002
2.091456e+003,1.001929e+002
2.092420e+003,1.001797e+002
2.093384e+003,1.001730e+002
2.094348e+003,1.001844e+002
2.095313e+003,1.002161e+002
2.096277e+003,1.002166e+002
2.097241e+003,1.001936e+002
2.098205e+003,1.002150e+002
2.099170e+003,1.002263e+002
2.100134e+003,1.002032e+002
2.101098e+003,1.001724e+002
2.102062e+003,1.001683e+002
2.103027e+003,1.001946e+002
2.103991e+003,1.001998e+002
2.104955e+003,1.001860e+002
2.105919e+003,1.001878e+002
2.106884e+003,1.001976e+002
2.107848e+003,1.001957e+002
2.108812e+003,1.001971e+002
2.109776e+003,1.001977e+002
2.110740e+003,1.002113e+002
2.111705e+003,1.002146e+002
2.112669e+003,1.002123e+002
2.113633e+003,1.002109e+002
2.114598e+003,1.002183e+002
2.115562e+003,1.002246e+002
2.116526e+003,1.002222e+002
2.117490e+003,1.002129e+002
2.118455e+003,1.002051e+002
2.119419e+003,1.002045e+002
2.120383e+003,1.001873e+002
2.121347e+003,1.001873e+002
2.122312e+003,1.001818e+002
2.123276e+003,1.002049e+002
2.124240e+003,1.002149e+002
2.125204e+003,1.001991e+002
2.126168e+003,1.001945e+002
2.127133e+003,1.001956e+002
2.128097e+003,1.002199e+002
2.129061e+003,1.002214e+002
2.130026e+003,1.002044e+002
2.130990e+003,1.002100e+002
2.131954e+003,1.002317e+002
2.132918e+003,1.002171e+002
2.133883e+003,1.002013e+002
2.134847e+003,1.001914e+002
2.135811e+003,1.001889e+002
2.136775e+003,1.001795e+002
2.137740e+003,1.001716e+002
2.138704e+003,1.001752e+002
2.139668e+003,1.001909e+002
2.140632e+003,1.002029e+002
2.141596e+003,1.002051e+002
2.142561e+003,1.001879e+002
2.143525e+003,1.001810e+002
2.144489e+003,1.002114e+002
2.145454e+003,1.002160e+002
2.146418e+003,1.001834e+002
2.147382e+003,1.001793e+002
2.148346e+003,1.002043e+002
2.149311e+003,1.002110e+002
2.150275e+003,1.001930e+002
2.151239e+003,1.001997e+002
2.152203e+003,1.002047e+002
2.153167e+003,1.001785e+002
2.154132e+003,1.001694e+002
2.155096e+003,1.001887e+002
2.156060e+003,1.002071e+002
2.157024e+003,1.002145e+002
2.157989e+003,1.002192e+002
2.158953e+003,1.002254e+002
2.159917e+003,1.002051e+002
2.160882e+003,1.002046e+002
2.161846e+003,1.002038e+002
2.162810e+003,1.002074e+002
2.163774e+003,1.002147e+002
2.164739e+003,1.001958e+002
2.165703e+003,1.001734e+002
2.166667e+003,1.001774e+002
2.167631e+003,1.001860e+002
2.168595e+003,1.001834e+002
2.169560e+003,1.001868e+002
2.170524e+003,1.001896e+002
2.171488e+003,1.002054e+002
2.172452e+003,1.002230e+002
2.173417e+003,1.002132e+002
2.174381e+003,1.001882e+002
2.175345e+003,1.001908e+002
2.176310e+003,1.002144e+002
2.177274e+003,1.002082e+002
2.178238e+003,1.001999e+002
2.179202e+003,1.001804e+002
2.180167e+003,1.001885e+002
2.181131e+003,1.002219e+002
2.182095e+003,1.002239e+002
2.183059e+003,1.002099e+002
2.184023e+003,1.002083e+002
2.184988e+003,1.002048e+002
2.185952e+003,1.001924e+002
2.186916e+003,1.002180e+002
2.187880e+003,1.002415e+002
2.188845e+003,1.002289e+002
2.189809e+003,1.002047e+002
2.190773e+003,1.001821e+002
2.191738e+003,1.001755e+002
2.192702e+003,1.001883e+002
2.193666e+003,1.002031e+002
2.194630e+003,1.002049e+002
2.195594e+003,1.002014e+002
2.196559e+003,1.002127e+002
2.197523e+003,1.002229e+002
2.198487e+003,1.002156e+002
2.199451e+003,1.002150e+002
2.200416e+003,1.002150e+002
2.201380e+003,1.002018e+002
2.202344e+003,1.001982e+002
2.203308e+003,1.001801e+002
2.204273e+003,1.001782e+002
2.205237e+003,1.001948e+002
2.206201e+003,1.001949e+002
2.207166e+003,1.001932e+002
2.208130e+003,1.002139e+002
2.209094e+003,1.002261e+002
2.210058e+003,1.002450e+002
2.211022e+003,1.002283e+002
2.211987e+003,1.001904e+002
2.212951e+003,1.001859e+002
2.213915e+003,1.001973e+002
2.214879e+003,1.002138e+002
2.215844e+003,1.002234e+002
2.216808e+003,1.002205e+002
2.217772e+003,1.002058e+002
2.218736e+003,1.002045e+002
2.219701e+003,1.001873e+002
2.220665e+003,1.001724e+002
2.221629e+003,1.001721e+002
2.222594e+003,1.001799e+002
2.223558e+003,1.002029e+002
2.224522e+003,1.002320e+002
2.225486e+003,1.002452e+002
2.226450e+003,1.002205e+002
2.227415e+003,1.002137e+002
2.228379e+003,1.001937e+002
2.229343e+003,1.001862e+002
2.230307e+003,1.002031e+002
2.231272e+003,1.002035e+002
2.232236e+003,1.002061e+002
2.233200e+003,1.002079e+002
2.234164e+003,1.001834e+002
2.235129e+003,1.001959e+002
2.236093e+003,1.001903e+002
2.237057e+003,1.001634e+002
2.238021e+003,1.001676e+002
2.238986e+003,1.001916e+002
2.239950e+003,1.002098e+002
2.240914e+003,1.002177e+002
2.241878e+003,1.002087e+002
2.242843e+003,1.002073e+002
2.243807e+003,1.002158e+002
2.244771e+003,1.002195e+002
2.245735e+003,1.002100e+002
2.246700e+003,1.001899e+002
2.247664e+003,1.001868e+002
2.248628e+003,1.001913e+002
2.249592e+003,1.001948e+002
2.250557e+003,1.001935e+002
2.251521e+003,1.002011e+002
2.252485e+003,1.002022e+002
2.253449e+003,1.001990e+002
2.254414e+003,1.001862e+002
2.255378e+003,1.001830e+002
2.256342e+003,1.002113e+002
2.257306e+003,1.002248e+002
2.258271e+003,1.002075e+002
2.259235e+003,1.001838e+002
2.260199e+003,1.001929e+002
2.261163e+003,1.001998e+002
2.262128e+003,1.001867e+002
2.263092e+003,1.001935e+002
2.264056e+003,1.002065e+002
2.265020e+003,1.002039e+002
2.265985e+003,1.002083e+002
2.266949e+003,1.001990e+002
2.267913e+003,1.001889e+002
2.268877e+003,1.001920e+002
2.269842e+003,1.001989e+002
2.270806e+003,1.002004e+002
2.271770e+003,1.002137e+002
2.272734e+003,1.002412e+002
2.273699e+003,1.002199e+002
2.274663e+003,1.002022e+002
2.275627e+003,1.002059e+002
2.276591e+003,1.002125e+002
2.277556e+003,1.002345e+002
2.278520e+003,1.002188e+002
2.279484e+003,1.001800e+002
2.280448e+003,1.001845e+002
2.281413e+003,1.001999e+002
2.282377e+003,1.001976e+002
2.283341e+003,1.002038e+002
2.284305e+003,1.002132e+002
2.285270e+003,1.002336e+002
2.286234e+003,1.002304e+002
2.287198e+003,1.001990e+002
2.288162e+003,1.001938e+002
2.289127e+003,1.001996e+002
2.290091e+003,1.002018e+002
2.291055e+003,1.002083e+002
2.292019e+003,1.002207e+002
2.292984e+003,1.002185e+002
2.293948e+003,1.002188e+002
2.294912e+003,1.002375e+002
2.295876e+003,1.002425e+002
2.296841e+003,1.002165e+002
2.297805e+003,1.002032e+002
2.298769e+003,1.001947e+002
2.299733e+003,1.002074e+002
2.300698e+003,1.002126e+002
2.301662e+003,1.002090e+002
2.302626e+003,1.001932e+002
2.303590e+003,1.001826e+002
2.304555e+003,1.002000e+002
2.305519e+003,1.002043e+002
2.306483e+003,1.001925e+002
2.307447e+003,1.001938e+002
2.308412e+003,1.001862e+002
2.309376e+003,1.002047e+002
2.310340e+003,1.002216e+002
2.311304e+003,1.002120e+002
2.312269e+003,1.002023e+002
2.313233e+003,1.001842e+002
2.314197e+003,1.001803e+002
2.315161e+003,1.002046e+002
2.316125e+003,1.002086e+002
2.317090e+003,1.001929e+002
2.318054e+003,1.002021e+002
2.319018e+003,1.002251e+002
2.319983e+003,1.002143e+002
2.320947e+003,1.002045e+002
2.321911e+003,1.001996e+002
2.322875e+003,1.001792e+002
2.323840e+003,1.001703e+002
2.324804e+003,1.001780e+002
2.325768e+003,1.002020e+002
2.326732e+003,1.001869e+002
2.327697e+003,1.001715e+002
2.328661e+003,1.001564e+002
2.329625e+003,1.001535e+002
2.330589e+003,1.001791e+002
2.331553e+003,1.001964e+002
2.332518e+003,1.001885e+002
2.333482e+003,1.001876e+002
2.334446e+003,1.001711e+002
2.335411e+003,1.001698e+002
2.336375e+003,1.002048e+002
2.337339e+003,1.002138e+002
2.338303e+003,1.002182e+002
2.339268e+003,1.002018e+002
2.340232e+003,1.001908e+002
2.341196e+003,1.002017e+002
2.342160e+003,1.002189e+002
2.343125e+003,1.002288e+002
2.344089e+003,1.002262e+002
2.345053e+003,1.001892e+002
2.346017e+003,1.001764e+002
2.346981e+003,1.001691e+002
2.347946e+003,1.001754e+002
2.348910e+003,1.002046e+002
2.349874e+003,1.002073e+002
2.350839e+003,1.001924e+002
2.351803e+003,1.001607e+002
2.352767e+003,1.001529e+002
2.353731e+003,1.001691e+002
2.354696e+003,1.001896e+002
2.355660e+003,1.001830e+002
2.356624e+003,1.001732e+002
2.357588e+003,1.001777e+002
2.358552e+003,1.001919e+002
2.359517e+003,1.001921e+002
2.360481e+003,1.001583e+002
2.361445e+003,1.001618e+002
2.362409e+003,1.001947e+002
2.363374e+003,1.002004e+002
2.364338e+003,1.001942e+002
2.365302e+003,1.002005e+002
2.366267e+003,1.001819e+002
2.367231e+003,1.001682e+002
2.368195e+003,1.001615e+002
2.369159e+003,1.001477e+002
2.370124e+003,1.001622e+002
2.371088e+003,1.001793e+002
2.372052e+003,1.001625e+002
2.373016e+003,1.001537e+002
2.373980e+003,1.001744e+002
2.374945e+003,1.001918e+002
2.375909e+003,1.001891e+002
2.376873e+003,1.001869e+002
2.377837e+003,1.001819e+002
2.378802e+003,1.001661e+002
2.379766e+003,1.001752e+002
2.380730e+003,1.001880e+002
2.381695e+003,1.001926e+002
2.382659e+003,1.001860e+002
2.383623e+003,1.001910e+002
2.384587e+003,1.002097e+002
2.385552e+003,1.002112e+002
2.386516e+003,1.002164e+002
2.387480e+003,1.002251e+002
2.388444e+003,1.001927e+002
2.389408e+003,1.001720e+002
2.390373e+003,1.001731e+002
2.391337e+003,1.001703e+002
2.392301e+003,1.001572e+002
2.393265e+003,1.001452e+002
2.394230e+003,1.001640e+002
2.395194e+003,1.001889e+002
2.396158e+003,1.002047e+002
2.397123e+003,1.001729e+002
2.398087e+003,1.001448e+002
2.399051e+003,1.001732e+002
2.400015e+003,1.001811e+002
2.400979e+003,1.001911e+002
2.401944e+003,1.001844e+002
2.402908e+003,1.001705e+002
2.403872e+003,1.001802e+002
2.404836e+003,1.001896e+002
2.405801e+003,1.001759e+002
2.406765e+003,1.001589e+002
2.407729e+003,1.001553e+002
2.408693e+003,1.001781e+002
2.409658e+003,1.001822e+002
2.410622e+003,1.001565e+002
2.411586e+003,1.001520e+002
2.412551e+003,1.001517e+002
2.413515e+003,1.001523e+002
2.414479e+003,1.001511e+002
2.415443e+003,1.001434e+002
2.416407e+003,1.001321e+002
2.417372e+003,1.001309e+002
2.418336e+003,1.001491e+002
2.419300e+003,1.001527e+002
2.420264e+003,1.001395e+002
2.421229e+003,1.001462e+002
2.422193e+003,1.001675e+002
2.423157e+003,1.001471e+002
2.424121e+003,1.001281e+002
2.425086e+003,1.001573e+002
2.426050e+003,1.001608e+002
2.427014e+003,1.001588e+002
2.427979e+003,1.001564e+002
2.428943e+003,1.001371e+002
2.429907e+003,1.001374e+002
2.430871e+003,1.001433e+002
2.431835e+003,1.001649e+002
2.432800e+003,1.001863e+002
2.433764e+003,1.001840e+002
2.434728e+003,1.001677e+002
2.435692e+003,1.001732e+002
2.436657e+003,1.001645e+002
2.437621e+003,1.001619e+002
2.438585e+003,1.001507e+002
2.439549e+003,1.001702e+002
2.440514e+003,1.002121e+002
2.441478e+003,1.001883e+002
2.442442e+003,1.001615e+002
2.443406e+003,1.001523e+002
2.444371e+003,1.001588e+002
2.445335e+003,1.001531e+002
2.446299e+003,1.001579e+002
2.447263e+003,1.001605e+002
2.448228e+003,1.001785e+002
2.449192e+003,1.001643e+002
2.450156e+003,1.001592e+002
2.451120e+003,1.001833e+002
2.452085e+003,1.002002e+002
2.453049e+003,1.001781e+002
2.454013e+003,1.001553e+002
2.454977e+003,1.001558e+002
2.455942e+003,1.001582e+002
2.456906e+003,1.001704e+002
2.457870e+003,1.001701e+002
2.458834e+003,1.001675e+002
2.459799e+003,1.001851e+002
2.460763e+003,1.002086e+002
2.461727e+003,1.002091e+002
2.462691e+003,1.001901e+002
2.463656e+003,1.001615e+002
2.464620e+003,1.001464e+002
2.465584e+003,1.001593e+002
2.466548e+003,1.001710e+002
2.467513e+003,1.001442e+002
2.468477e+003,1.001464e+002
2.469441e+003,1.001578e+002
2.470405e+003,1.001614e+002
2.471370e+003,1.001701e+002
2.472334e+003,1.001805e+002
2.473298e+003,1.001812e+002
2.474262e+003,1.001865e+002
2.475227e+003,1.001850e+002
2.476191e+003,1.001804e+002
2.477155e+003,1.002049e+002
2.478119e+003,1.001980e+002
2.479084e+003,1.001768e+002
2.480048e+003,1.001758e+002
2.481012e+003,1.001745e+002
2.481976e+003,1.001652e+002
2.482941e+003,1.001613e+002
2.483905e+003,1.001602e+002
2.484869e+003,1.001569e+002
2.485833e+003,1.001641e+002
2.486798e+003,1.001685e+002
2.487762e+003,1.001620e+002
2.488726e+003,1.001703e+002
2.489690e+003,1.001725e+002
2.490655e+003,1.001705e+002
2.491619e+003,1.001858e+002
2.492583e+003,1.001819e+002
2.493547e+003,1.001574e+002
2.494512e+003,1.001470e+002
2.495476e+003,1.001763e+002
2.496440e+003,1.001627e+002
2.497404e+003,1.001391e+002
2.498369e+003,1.001423e+002
2.499333e+003,1.001600e+002
2.500297e+003,1.001784e+002
2.501261e+003,1.001922e+002
2.502226e+003,1.001816e+002
2.503190e+003,1.001724e+002
2.504154e+003,1.001704e+002
2.505118e+003,1.001690e+002
2.506083e+003,1.001627e+002
2.507047e+003,1.001758e+002
2.508011e+003,1.001886e+002
2.508975e+003,1.001681e+002
2.509940e+003,1.001717e+002
2.510904e+003,1.001659e+002
2.511868e+003,1.001506e+002
2.512832e+003,1.001861e+002
2.513797e+003,1.002017e+002
2.514761e+003,1.001875e+002
2.515725e+003,1.001488e+002
2.516689e+003,1.001156e+002
2.517654e+003,1.001406e+002
2.518618e+003,1.001719e+002
2.519582e+003,1.001807e+002
2.520546e+003,1.001811e+002
2.521510e+003,1.001407e+002
2.522475e+003,1.001310e+002
2.523439e+003,1.001431e+002
2.524403e+003,1.001421e+002
2.525368e+003,1.001513e+002
2.526332e+003,1.001408e+002
2.527296e+003,1.001479e+002
2.528260e+003,1.001611e+002
2.529225e+003,1.001751e+002
2.530189e+003,1.001693e+002
2.531153e+003,1.001843e+002
2.532117e+003,1.001954e+002
2.533082e+003,1.001774e+002
2.534046e+003,1.001683e+002
2.535010e+003,1.001563e+002
2.535974e+003,1.001471e+002
2.536938e+003,1.001464e+002
2.537903e+003,1.001292e+002
2.538867e+003,1.001358e+002
2.539831e+003,1.001585e+002
2.540796e+003,1.001710e+002
2.541760e+003,1.001644e+002
2.542724e+003,1.001746e+002
2.543688e+003,1.001967e+002
2.544653e+003,1.001855e+002
2.545617e+003,1.001315e+002
2.546581e+003,1.001029e+002
2.547545e+003,1.001309e+002
2.548510e+003,1.001402e+002
2.549474e+003,1.001292e+002
2.550438e+003,1.001488e+002
2.551402e+003,1.001519e+002
2.552366e+003,1.001327e+002
2.553331e+003,1.001552e+002
2.554295e+003,1.001857e+002
2.555259e+003,1.001720e+002
2.556224e+003,1.001395e+002
2.557188e+003,1.001437e+002
2.558152e+003,1.001359e+002
2.559116e+003,1.001461e+002
2.560081e+003,1.001428e+002
2.561045e+003,1.001222e+002
2.562009e+003,1.001429e+002
2.562973e+003,1.001534e+002
2.563938e+003,1.001451e+002
2.564902e+003,1.001375e+002
2.565866e+003,1.001285e+002
2.566830e+003,1.001501e+002
2.567794e+003,1.001758e+002
2.568759e+003,1.001848e+002
2.569723e+003,1.001860e+002
2.570687e+003,1.001552e+002
2.571652e+003,1.001442e+002
2.572616e+003,1.001503e+002
2.573580e+003,1.001318e+002
2.574544e+003,1.001147e+002
2.575509e+003,1.001184e+002
2.576473e+003,1.001311e+002
2.577437e+003,1.001328e+002
2.578401e+003,1.001322e+002
2.579365e+003,1.001440e+002
2.580330e+003,1.001270e+002
2.581294e+003,1.001080e+002
2.582258e+003,1.001160e+002
2.583222e+003,1.001480e+002
2.584187e+003,1.001709e+002
2.585151e+003,1.001553e+002
2.586115e+003,1.001159e+002
2.587080e+003,1.000949e+002
2.588044e+003,1.001077e+002
2.589008e+003,1.001343e+002
2.589972e+003,1.001475e+002
2.590937e+003,1.001362e+002
2.591901e+003,1.001290e+002
2.592865e+003,1.001487e+002
2.593829e+003,1.001443e+002
2.594793e+003,1.001419e+002
2.595758e+003,1.001538e+002
2.596722e+003,1.001514e+002
2.597686e+003,1.001631e+002
2.598650e+003,1.001599e+002
2.599615e+003,1.001278e+002
2.600579e+003,1.001244e+002
2.601543e+003,1.001227e+002
2.602508e+003,1.001032e+002
2.603472e+003,1.001257e+002
2.604436e+003,1.001540e+002
2.605400e+003,1.001310e+002
2.606365e+003,1.001213e+002
2.607329e+003,1.001391e+002
2.608293e+003,1.001596e+002
2.609257e+003,1.001472e+002
2.610221e+003,1.001245e+002
2.611186e+003,1.001214e+002
2.612150e+003,1.001239e+002
2.613114e+003,1.001294e+002
2.614078e+003,1.001340e+002
2.615043e+003,1.001404e+002
2.616007e+003,1.001366e+002
2.616971e+003,1.001529e+002
2.617936e+003,1.001765e+002
2.618900e+003,1.001684e+002
2.619864e+003,1.001153e+002
2.620828e+003,1.001019e+002
2.621792e+003,1.001449e+002
2.622757e+003,1.001684e+002
2.623721e+003,1.001665e+002
2.624685e+003,1.001814e+002
2.625649e+003,1.001846e+002
2.626614e+003,1.001527e+002
2.627578e+003,1.001254e+002
2.628542e+003,1.001290e+002
2.629506e+003,1.001575e+002
2.630471e+003,1.001464e+002
2.631435e+003,1.001196e+002
2.632399e+003,1.001118e+002
2.633364e+003,1.001283e+002
2.634328e+003,1.001465e+002
2.635292e+003,1.001382e+002
2.636256e+003,1.001356e+002
2.637220e+003,1.001409e+002
2.638185e+003,1.001355e+002
2.639149e+003,1.001393e+002
2.640113e+003,1.001407e+002
2.641077e+003,1.001633e+002
2.642042e+003,1.001597e+002
2.643006e+003,1.001323e+002
2.643970e+003,1.001249e+002
2.644934e+003,1.001204e+002
2.645899e+003,1.001112e+002
2.646863e+003,1.001253e+002
2.647827e+003,1.001344e+002
2.648792e+003,1.001206e+002
2.649756e+003,1.001208e+002
2.650720e+003,1.001319e+002
2.651684e+003,1.001398e+002
2.652648e+003,1.001358e+002
2.653613e+003,1.001264e+002
2.654577e+003,1.001356e+002
2.655541e+003,1.001677e+002
2.656505e+003,1.001695e+002
2.657470e+003,1.001782e+002
2.658434e+003,1.001910e+002
2.659398e+003,1.001759e+002
2.660362e+003,1.001639e+002
2.661327e+003,1.001518e+002
2.662291e+003,1.001267e+002
2.663255e+003,1.001189e+002
2.664219e+003,1.001341e+002
2.665184e+003,1.001372e+002
2.666148e+003,1.001394e+002
2.667112e+003,1.001521e+002
2.668076e+003,1.001554e+002
2.669041e+003,1.001468e+002
2.670005e+003,1.001197e+002
2.670969e+003,1.001193e+002
2.671933e+003,1.001288e+002
2.672898e+003,1.001232e+002
2.673862e+003,1.001151e+002
2.674826e+003,1.001103e+002
2.675790e+003,1.001083e+002
2.676755e+003,1.000958e+002
2.677719e+003,1.001085e+002
2.678683e+003,1.001396e+002
2.679647e+003,1.001389e+002
2.680612e+003,1.001272e+002
2.681576e+003,1.001359e+002
2.682540e+003,1.001290e+002
2.683504e+003,1.001105e+002
2.684469e+003,1.001449e+002
2.685433e+003,1.001608e+002
2.686397e+003,1.001515e+002
2.687361e+003,1.001300e+002
2.688326e+003,1.001067e+002
2.689290e+003,1.001093e+002
2.690254e+003,1.001237e+002
2.691218e+003,1.001030e+002
2.692183e+003,1.001106e+002
2.693147e+003,1.001380e+002
2.694111e+003,1.001175e+002
2.695075e+003,1.000683e+002
2.696040e+003,1.000798e+002
2.697004e+003,1.001251e+002
2.697968e+003,1.001375e+002
2.698932e+003,1.001285e+002
2.699896e+003,1.001219e+002
2.700861e+003,1.001358e+002
2.701825e+003,1.001461e+002
2.702789e+003,1.001452e+002
2.703754e+003,1.001354e+002
2.704718e+003,1.001501e+002
2.705682e+003,1.001478e+002
2.706646e+003,1.001324e+002
2.707611e+003,1.001425e+002
2.708575e+003,1.001438e+002
2.709539e+003,1.001229e+002
2.710503e+003,1.001273e+002
2.711468e+003,1.001358e+002
2.712432e+003,1.001012e+002
2.713396e+003,1.000984e+002
2.714360e+003,1.001251e+002
2.715325e+003,1.001487e+002
2.716289e+003,1.001457e+002
2.717253e+003,1.001407e+002
2.718217e+003,1.001324e+002
2.719182e+003,1.001507e+002
2.720146e+003,1.001567e+002
2.721110e+003,1.001341e+002
2.722074e+003,1.001084e+002
2.723039e+003,1.000863e+002
2.724003e+003,1.000822e+002
2.724967e+003,1.000988e+002
2.725931e+003,1.001094e+002
2.726896e+003,1.001048e+002
2.727860e+003,1.000884e+002
2.728824e+003,1.000653e+002
2.729788e+003,1.000767e+002
2.730753e+003,1.000976e+002
2.731717e+003,1.001046e+002
2.732681e+003,1.000918e+002
2.733645e+003,1.000800e+002
2.734610e+003,1.000979e+002
2.735574e+003,1.001054e+002
2.736538e+003,1.000792e+002
2.737502e+003,1.000626e+002
2.738467e+003,1.000580e+002
2.739431e+003,1.000533e+002
2.740395e+003,1.000500e+002
2.741359e+003,1.000621e+002
2.742323e+003,1.000775e+002
2.743288e+003,1.000997e+002
2.744252e+003,1.000753e+002
2.745216e+003,1.000690e+002
2.746181e+003,1.001141e+002
2.747145e+003,1.001266e+002
2.748109e+003,1.000977e+002
2.749073e+003,1.000756e+002
2.750038e+003,1.000583e+002
2.751002e+003,1.000392e+002
2.751966e+003,1.000474e+002
2.752930e+003,1.000745e+002
2.753895e+003,1.000864e+002
2.754859e+003,1.000627e+002
2.755823e+003,1.000511e+002
2.756787e+003,1.000610e+002
2.757751e+003,1.000671e+002
2.758716e+003,1.000768e+002
2.759680e+003,1.000845e+002
2.760644e+003,1.000829e+002
2.761609e+003,1.000695e+002
2.762573e+003,1.000632e+002
2.763537e+003,1.000616e+002
2.764501e+003,1.000467e+002
2.765466e+003,1.000880e+002
2.766430e+003,1.001097e+002
2.767394e+003,1.000648e+002
2.768358e+003,1.000725e+002
2.769323e+003,1.000953e+002
2.770287e+003,1.000953e+002
2.771251e+003,1.000779e+002
2.772215e+003,1.000675e+002
2.773179e+003,1.000702e+002
2.774144e+003,1.000594e+002
2.775108e+003,1.000606e+002
2.776072e+003,1.000747e+002
2.777037e+003,1.000475e+002
2.778001e+003,1.000387e+002
2.778965e+003,1.000571e+002
2.779929e+003,1.000465e+002
2.780894e+003,1.000638e+002
2.781858e+003,1.000765e+002
2.782822e+003,1.000447e+002
2.783786e+003,1.000028e+002
2.784750e+003,9.999245e+001
2.785715e+003,1.000278e+002
2.786679e+003,1.000216e+002
2.787643e+003,1.000226e+002
2.788607e+003,1.000241e+002
2.789572e+003,1.000281e+002
2.790536e+003,1.000085e+002
2.791500e+003,9.998539e+001
2.792465e+003,1.000092e+002
2.793429e+003,1.000189e+002
2.794393e+003,9.998927e+001
2.795357e+003,9.998879e+001
2.796322e+003,9.998363e+001
2.797286e+003,9.996793e+001
2.798250e+003,9.998974e+001
2.799214e+003,1.000201e+002
2.800178e+003,1.000348e+002
2.801143e+003,1.000255e+002
2.802107e+003,9.998674e+001
2.803071e+003,9.995039e+001
2.804035e+003,9.995021e+001
2.805000e+003,9.996015e+001
2.805964e+003,9.993281e+001
2.806928e+003,9.992855e+001
2.807893e+003,9.997446e+001
2.808857e+003,9.998147e+001
2.809821e+003,9.997549e+001
2.810785e+003,9.997446e+001
2.811750e+003,9.996746e+001
2.812714e+003,9.995029e+001
2.813678e+003,9.993836e+001
2.814642e+003,9.995231e+001
2.815606e+003,9.998131e+001
2.816571e+003,9.998759e+001
2.817535e+003,9.996497e+001
2.818499e+003,9.996497e+001
2.819463e+003,9.996840e+001
2.820428e+003,9.994676e+001
2.821392e+003,9.995867e+001
2.822356e+003,9.999108e+001
2.823321e+003,9.997810e+001
2.824285e+003,9.996658e+001
2.825249e+003,9.995563e+001
2.826213e+003,9.995242e+001
2.827177e+003,9.995757e+001
2.828142e+003,9.996339e+001
2.829106e+003,9.995512e+001
2.830070e+003,9.993674e+001
2.831034e+003,9.989804e+001
2.831999e+003,9.988473e+001
2.832963e+003,9.991213e+001
2.833927e+003,9.991378e+001
2.834891e+003,9.988168e+001
2.835856e+003,9.983016e+001
2.836820e+003,9.983181e+001
2.837784e+003,9.983756e+001
2.838749e+003,9.979775e+001
2.839713e+003,9.978699e+001
2.840677e+003,9.976684e+001
2.841641e+003,9.970786e+001
2.842605e+003,9.966956e+001
2.843570e+003,9.964031e+001
2.844534e+003,9.960658e+001
2.845498e+003,9.958057e+001
2.846462e+003,9.951371e+001
2.847427e+003,9.945073e+001
2.848391e+003,9.943950e+001
2.849355e+003,9.940283e+001
2.850319e+003,9.932552e+001
2.851284e+003,9.925903e+001
2.852248e+003,9.922923e+001
2.853212e+003,9.920165e+001
2.854177e+003,9.917841e+001
2.855141e+003,9.915555e+001
2.856105e+003,9.913320e+001
2.857069e+003,9.915288e+001
2.858033e+003,9.917286e+001
2.858998e+003,9.917448e+001
2.859962e+003,9.916702e+001
2.860926e+003,9.919830e+001
2.861890e+003,9.922980e+001
2.862855e+003,9.925179e+001
2.863819e+003,9.926869e+001
2.864783e+003,9.924359e+001
2.865747e+003,9.923607e+001
2.866712e+003,9.926038e+001
2.867676e+003,9.924702e+001
2.868640e+003,9.918697e+001
2.869604e+003,9.912729e+001
2.870569e+003,9.907702e+001
2.871533e+003,9.906708e+001
2.872497e+003,9.905118e+001
2.873461e+003,9.898991e+001
2.874426e+003,9.891638e+001
2.875390e+003,9.887754e+001
2.876354e+003,9.884409e+001
2.877318e+003,9.881861e+001
2.878283e+003,9.881400e+001
2.879247e+003,9.875782e+001
2.880211e+003,9.868962e+001
2.881175e+003,9.866068e+001
2.882140e+003,9.860813e+001
2.883104e+003,9.857266e+001
2.884068e+003,9.852540e+001
2.885032e+003,9.845844e+001
2.885997e+003,9.839381e+001
2.886961e+003,9.831554e+001
2.887925e+003,9.820235e+001
2.888889e+003,9.812792e+001
2.889854e+003,9.810059e+001
2.890818e+003,9.806751e+001
2.891782e+003,9.799911e+001
2.892746e+003,9.794162e+001
2.893711e+003,9.794115e+001
2.894675e+003,9.796451e+001
2.895639e+003,9.798875e+001
2.896603e+003,9.802934e+001
2.897568e+003,9.807991e+001
2.898532e+003,9.810586e+001
2.899496e+003,9.813008e+001
2.900460e+003,9.816602e+001
2.901425e+003,9.824315e+001
2.902389e+003,9.829087e+001
2.903353e+003,9.831816e+001
2.904317e+003,9.836610e+001
2.905281e+003,9.839426e+001
2.906246e+003,9.838622e+001
2.907210e+003,9.836614e+001
2.908174e+003,9.836367e+001
2.909139e+003,9.832748e+001
2.910103e+003,9.826926e+001
2.911067e+003,9.819946e+001
2.912031e+003,9.817016e+001
2.912996e+003,9.814734e+001
2.913960e+003,9.806730e+001
2.914924e+003,9.799029e+001
2.915888e+003,9.793568e+001
2.916853e+003,9.785806e+001
2.917817e+003,9.777024e+001
2.918781e+003,9.769248e+001
2.919745e+003,9.757491e+001
2.920709e+003,9.746250e+001
2.921674e+003,9.735826e+001
2.922638e+003,9.725390e+001
2.923602e+003,9.720433e+001
2.924567e+003,9.715775e+001
2.925531e+003,9.710349e+001
2.926495e+003,9.708548e+001
2.927459e+003,9.704481e+001
2.928424e+003,9.700965e+001
2.929388e+003,9.699590e+001
2.930352e+003,9.702921e+001
2.931316e+003,9.708334e+001
2.932281e+003,9.710788e+001
2.933245e+003,9.713910e+001
2.934209e+003,9.717453e+001
2.935173e+003,9.720522e+001
2.936137e+003,9.723003e+001
2.937102e+003,9.729806e+001
2.938066e+003,9.733866e+001
2.939030e+003,9.735506e+001
2.939995e+003,9.736163e+001
2.940959e+003,9.738863e+001
2.941923e+003,9.742930e+001
2.942887e+003,9.745178e+001
2.943852e+003,9.743276e+001
2.944816e+003,9.742666e+001
2.945780e+003,9.740128e+001
2.946744e+003,9.736854e+001
2.947708e+003,9.733147e+001
2.948673e+003,9.728992e+001
2.949637e+003,9.720030e+001
2.950601e+003,9.710311e+001
2.951566e+003,9.703817e+001
2.952530e+003,9.699986e+001
2.953494e+003,9.695540e+001
2.954458e+003,9.695277e+001
2.955423e+003,9.693973e+001
2.956387e+003,9.693029e+001
2.957351e+003,9.691790e+001
2.958315e+003,9.695725e+001
2.959280e+003,9.702131e+001
2.960244e+003,9.709008e+001
2.961208e+003,9.718203e+001
2.962172e+003,9.728995e+001
2.963136e+003,9.738060e+001
2.964101e+003,9.746798e+001
2.965065e+003,9.757201e+001
2.966029e+003,9.769277e+001
2.966994e+003,9.779185e+001
2.967958e+003,9.790888e+001
2.968922e+003,9.802061e+001
2.969886e+003,9.809631e+001
2.970851e+003,9.815422e+001
2.971815e+003,9.823370e+001
2.972779e+003,9.829814e+001
2.973743e+003,9.834882e+001
2.974708e+003,9.837929e+001
2.975672e+003,9.841940e+001
2.976636e+003,9.843844e+001
2.977600e+003,9.844318e+001
2.978564e+003,9.846880e+001
2.979529e+003,9.850553e+001
2.980493e+003,9.851391e+001
2.981457e+003,9.853947e+001
2.982422e+003,9.858685e+001
2.983386e+003,9.862206e+001
2.984350e+003,9.867738e+001
2.985314e+003,9.874899e+001
2.986279e+003,9.880231e+001
2.987243e+003,9.883356e+001
2.988207e+003,9.886719e+001
2.989171e+003,9.889975e+001
2.990135e+003,9.894468e+001
2.991100e+003,9.900068e+001
2.992064e+003,9.905628e+001
2.993028e+003,9.909265e+001
2.993992e+003,9.912326e+001
2.994957e+003,9.918803e+001
2.995921e+003,9.922714e+001
2.996885e+003,9.925849e+001
2.997850e+003,9.930362e+001
2.998814e+003,9.936964e+001
2.999778e+003,9.941789e+001
3.000742e+003,9.946862e+001
3.001707e+003,9.953055e+001
3.002671e+003,9.958114e+001
3.003635e+003,9.960197e+001
3.004599e+003,9.962100e+001
3.005563e+003,9.966959e+001
3.006528e+003,9.971246e+001
3.007492e+003,9.974258e+001
3.008456e+003,9.974780e+001
3.009420e+003,9.976217e+001
3.010385e+003,9.979076e+001
3.011349e+003,9.980833e+001
3.012313e+003,9.980392e+001
3.013278e+003,9.978241e+001
3.014242e+003,9.978385e+001
3.015206e+003,9.981528e+001
3.016170e+003,9.983331e+001
3.017135e+003,9.985256e+001
3.018099e+003,9.990214e+001
3.019063e+003,9.994313e+001
3.020027e+003,9.995630e+001
3.020991e+003,9.995438e+001
3.021956e+003,9.994315e+001
3.022920e+003,9.996805e+001
3.023884e+003,9.998939e+001
3.024848e+003,9.999239e+001
3.025813e+003,9.998444e+001
3.026777e+003,9.998651e+001
3.027741e+003,1.000128e+002
3.028706e+003,1.000223e+002
3.029670e+003,1.000431e+002
3.030634e+003,1.000241e+002
3.031598e+003,9.998868e+001
3.032563e+003,1.000047e+002
3.033527e+003,1.000526e+002
3.034491e+003,1.000556e+002
3.035455e+003,1.000335e+002
3.036419e+003,1.000670e+002
3.037384e+003,1.000717e+002
3.038348e+003,1.000454e+002
3.039312e+003,1.000508e+002
3.040276e+003,1.000552e+002
3.041241e+003,1.000546e+002
3.042205e+003,1.000378e+002
3.043169e+003,1.000313e+002
3.044134e+003,1.000637e+002
3.045098e+003,1.000864e+002
3.046062e+003,1.000479e+002
3.047026e+003,1.000285e+002
3.047990e+003,1.000309e+002
3.048955e+003,1.000545e+002
3.049919e+003,1.000662e+002
3.050883e+003,1.000574e+002
3.051847e+003,1.000786e+002
3.052812e+003,1.001030e+002
3.053776e+003,1.000892e+002
3.054740e+003,1.000683e+002
3.055704e+003,1.000767e+002
3.056669e+003,1.001062e+002
3.057633e+003,1.001011e+002
3.058597e+003,1.001003e+002
3.059562e+003,1.001072e+002
3.060526e+003,1.001023e+002
3.061490e+003,1.001252e+002
3.062454e+003,1.001421e+002
3.063418e+003,1.001187e+002
3.064383e+003,1.001060e+002
3.065347e+003,1.001516e+002
3.066311e+003,1.001488e+002
3.067275e+003,1.001397e+002
3.068240e+003,1.001428e+002
3.069204e+003,1.001250e+002
3.070168e+003,1.001089e+002
3.071132e+003,1.001244e+002
3.072097e+003,1.001394e+002
3.073061e+003,1.001267e+002
3.074025e+003,1.001528e+002
3.074990e+003,1.001641e+002
3.075954e+003,1.001320e+002
3.076918e+003,1.001409e+002
3.077882e+003,1.001680e+002
3.078846e+003,1.001699e+002
3.079811e+003,1.001537e+002
3.080775e+003,1.001483e+002
3.081739e+003,1.001019e+002
3.082703e+003,1.000993e+002
3.083668e+003,1.001441e+002
3.084632e+003,1.001612e+002
3.085596e+003,1.001536e+002
3.086560e+003,1.001290e+002
3.087525e+003,1.000864e+002
3.088489e+003,1.000713e+002
3.089453e+003,1.001069e+002
3.090417e+003,1.001320e+002
3.091382e+003,1.001137e+002
3.092346e+003,1.000979e+002
3.093310e+003,1.000862e+002
3.094274e+003,1.000718e+002
3.095239e+003,1.000817e+002
3.096203e+003,1.000720e+002
3.097167e+003,1.000717e+002
3.098131e+003,1.000516e+002
3.099096e+003,1.000381e+002
3.100060e+003,1.000654e+002
3.101024e+003,1.000563e+002
3.101988e+003,1.000172e+002
3.102953e+003,1.000210e+002
3.103917e+003,1.000287e+002
3.104881e+003,9.999590e+001
3.105845e+003,9.999493e+001
3.106810e+003,9.998074e+001
3.107774e+003,9.997395e+001
3.108738e+003,9.999438e+001
3.109702e+003,1.000424e+002
3.110667e+003,1.000729e+002
3.111631e+003,1.000449e+002
3.112595e+003,1.000327e+002
3.113559e+003,1.000308e+002
3.114524e+003,1.000476e+002
3.115488e+003,1.000666e+002
3.116452e+003,1.000991e+002
3.117416e+003,1.001013e+002
3.118381e+003,1.000880e+002
3.119345e+003,1.000894e+002
3.120309e+003,1.000994e+002
3.121273e+003,1.000774e+002
3.122238e+003,1.000963e+002
3.123202e+003,1.000994e+002
3.124166e+003,1.000993e+002
3.125130e+003,1.001147e+002
3.126094e+003,1.001462e+002
3.127059e+003,1.001532e+002
3.128023e+003,1.001258e+002
3.128987e+003,1.000956e+002
3.129952e+003,1.000956e+002
3.130916e+003,1.000980e+002
3.131880e+003,1.001096e+002
3.132844e+003,1.000995e+002
3.133809e+003,1.000939e+002
3.134773e+003,1.000872e+002
3.135737e+003,1.000870e+002
3.136701e+003,1.001206e+002
3.137666e+003,1.001274e+002
3.138630e+003,1.001248e+002
3.139594e+003,1.001470e+002
3.140558e+003,1.001509e+002
3.141522e+003,1.001139e+002
3.142487e+003,1.000923e+002
3.143451e+003,1.000919e+002
3.144415e+003,1.001058e+002
3.145380e+003,1.001010e+002
3.146344e+003,1.000888e+002
3.147308e+003,1.000963e+002
3.148272e+003,1.001233e+002
3.149237e+003,1.001222e+002
3.150201e+003,1.000845e+002
3.151165e+003,1.000572e+002
3.152129e+003,1.000606e+002
3.153094e+003,1.000637e+002
3.154058e+003,1.000711e+002
3.155022e+003,1.001355e+002
3.155986e+003,1.001487e+002
3.156950e+003,1.001064e+002
3.157915e+003,1.000694e+002
3.158879e+003,1.000567e+002
3.159843e+003,1.001032e+002
3.160808e+003,1.001500e+002
3.161772e+003,1.001415e+002
3.162736e+003,1.001081e+002
3.163700e+003,1.000869e+002
3.164665e+003,1.000701e+002
3.165629e+003,1.000773e+002
3.166593e+003,1.001021e+002
3.167557e+003,1.001123e+002
3.168521e+003,1.000968e+002
3.169486e+003,1.001000e+002
3.170450e+003,1.001063e+002
3.171414e+003,1.000783e+002
3.172378e+003,1.000629e+002
3.173343e+003,1.000737e+002
3.174307e+003,1.000812e+002
3.175271e+003,1.001152e+002
3.176236e+003,1.000947e+002
3.177200e+003,1.000825e+002
3.178164e+003,1.000988e+002
3.179128e+003,1.000640e+002
3.180093e+003,1.000359e+002
3.181057e+003,1.000373e+002
3.182021e+003,1.000561e+002
3.182985e+003,1.000797e+002
3.183949e+003,1.001155e+002
3.184914e+003,1.000956e+002
3.185878e+003,1.000754e+002
3.186842e+003,1.000875e+002
3.187806e+003,1.000863e+002
3.188771e+003,1.000878e+002
3.189735e+003,1.000975e+002
3.190699e+003,1.000852e+002
3.191664e+003,1.000547e+002
3.192628e+003,1.000371e+002
3.193592e+003,1.000452e+002
3.194556e+003,1.000717e+002
3.195521e+003,1.000660e+002
3.196485e+003,1.000403e+002
3.197449e+003,1.000399e+002
3.198413e+003,1.000491e+002
3.199377e+003,1.000678e+002
3.200342e+003,1.000638e+002
3.201306e+003,1.000447e+002
3.202270e+003,1.000643e+002
3.203235e+003,1.000783e+002
3.204199e+003,1.000796e+002
3.205163e+003,1.000607e+002
3.206127e+003,1.000191e+002
3.207092e+003,9.999812e+001
3.208056e+003,1.000176e+002
3.209020e+003,1.000409e+002
3.209984e+003,1.000452e+002
3.210948e+003,1.000498e+002
3.211913e+003,1.000452e+002
3.212877e+003,1.000447e+002
3.213841e+003,1.000717e+002
3.214805e+003,1.000596e+002
3.215770e+003,1.000434e+002
3.216734e+003,1.000404e+002
3.217698e+003,1.000369e+002
3.218663e+003,1.000245e+002
3.219627e+003,1.000416e+002
3.220591e+003,1.000461e+002
3.221555e+003,1.000619e+002
3.222520e+003,1.000790e+002
3.223484e+003,1.000331e+002
3.224448e+003,1.000172e+002
3.225412e+003,1.000067e+002
3.226376e+003,1.000219e+002
3.227341e+003,1.000231e+002
3.228305e+003,1.000174e+002
3.229269e+003,9.996745e+001
3.230233e+003,9.995821e+001
3.231198e+003,1.000231e+002
3.232162e+003,1.000426e+002
3.233126e+003,1.000072e+002
3.234091e+003,9.998046e+001
3.235055e+003,9.997449e+001
3.236019e+003,9.999107e+001
3.236983e+003,1.000205e+002
3.237948e+003,1.000144e+002
3.238912e+003,1.000102e+002
3.239876e+003,9.999195e+001
3.240840e+003,9.994386e+001
3.241804e+003,9.993298e+001
3.242769e+003,9.992294e+001
3.243733e+003,9.993061e+001
3.244697e+003,9.997437e+001
3.245661e+003,1.000016e+002
3.246626e+003,9.998074e+001
3.247590e+003,9.995530e+001
3.248554e+003,9.994403e+001
3.249519e+003,9.992474e+001
3.250483e+003,9.995589e+001
3.251447e+003,9.998000e+001
3.252411e+003,9.994778e+001
3.253375e+003,9.992066e+001
3.254340e+003,9.994082e+001
3.255304e+003,9.993455e+001
3.256268e+003,9.991268e+001
3.257232e+003,9.989999e+001
3.258197e+003,9.989056e+001
3.259161e+003,9.987540e+001
3.260125e+003,9.993584e+001
3.261089e+003,9.995839e+001
3.262054e+003,9.992527e+001
3.263018e+003,9.989029e+001
3.263982e+003,9.983147e+001
3.264947e+003,9.981693e+001
3.265911e+003,9.985664e+001
3.266875e+003,9.984473e+001
3.267839e+003,9.983710e+001
3.268803e+003,9.986996e+001
3.269768e+003,9.990454e+001
3.270732e+003,9.989282e+001
3.271696e+003,9.985252e+001
3.272660e+003,9.985854e+001
3.273625e+003,9.985979e+001
3.274589e+003,9.985425e+001
3.275553e+003,9.984124e+001
3.276517e+003,9.980391e+001
3.277482e+003,9.979589e+001
3.278446e+003,9.982007e+001
3.279410e+003,9.985205e+001
3.280375e+003,9.986390e+001
3.281339e+003,9.988091e+001
3.282303e+003,9.987666e+001
3.283267e+003,9.986253e+001
3.284231e+003,9.983875e+001
3.285196e+003,9.984105e+001
3.286160e+003,9.982704e+001
3.287124e+003,9.983218e+001
3.288088e+003,9.981742e+001
3.289053e+003,9.979824e+001
3.290017e+003,9.980592e+001
3.290981e+003,9.982150e+001
3.291945e+003,9.980957e+001
3.292910e+003,9.977261e+001
3.293874e+003,9.980618e+001
3.294838e+003,9.978613e+001
3.295802e+003,9.973154e+001
3.296767e+003,9.974871e+001
3.297731e+003,9.976157e+001
3.298695e+003,9.975896e+001
3.299659e+003,9.979017e+001
3.300624e+003,9.978743e+001
3.301588e+003,9.976309e+001
3.302552e+003,9.972822e+001
3.303516e+003,9.971000e+001
3.304481e+003,9.975010e+001
3.305445e+003,9.976601e+001
3.306409e+003,9.970598e+001
3.307373e+003,9.969677e+001
3.308338e+003,9.973918e+001
3.309302e+003,9.972037e+001
3.310266e+003,9.968439e+001
3.311230e+003,9.969673e+001
3.312195e+003,9.968183e+001
3.313159e+003,9.969265e+001
3.314123e+003,9.966978e+001
3.315087e+003,9.961132e+001
3.316052e+003,9.960977e+001
3.317016e+003,9.963895e+001
3.317980e+003,9.965653e+001
3.318944e+003,9.965025e+001
3.319909e+003,9.965770e+001
3.320873e+003,9.967074e+001
3.321837e+003,9.963956e+001
3.322801e+003,9.965324e+001
3.323766e+003,9.962979e+001
3.324730e+003,9.960636e+001
3.325694e+003,9.961941e+001
3.326658e+003,9.960268e+001
3.327623e+003,9.958743e+001
3.328587e+003,9.959184e+001
3.329551e+003,9.956062e+001
3.330515e+003,9.954263e+001
3.331479e+003,9.955089e+001
3.332444e+003,9.954676e+001
3.333408e+003,9.954298e+001
3.334372e+003,9.954751e+001
3.335337e+003,9.952911e+001
3.336301e+003,9.951604e+001
3.337265e+003,9.951684e+001
3.338229e+003,9.953112e+001
3.339194e+003,9.953346e+001
3.340158e+003,9.950863e+001
3.341122e+003,9.946303e+001
3.342086e+003,9.945921e+001
3.343051e+003,9.949152e+001
3.344015e+003,9.953403e+001
3.344979e+003,9.948780e+001
3.345943e+003,9.943649e+001
3.346907e+003,9.944836e+001
3.347872e+003,9.948109e+001
3.348836e+003,9.949516e+001
3.349800e+003,9.948360e+001
3.350765e+003,9.948179e+001
3.351729e+003,9.945484e+001
3.352693e+003,9.943503e+001
3.353657e+003,9.944850e+001
3.354622e+003,9.946847e+001
3.355586e+003,9.945869e+001
3.356550e+003,9.944186e+001
3.357514e+003,9.942883e+001
3.358479e+003,9.940846e+001
3.359443e+003,9.940097e+001
3.360407e+003,9.940661e+001
3.361371e+003,9.938676e+001
3.362335e+003,9.938462e+001
3.363300e+003,9.936077e+001
3.364264e+003,9.935110e+001
3.365228e+003,9.938310e+001
3.366193e+003,9.940077e+001
3.367157e+003,9.940086e+001
3.368121e+003,9.936089e+001
3.369085e+003,9.934314e+001
3.370050e+003,9.935521e+001
3.371014e+003,9.937063e+001
3.371978e+003,9.936928e+001
3.372942e+003,9.936187e+001
3.373906e+003,9.935114e+001
3.374871e+003,9.934557e+001
3.375835e+003,9.930035e+001
3.376799e+003,9.926746e+001
3.377763e+003,9.924775e+001
3.378728e+003,9.928158e+001
3.379692e+003,9.930565e+001
3.380656e+003,9.928080e+001
3.381621e+003,9.921914e+001
3.382585e+003,9.922356e+001
3.383549e+003,9.926971e+001
3.384513e+003,9.924495e+001
3.385478e+003,9.922184e+001
3.386442e+003,9.923328e+001
3.387406e+003,9.920966e+001
3.388370e+003,9.921643e+001
3.389334e+003,9.927714e+001
3.390299e+003,9.925616e+001
3.391263e+003,9.920782e+001
3.392227e+003,9.918475e+001
3.393191e+003,9.916063e+001
3.394156e+003,9.919176e+001
3.395120e+003,9.922179e+001
3.396084e+003,9.923676e+001
3.397049e+003,9.923682e+001
3.398013e+003,9.922122e+001
3.398977e+003,9.920461e+001
3.399941e+003,9.917934e+001
3.400906e+003,9.915746e+001
3.401870e+003,9.915979e+001
3.402834e+003,9.916541e+001
3.403798e+003,9.912591e+001
3.404762e+003,9.909190e+001
3.405727e+003,9.907593e+001
3.406691e+003,9.909765e+001
3.407655e+003,9.914403e+001
3.408619e+003,9.913136e+001
3.409584e+003,9.910563e+001
3.410548e+003,9.908689e+001
3.411512e+003,9.908146e+001
3.412477e+003,9.907745e+001
3.413441e+003,9.907486e+001
3.414405e+003,9.904912e+001
3.415369e+003,9.905746e+001
3.416333e+003,9.905959e+001
3.417298e+003,9.901227e+001
3.418262e+003,9.899984e+001
3.419226e+003,9.899346e+001
3.420190e+003,9.899069e+001
3.421155e+003,9.900332e+001
3.422119e+003,9.901542e+001
3.423083e+003,9.902425e+001
3.424047e+003,9.902341e+001
3.425012e+003,9.901212e+001
3.425976e+003,9.899900e+001
3.426940e+003,9.900051e+001
3.427905e+003,9.902734e+001
3.428869e+003,9.903493e+001
3.429833e+003,9.901253e+001
3.430797e+003,9.903566e+001
3.431761e+003,9.901994e+001
3.432726e+003,9.895653e+001
3.433690e+003,9.896078e+001
3.434654e+003,9.901808e+001
3.435618e+003,9.904688e+001
3.436583e+003,9.904861e+001
3.437547e+003,9.904119e+001
3.438511e+003,9.900621e+001
3.439475e+003,9.901408e+001
3.440440e+003,9.905959e+001
3.441404e+003,9.905627e+001
3.442368e+003,9.902116e+001
3.443333e+003,9.904526e+001
3.444297e+003,9.904302e+001
3.445261e+003,9.901933e+001
3.446225e+003,9.902664e+001
3.447189e+003,9.905267e+001
3.448154e+003,9.903239e+001
3.449118e+003,9.900060e+001
3.450082e+003,9.899416e+001
3.451046e+003,9.901609e+001
3.452011e+003,9.905789e+001
3.452975e+003,9.907234e+001
3.453939e+003,9.907491e+001
3.454904e+003,9.907056e+001
3.455868e+003,9.906212e+001
3.456832e+003,9.908475e+001
3.457796e+003,9.907675e+001
3.458760e+003,9.907442e+001
3.459725e+003,9.909460e+001
3.460689e+003,9.910091e+001
3.461653e+003,9.907055e+001
3.462617e+003,9.907005e+001
3.463582e+003,9.908338e+001
3.464546e+003,9.907198e+001
3.465510e+003,9.906489e+001
3.466474e+003,9.907664e+001
3.467439e+003,9.910194e+001
3.468403e+003,9.911082e+001
3.469367e+003,9.911234e+001
3.470332e+003,9.914353e+001
3.471296e+003,9.912106e+001
3.472260e+003,9.908966e+001
3.473224e+003,9.910043e+001
3.474188e+003,9.911134e+001
3.475153e+003,9.911501e+001
3.476117e+003,9.910907e+001
3.477081e+003,9.909115e+001
3.478045e+003,9.908581e+001
3.479010e+003,9.911133e+001
3.479974e+003,9.915778e+001
3.480938e+003,9.919110e+001
3.481902e+003,9.917344e+001
3.482867e+003,9.914621e+001
3.483831e+003,9.916587e+001
3.484795e+003,9.918304e+001
3.485760e+003,9.920403e+001
3.486724e+003,9.919884e+001
3.487688e+003,9.917234e+001
3.488652e+003,9.915892e+001
3.489616e+003,9.915012e+001
3.490581e+003,9.914319e+001
3.491545e+003,9.916438e+001
3.492509e+003,9.920161e+001
3.493473e+003,9.922111e+001
3.494438e+003,9.923207e+001
3.495402e+003,9.924463e+001
3.496366e+003,9.923775e+001
3.497330e+003,9.921273e+001
3.498295e+003,9.923542e+001
3.499259e+003,9.928532e+001
3.500223e+003,9.928267e+001
3.501188e+003,9.926141e+001
3.502152e+003,9.927776e+001
3.503116e+003,9.930250e+001
3.504080e+003,9.930774e+001
3.505044e+003,9.933320e+001
3.506009e+003,9.933662e+001
3.506973e+003,9.933928e+001
3.507937e+003,9.936092e+001
3.508901e+003,9.937518e+001
3.509866e+003,9.938653e+001
3.510830e+003,9.938792e+001
3.511794e+003,9.938985e+001
3.512758e+003,9.937562e+001
3.513723e+003,9.938371e+001
3.514687e+003,9.939941e+001
3.515651e+003,9.940723e+001
3.516615e+003,9.942587e+001
3.517580e+003,9.943688e+001
3.518544e+003,9.945080e+001
3.519508e+003,9.947732e+001
3.520472e+003,9.947137e+001
3.521437e+003,9.946629e+001
3.522401e+003,9.953949e+001
3.523365e+003,9.958264e+001
3.524329e+003,9.956787e+001
3.525294e+003,9.955882e+001
3.526258e+003,9.953039e+001
3.527222e+003,9.954712e+001
3.528186e+003,9.959795e+001
3.529151e+003,9.962138e+001
3.530115e+003,9.959665e+001
3.531079e+003,9.961967e+001
3.532043e+003,9.967136e+001
3.533008e+003,9.964117e+001
3.533972e+003,9.961031e+001
3.534936e+003,9.964083e+001
3.535900e+003,9.965050e+001
3.536865e+003,9.970243e+001
3.537829e+003,9.976669e+001
3.538793e+003,9.974988e+001
3.539757e+003,9.971606e+001
3.540722e+003,9.971696e+001
3.541686e+003,9.971208e+001
3.542650e+003,9.974483e+001
3.543614e+003,9.980096e+001
3.544579e+003,9.979539e+001
3.545543e+003,9.980045e+001
3.546507e+003,9.982078e+001
3.547471e+003,9.983023e+001
3.548436e+003,9.986950e+001
3.549400e+003,9.992271e+001
3.550364e+003,9.994663e+001
3.551328e+003,9.994758e+001
3.552292e+003,9.990460e+001
3.553257e+003,9.988921e+001
3.554221e+003,9.994271e+001
3.555185e+003,9.998370e+001
3.556150e+003,9.996088e+001
3.557114e+003,9.999433e+001
3.558078e+003,1.000543e+002
3.559042e+003,1.000695e+002
3.560007e+003,1.000481e+002
3.560971e+003,1.000223e+002
3.561935e+003,9.999391e+001
3.562899e+003,1.000379e+002
3.563864e+003,1.000977e+002
3.564828e+003,1.001087e+002
3.565792e+003,1.001013e+002
3.566756e+003,1.001104e+002
3.567720e+003,1.001206e+002
3.568685e+003,1.001580e+002
3.569649e+003,1.001863e+002
3.570613e+003,1.001900e+002
3.571578e+003,1.001639e+002
3.572542e+003,1.001384e+002
3.573506e+003,1.001488e+002
3.574470e+003,1.001729e+002
3.575435e+003,1.002203e+002
3.576399e+003,1.002241e+002
3.577363e+003,1.002136e+002
3.578327e+003,1.002293e+002
3.579292e+003,1.002181e+002
3.580256e+003,1.002406e+002
3.581220e+003,1.002872e+002
3.582184e+003,1.002714e+002
3.583148e+003,1.002389e+002
3.584113e+003,1.002331e+002
3.585077e+003,1.002901e+002
3.586041e+003,1.003248e+002
3.587006e+003,1.002971e+002
3.587970e+003,1.003141e+002
3.588934e+003,1.003337e+002
3.589898e+003,1.003271e+002
3.590863e+003,1.003395e+002
3.591827e+003,1.003273e+002
3.592791e+003,1.003211e+002
3.593755e+003,1.003645e+002
3.594719e+003,1.003473e+002
3.595684e+003,1.003176e+002
3.596648e+003,1.003494e+002
3.597612e+003,1.003788e+002
3.598576e+003,1.004019e+002
3.599541e+003,1.003985e+002
3.600505e+003,1.003752e+002
3.601469e+003,1.003789e+002
3.602434e+003,1.003952e+002
3.603398e+003,1.004338e+002
3.604362e+003,1.004537e+002
3.605326e+003,1.004479e+002
3.606291e+003,1.004625e+002
3.607255e+003,1.004712e+002
3.608219e+003,1.004875e+002
3.609183e+003,1.005085e+002
3.610147e+003,1.004868e+002
3.611112e+003,1.004363e+002
3.612076e+003,1.004121e+002
3.613040e+003,1.004408e+002
3.614004e+003,1.004875e+002
3.614969e+003,1.004971e+002
3.615933e+003,1.004775e+002
3.616897e+003,1.004891e+002
3.617862e+003,1.005018e+002
3.618826e+003,1.004881e+002
3.619790e+003,1.005102e+002
3.620754e+003,1.005410e+002
3.621719e+003,1.005152e+002
3.622683e+003,1.005048e+002
3.623647e+003,1.004978e+002
3.624611e+003,1.005383e+002
3.625575e+003,1.005269e+002
3.626540e+003,1.004931e+002
3.627504e+003,1.004503e+002
3.628468e+003,1.004496e+002
3.629432e+003,1.004711e+002
3.630397e+003,1.004588e+002
3.631361e+003,1.004639e+002
3.632325e+003,1.004695e+002
3.633290e+003,1.004784e+002
3.634254e+003,1.005046e+002
3.635218e+003,1.005235e+002
3.636182e+003,1.005100e+002
3.637146e+003,1.005205e+002
3.638111e+003,1.005724e+002
3.639075e+003,1.005914e+002
3.640039e+003,1.005941e+002
3.641003e+003,1.006152e+002
3.641968e+003,1.006120e+002
3.642932e+003,1.005822e+002
3.643896e+003,1.005641e+002
3.644860e+003,1.005857e+002
3.645825e+003,1.005735e+002
3.646789e+003,1.005563e+002
3.647753e+003,1.005748e+002
3.648718e+003,1.005766e+002
3.649682e+003,1.005508e+002
3.650646e+003,1.005652e+002
3.651610e+003,1.006276e+002
3.652574e+003,1.006398e+002
3.653539e+003,1.006128e+002
3.654503e+003,1.005938e+002
3.655467e+003,1.005840e+002
3.656431e+003,1.005490e+002
3.657396e+003,1.005643e+002
3.658360e+003,1.005532e+002
3.659324e+003,1.005873e+002
3.660288e+003,1.006000e+002
3.661253e+003,1.005954e+002
3.662217e+003,1.005924e+002
3.663181e+003,1.005966e+002
3.664146e+003,1.005786e+002
3.665110e+003,1.005554e+002
3.666074e+003,1.005646e+002
3.667038e+003,1.005816e+002
3.668002e+003,1.005799e+002
3.668967e+003,1.005731e+002
3.669931e+003,1.005738e+002
3.670895e+003,1.005574e+002
3.671859e+003,1.005564e+002
3.672824e+003,1.006086e+002
3.673788e+003,1.006249e+002
3.674752e+003,1.006027e+002
3.675716e+003,1.005764e+002
3.676681e+003,1.005594e+002
3.677645e+003,1.005516e+002
3.678609e+003,1.006033e+002
3.679573e+003,1.006010e+002
3.680538e+003,1.005754e+002
3.681502e+003,1.005748e+002
3.682466e+003,1.005864e+002
3.683430e+003,1.006424e+002
3.684395e+003,1.006904e+002
3.685359e+003,1.006528e+002
3.686323e+003,1.005900e+002
3.687287e+003,1.005490e+002
3.688252e+003,1.005493e+002
3.689216e+003,1.005910e+002
3.690180e+003,1.006098e+002
3.691145e+003,1.006191e+002
3.692109e+003,1.006025e+002
3.693073e+003,1.006190e+002
3.694037e+003,1.006415e+002
3.695001e+003,1.006367e+002
3.695966e+003,1.006403e+002
3.696930e+003,1.006318e+002
3.697894e+003,1.006346e+002
3.698858e+003,1.006425e+002
3.699823e+003,1.006389e+002
3.700787e+003,1.006432e+002
3.701751e+003,1.006287e+002
3.702715e+003,1.006110e+002
3.703680e+003,1.006165e+002
3.704644e+003,1.006414e+002
3.705608e+003,1.006427e+002
3.706573e+003,1.006069e+002
3.707537e+003,1.005670e+002
3.708501e+003,1.005944e+002
3.709465e+003,1.006135e+002
3.710429e+003,1.006313e+002
3.711394e+003,1.006228e+002
3.712358e+003,1.005882e+002
3.713322e+003,1.006330e+002
3.714286e+003,1.006564e+002
3.715251e+003,1.006330e+002
3.716215e+003,1.006529e+002
3.717179e+003,1.006893e+002
3.718143e+003,1.006749e+002
3.719108e+003,1.006319e+002
3.720072e+003,1.006044e+002
3.721036e+003,1.006031e+002
3.722000e+003,1.006183e+002
3.722965e+003,1.006296e+002
3.723929e+003,1.006256e+002
3.724893e+003,1.005936e+002
3.725857e+003,1.006014e+002
3.726822e+003,1.006108e+002
3.727786e+003,1.006307e+002
3.728750e+003,1.006349e+002
3.729714e+003,1.006389e+002
3.730679e+003,1.006294e+002
3.731643e+003,1.006043e+002
3.732607e+003,1.005825e+002
3.733571e+003,1.005626e+002
3.734536e+003,1.006216e+002
3.735500e+003,1.006605e+002
3.736464e+003,1.006380e+002
3.737428e+003,1.006152e+002
3.738393e+003,1.006288e+002
3.739357e+003,1.006619e+002
3.740321e+003,1.006408e+002
3.741285e+003,1.005880e+002
3.742250e+003,1.006287e+002
3.743214e+003,1.006700e+002
3.744178e+003,1.006320e+002
3.745142e+003,1.005987e+002
3.746107e+003,1.006254e+002
3.747071e+003,1.006239e+002
3.748035e+003,1.006186e+002
3.748999e+003,1.005754e+002
3.749964e+003,1.005612e+002
3.750928e+003,1.006381e+002
3.751892e+003,1.006487e+002
3.752856e+003,1.006385e+002
3.753821e+003,1.006384e+002
3.754785e+003,1.006290e+002
3.755749e+003,1.006178e+002
3.756713e+003,1.006682e+002
3.757677e+003,1.006596e+002
3.758642e+003,1.006102e+002
3.759606e+003,1.005935e+002
3.760570e+003,1.006056e+002
3.761535e+003,1.006121e+002
3.762499e+003,1.006197e+002
3.763463e+003,1.006280e+002
3.764427e+003,1.006491e+002
3.765392e+003,1.006633e+002
3.766356e+003,1.006763e+002
3.767320e+003,1.006841e+002
3.768284e+003,1.006963e+002
3.769249e+003,1.006830e+002
3.770213e+003,1.006482e+002
3.771177e+003,1.006576e+002
3.772141e+003,1.006025e+002
3.773105e+003,1.005704e+002
3.774070e+003,1.005821e+002
3.775034e+003,1.005974e+002
3.775998e+003,1.006274e+002
3.776963e+003,1.006233e+002
3.777927e+003,1.006403e+002
3.778891e+003,1.006643e+002
3.779855e+003,1.006567e+002
3.780820e+003,1.006122e+002
3.781784e+003,1.005528e+002
3.782748e+003,1.005401e+002
3.783712e+003,1.005509e+002
3.784677e+003,1.005857e+002
3.785641e+003,1.006176e+002
3.786605e+003,1.006308e+002
3.787569e+003,1.006403e+002
3.788533e+003,1.006341e+002
3.789498e+003,1.006438e+002
3.790462e+003,1.006633e+002
3.791426e+003,1.006309e+002
3.792391e+003,1.005616e+002
3.793355e+003,1.005902e+002
3.794319e+003,1.006381e+002
3.795283e+003,1.006244e+002
3.796248e+003,1.005816e+002
3.797212e+003,1.005999e+002
3.798176e+003,1.005907e+002
3.799140e+003,1.005824e+002
3.800104e+003,1.006470e+002
3.801069e+003,1.006258e+002
3.802033e+003,1.005686e+002
3.802997e+003,1.005397e+002
3.803961e+003,1.005445e+002
3.804926e+003,1.005972e+002
3.805890e+003,1.006431e+002
3.806854e+003,1.005966e+002
3.807819e+003,1.006004e+002
3.808783e+003,1.006292e+002
3.809747e+003,1.005763e+002
3.810711e+003,1.005694e+002
3.811676e+003,1.005790e+002
3.812640e+003,1.006228e+002
3.813604e+003,1.006580e+002
3.814568e+003,1.006530e+002
3.815532e+003,1.006274e+002
3.816497e+003,1.005926e+002
3.817461e+003,1.005364e+002
3.818425e+003,1.005336e+002
3.819389e+003,1.005951e+002
3.820354e+003,1.006105e+002
3.821318e+003,1.005736e+002
3.822282e+003,1.005829e+002
3.823247e+003,1.006211e+002
3.824211e+003,1.005970e+002
3.825175e+003,1.006068e+002
3.826139e+003,1.006127e+002
3.827104e+003,1.005976e+002
3.828068e+003,1.006079e+002
3.829032e+003,1.006332e+002
3.829996e+003,1.005828e+002
3.830960e+003,1.005580e+002
3.831925e+003,1.006041e+002
3.832889e+003,1.006364e+002
3.833853e+003,1.006211e+002
3.834817e+003,1.006036e+002
3.835782e+003,1.006362e+002
3.836746e+003,1.006343e+002
3.837710e+003,1.006058e+002
3.838675e+003,1.006037e+002
3.839639e+003,1.006251e+002
3.840603e+003,1.006517e+002
3.841567e+003,1.006245e+002
3.842531e+003,1.006263e+002
3.843496e+003,1.006247e+002
3.844460e+003,1.006175e+002
3.845424e+003,1.006452e+002
3.846388e+003,1.006510e+002
3.847353e+003,1.006231e+002
3.848317e+003,1.006149e+002
3.849281e+003,1.006238e+002
3.850245e+003,1.006573e+002
3.851210e+003,1.006408e+002
3.852174e+003,1.005786e+002
3.853138e+003,1.005366e+002
3.854103e+003,1.005428e+002
3.855067e+003,1.005832e+002
3.856031e+003,1.006115e+002
3.856995e+003,1.005921e+002
3.857959e+003,1.006175e+002
3.858924e+003,1.006040e+002
3.859888e+003,1.005649e+002
3.860852e+003,1.005908e+002
3.861816e+003,1.006074e+002
3.862781e+003,1.006490e+002
3.863745e+003,1.006660e+002
3.864709e+003,1.006290e+002
3.865673e+003,1.005871e+002
3.866638e+003,1.006025e+002
3.867602e+003,1.006280e+002
3.868566e+003,1.006046e+002
3.869531e+003,1.005891e+002
3.870495e+003,1.006063e+002
3.871459e+003,1.005944e+002
3.872423e+003,1.006215e+002
3.873387e+003,1.006604e+002
3.874352e+003,1.006405e+002
3.875316e+003,1.006099e+002
3.876280e+003,1.006049e+002
3.877244e+003,1.006300e+002
3.878209e+003,1.006584e+002
3.879173e+003,1.006435e+002
3.880137e+003,1.006438e+002
3.881101e+003,1.006448e+002
3.882066e+003,1.006100e+002
3.883030e+003,1.005854e+002
3.883994e+003,1.005803e+002
3.884958e+003,1.005632e+002
3.885923e+003,1.005771e+002
3.886887e+003,1.006139e+002
3.887851e+003,1.006449e+002
3.888815e+003,1.006537e+002
3.889780e+003,1.006561e+002
3.890744e+003,1.006450e+002
3.891708e+003,1.005931e+002
3.892672e+003,1.005659e+002
3.893637e+003,1.005822e+002
3.894601e+003,1.005947e+002
3.895565e+003,1.005834e+002
3.896529e+003,1.005908e+002
3.897494e+003,1.006117e+002
3.898458e+003,1.006160e+002
3.899422e+003,1.005832e+002
3.900386e+003,1.005971e+002
3.901351e+003,1.006066e+002
3.902315e+003,1.006011e+002
3.903279e+003,1.006109e+002
3.904243e+003,1.005714e+002
3.905208e+003,1.005663e+002
3.906172e+003,1.005574e+002
3.907136e+003,1.005470e+002
3.908100e+003,1.005626e+002
3.909065e+003,1.005998e+002
3.910029e+003,1.006223e+002
3.910993e+003,1.006273e+002
3.911957e+003,1.006391e+002
3.912922e+003,1.006433e+002
3.913886e+003,1.006337e+002
3.914850e+003,1.006321e+002
3.915814e+003,1.006257e+002
3.916779e+003,1.006359e+002
3.917743e+003,1.006135e+002
3.918707e+003,1.005992e+002
3.919671e+003,1.006051e+002
3.920636e+003,1.006001e+002
3.921600e+003,1.005871e+002
3.922564e+003,1.006082e+002
3.923528e+003,1.006096e+002
3.924493e+003,1.006427e+002
3.925457e+003,1.006380e+002
3.926421e+003,1.005860e+002
3.927385e+003,1.005926e+002
3.928350e+003,1.006330e+002
3.929314e+003,1.006303e+002
3.930278e+003,1.006252e+002
3.931242e+003,1.006042e+002
3.932207e+003,1.005975e+002
3.933171e+003,1.005918e+002
3.934135e+003,1.006024e+002
3.935099e+003,1.005782e+002
3.936064e+003,1.005545e+002
3.937028e+003,1.005507e+002
3.937992e+003,1.005960e+002
3.938956e+003,1.006233e+002
3.939921e+003,1.005963e+002
3.940885e+003,1.005476e+002
3.941849e+003,1.005523e+002
3.942813e+003,1.006647e+002
3.943778e+003,1.006542e+002
3.944742e+003,1.005707e+002
3.945706e+003,1.005473e+002
3.946670e+003,1.006063e+002
3.947635e+003,1.006038e+002
3.948599e+003,1.005853e+002
3.949563e+003,1.006149e+002
3.950527e+003,1.006532e+002
3.951492e+003,1.006758e+002
3.952456e+003,1.006435e+002
3.953420e+003,1.005880e+002
3.954384e+003,1.006346e+002
3.955349e+003,1.006699e+002
3.956313e+003,1.006398e+002
3.957277e+003,1.006318e+002
3.958241e+003,1.006164e+002
3.959206e+003,1.005817e+002
3.960170e+003,1.005598e+002
3.961134e+003,1.005928e+002
3.962098e+003,1.006147e+002
3.963063e+003,1.006033e+002
3.964027e+003,1.006135e+002
3.964991e+003,1.006316e+002
3.965955e+003,1.006514e+002
3.966920e+003,1.006463e+002
3.967884e+003,1.005860e+002
3.968848e+003,1.005546e+002
3.969812e+003,1.005746e+002
3.970777e+003,1.006109e+002
3.971741e+003,1.006389e+002
3.972705e+003,1.006257e+002
3.973669e+003,1.006081e+002
3.974634e+003,1.006391e+002
3.975598e+003,1.006574e+002
3.976562e+003,1.006322e+002
3.977526e+003,1.006077e+002
3.978490e+003,1.006215e+002
3.979455e+003,1.006426e+002
3.980419e+003,1.006442e+002
3.981383e+003,1.006389e+002
3.982348e+003,1.006119e+002
3.983312e+003,1.006000e+002
3.984276e+003,1.005859e+002
3.985240e+003,1.005897e+002
3.986205e+003,1.005924e+002
3.987169e+003,1.006078e+002
3.988133e+003,1.005805e+002
3.989097e+003,1.005601e+002
3.990062e+003,1.005587e+002
3.991026e+003,1.005708e+002
3.991990e+003,1.005957e+002
3.992954e+003,1.005859e+002
3.993918e+003,1.005495e+002
3.994883e+003,1.005524e+002
3.995847e+003,1.005611e+002
3.996811e+003,1.005978e+002
3.997776e+003,1.006335e+002
3.998740e+003,1.006590e+002
3.999704e+003,1.006316e+002
4.000668e+003,0.000000e+000
