3.991989e+002,0.000000e+000
4.001631e+002,0.000000e+000
4.011274e+002,0.000000e+000
4.020916e+002,0.000000e+000
4.030559e+002,0.000000e+000
4.040201e+002,0.000000e+000
4.049844e+002,0.000000e+000
4.059486e+002,0.000000e+000
4.069129e+002,0.000000e+000
4.078771e+002,0.000000e+000
4.088414e+002,0.000000e+000
4.098056e+002,0.000000e+000
4.107699e+002,0.000000e+000
4.117341e+002,0.000000e+000
4.126984e+002,0.000000e+000
4.136626e+002,0.000000e+000
4.146269e+002,0.000000e+000
4.155911e+002,0.000000e+000
4.165554e+002,0.000000e+000
4.175196e+002,0.000000e+000
4.184839e+002,0.000000e+000
4.194481e+002,0.000000e+000
4.204124e+002,0.000000e+000
4.213766e+002,0.000000e+000
4.223409e+002,0.000000e+000
4.233051e+002,0.000000e+000
4.242693e+002,0.000000e+000
4.252336e+002,0.000000e+000
4.261978e+002,0.000000e+000
4.271621e+002,0.000000e+000
4.281263e+002,0.000000e+000
4.290906e+002,0.000000e+000
4.300548e+002,0.000000e+000
4.310191e+002,0.000000e+000
4.319833e+002,0.000000e+000
4.329476e+002,0.000000e+000
4.339118e+002,0.000000e+000
4.348761e+002,0.000000e+000
4.358403e+002,0.000000e+000
4.368046e+002,0.000000e+000
4.377688e+002,0.000000e+000
4.387331e+002,0.000000e+000
4.396973e+002,0.000000e+000
4.406616e+002,0.000000e+000
4.416258e+002,0.000000e+000
4.425901e+002,0.000000e+000
4.435543e+002,0.000000e+000
4.445186e+002,0.000000e+000
4.454828e+002,0.000000e+000
4.464471e+002,0.000000e+000
4.474113e+002,0.000000e+000
4.483756e+002,0.000000e+000
4.493398e+002,0.000000e+000
4.503041e+002,0.000000e+000
4.512683e+002,0.000000e+000
4.522326e+002,0.000000e+000
4.531968e+002,0.000000e+000
4.541611e+002,0.000000e+000
4.551253e+002,0.000000e+000
4.560896e+002,0.000000e+000
4.570538e+002,0.000000e+000
4.580181e+002,0.000000e+000
4.589823e+002,0.000000e+000
4.599466e+002,0.000000e+000
4.609108e+002,0.000000e+000
4.618751e+002,0.000000e+000
4.628393e+002,0.000000e+000
4.638036e+002,0.000000e+000
4.647678e+002,0.000000e+000
4.657321e+002,0.000000e+000
4.666963e+002,0.000000e+000
4.676606e+002,0.000000e+000
4.686248e+002,0.000000e+000
4.695891e+002,0.000000e+000
4.705533e+002,0.000000e+000
4.715175e+002,0.000000e+000
4.724818e+002,0.000000e+000
4.734460e+002,0.000000e+000
4.744103e+002,0.000000e+000
4.753745e+002,0.000000e+000
4.763388e+002,0.000000e+000
4.773030e+002,0.000000e+000
4.782673e+002,0.000000e+000
4.792315e+002,0.000000e+000
4.801958e+002,0.000000e+000
4.811600e+002,0.000000e+000
4.821243e+002,0.000000e+000
4.830885e+002,0.000000e+000
4.840528e+002,0.000000e+000
4.850170e+002,0.000000e+000
4.859813e+002,0.000000e+000
4.869455e+002,0.000000e+000
4.879098e+002,0.000000e+000
4.888740e+002,0.000000e+000
4.898383e+002,0.000000e+000
4.908025e+002,0.000000e+000
4.917668e+002,0.000000e+000
4.927310e+002,0.000000e+000
4.936953e+002,0.000000e+000
4.946595e+002,0.000000e+000
4.956238e+002,0.000000e+000
4.965880e+002,0.000000e+000
4.975523e+002,0.000000e+000
4.985165e+002,0.000000e+000
4.994808e+002,0.000000e+000
5.004450e+002,0.000000e+000
5.014093e+002,0.000000e+000
5.023735e+002,0.000000e+000
5.033378e+002,0.000000e+000
5.043020e+002,0.000000e+000
5.052663e+002,0.000000e+000
5.062305e+002,0.000000e+000
5.071948e+002,0.000000e+000
5.081590e+002,0.000000e+000
5.091233e+002,0.000000e+000
5.100875e+002,0.000000e+000
5.110518e+002,0.000000e+000
5.120160e+002,0.000000e+000
5.129802e+002,0.000000e+000
5.139445e+002,0.000000e+000
5.149088e+002,0.000000e+000
5.158730e+002,0.000000e+000
5.168372e+002,0.000000e+000
5.178015e+002,0.000000e+000
5.187657e+002,0.000000e+000
5.197300e+002,0.000000e+000
5.206942e+002,0.000000e+000
5.216585e+002,0.000000e+000
5.226227e+002,0.000000e+000
5.235870e+002,0.000000e+000
5.245512e+002,0.000000e+000
5.255155e+002,0.000000e+000
5.264797e+002,0.000000e+000
5.274440e+002,0.000000e+000
5.284082e+002,0.000000e+000
5.293725e+002,0.000000e+000
5.303367e+002,0.000000e+000
5.313010e+002,0.000000e+000
5.322652e+002,0.000000e+000
5.332295e+002,0.000000e+000
5.341937e+002,0.000000e+000
5.351580e+002,0.000000e+000
5.361222e+002,0.000000e+000
5.370865e+002,0.000000e+000
5.380507e+002,0.000000e+000
5.390150e+002,0.000000e+000
5.399792e+002,0.000000e+000
5.409435e+002,0.000000e+000
5.419077e+002,0.000000e+000
5.428719e+002,0.000000e+000
5.438362e+002,0.000000e+000
5.448005e+002,0.000000e+000
5.457647e+002,0.000000e+000
5.467289e+002,0.000000e+000
5.476932e+002,0.000000e+000
5.486575e+002,0.000000e+000
5.496217e+002,0.000000e+000
5.505859e+002,0.000000e+000
5.515502e+002,0.000000e+000
5.525145e+002,0.000000e+000
5.534787e+002,0.000000e+000
5.544429e+002,0.000000e+000
5.554072e+002,0.000000e+000
5.563715e+002,0.000000e+000
5.573357e+002,0.000000e+000
5.582999e+002,0.000000e+000
5.592642e+002,0.000000e+000
5.602285e+002,0.000000e+000
5.611927e+002,0.000000e+000
5.621569e+002,0.000000e+000
5.631212e+002,0.000000e+000
5.640854e+002,0.000000e+000
5.650497e+002,0.000000e+000
5.660139e+002,0.000000e+000
5.669782e+002,0.000000e+000
5.679424e+002,0.000000e+000
5.689067e+002,0.000000e+000
5.698709e+002,0.000000e+000
5.708352e+002,0.000000e+000
5.717994e+002,0.000000e+000
5.727637e+002,0.000000e+000
5.737279e+002,0.000000e+000
5.746922e+002,0.000000e+000
5.756564e+002,0.000000e+000
5.766207e+002,0.000000e+000
5.775849e+002,0.000000e+000
5.785492e+002,0.000000e+000
5.795134e+002,0.000000e+000
5.804777e+002,0.000000e+000
5.814419e+002,0.000000e+000
5.824062e+002,0.000000e+000
5.833704e+002,0.000000e+000
5.843347e+002,0.000000e+000
5.852989e+002,0.000000e+000
5.862632e+002,0.000000e+000
5.872274e+002,0.000000e+000
5.881917e+002,0.000000e+000
5.891559e+002,0.000000e+000
5.901202e+002,0.000000e+000
5.910844e+002,0.000000e+000
5.920486e+002,0.000000e+000
5.930129e+002,0.000000e+000
5.939772e+002,0.000000e+000
5.949414e+002,0.000000e+000
5.959056e+002,0.000000e+000
5.968699e+002,0.000000e+000
5.978342e+002,0.000000e+000
5.987984e+002,0.000000e+000
5.997626e+002,0.000000e+000
6.007269e+002,0.000000e+000
6.016912e+002,0.000000e+000
6.026554e+002,0.000000e+000
6.036196e+002,0.000000e+000
6.045839e+002,0.000000e+000
6.055482e+002,0.000000e+000
6.065124e+002,0.000000e+000
6.074766e+002,0.000000e+000
6.084409e+002,0.000000e+000
6.094052e+002,0.000000e+000
6.103694e+002,0.000000e+000
6.113336e+002,0.000000e+000
6.122979e+002,0.000000e+000
6.132621e+002,0.000000e+000
6.142264e+002,0.000000e+000
6.151906e+002,0.000000e+000
6.161548e+002,0.000000e+000
6.171191e+002,0.000000e+000
6.180834e+002,0.000000e+000
6.190476e+002,0.000000e+000
6.200118e+002,0.000000e+000
6.209761e+002,0.000000e+000
6.219404e+002,0.000000e+000
6.229046e+002,0.000000e+000
6.238688e+002,0.000000e+000
6.248331e+002,0.000000e+000
6.257974e+002,0.000000e+000
6.267616e+002,0.000000e+000
6.277258e+002,0.000000e+000
6.286901e+002,0.000000e+000
6.296544e+002,0.000000e+000
6.306186e+002,0.000000e+000
6.315828e+002,0.000000e+000
6.325471e+002,0.000000e+000
6.335114e+002,0.000000e+000
6.344756e+002,0.000000e+000
6.354398e+002,0.000000e+000
6.364041e+002,0.000000e+000
6.373683e+002,0.000000e+000
6.383326e+002,0.000000e+000
6.392968e+002,0.000000e+000
6.402611e+002,0.000000e+000
6.412253e+002,0.000000e+000
6.421896e+002,0.000000e+000
6.431538e+002,0.000000e+000
6.441181e+002,0.000000e+000
6.450823e+002,0.000000e+000
6.460466e+002,0.000000e+000
6.470109e+002,0.000000e+000
6.479751e+002,0.000000e+000
6.489393e+002,0.000000e+000
6.499036e+002,1.028797e+002
6.508679e+002,1.029176e+002
6.518321e+002,1.028896e+002
6.527963e+002,1.028194e+002
6.537606e+002,1.028716e+002
6.547249e+002,1.029777e+002
6.556891e+002,1.030224e+002
6.566533e+002,1.030843e+002
6.576176e+002,1.031004e+002
6.585818e+002,1.030470e+002
6.595461e+002,1.029685e+002
6.605103e+002,1.029884e+002
6.614745e+002,1.030042e+002
6.624388e+002,1.028936e+002
6.634031e+002,1.029646e+002
6.643673e+002,1.030451e+002
6.653315e+002,1.030473e+002
6.662958e+002,1.030474e+002
6.672601e+002,1.030631e+002
6.682243e+002,1.030139e+002
6.691885e+002,1.030835e+002
6.701528e+002,1.031542e+002
6.711171e+002,1.031074e+002
6.720813e+002,1.031513e+002
6.730455e+002,1.032063e+002
6.740098e+002,1.031761e+002
6.749741e+002,1.032242e+002
6.759383e+002,1.032084e+002
6.769025e+002,1.030894e+002
6.778668e+002,1.031344e+002
6.788311e+002,1.031356e+002
6.797953e+002,1.030601e+002
6.807595e+002,1.030283e+002
6.817238e+002,1.031120e+002
6.826880e+002,1.031530e+002
6.836523e+002,1.031540e+002
6.846165e+002,1.031446e+002
6.855808e+002,1.031002e+002
6.865450e+002,1.030747e+002
6.875093e+002,1.030810e+002
6.884735e+002,1.029856e+002
6.894378e+002,1.029704e+002
6.904020e+002,1.029886e+002
6.913663e+002,1.029979e+002
6.923305e+002,1.029857e+002
6.932948e+002,1.030125e+002
6.942590e+002,1.030921e+002
6.952233e+002,1.030850e+002
6.961875e+002,1.030010e+002
6.971518e+002,1.030075e+002
6.981160e+002,1.030344e+002
6.990803e+002,1.030473e+002
7.000445e+002,1.029396e+002
7.010088e+002,1.029094e+002
7.019730e+002,1.029570e+002
7.029373e+002,1.029140e+002
7.039015e+002,1.029172e+002
7.048658e+002,1.030386e+002
7.058300e+002,1.030751e+002
7.067943e+002,1.030650e+002
7.077585e+002,1.029549e+002
7.087228e+002,1.029409e+002
7.096870e+002,1.030148e+002
7.106512e+002,1.029433e+002
7.116155e+002,1.029070e+002
7.125798e+002,1.029977e+002
7.135440e+002,1.029837e+002
7.145082e+002,1.030122e+002
7.154725e+002,1.030087e+002
7.164368e+002,1.029174e+002
7.174010e+002,1.028947e+002
7.183652e+002,1.028839e+002
7.193295e+002,1.028601e+002
7.202938e+002,1.028989e+002
7.212580e+002,1.029399e+002
7.222222e+002,1.029696e+002
7.231865e+002,1.029429e+002
7.241508e+002,1.029707e+002
7.251150e+002,1.028856e+002
7.260792e+002,1.027484e+002
7.270435e+002,1.028075e+002
7.280078e+002,1.029518e+002
7.289720e+002,1.030478e+002
7.299362e+002,1.030231e+002
7.309005e+002,1.029064e+002
7.318647e+002,1.028214e+002
7.328290e+002,1.027864e+002
7.337932e+002,1.028259e+002
7.347575e+002,1.028646e+002
7.357217e+002,1.028868e+002
7.366860e+002,1.029164e+002
7.376502e+002,1.029202e+002
7.386145e+002,1.028152e+002
7.395787e+002,1.027919e+002
7.405430e+002,1.027977e+002
7.415072e+002,1.028193e+002
7.424715e+002,1.028467e+002
7.434357e+002,1.028340e+002
7.444000e+002,1.027954e+002
7.453642e+002,1.028164e+002
7.463285e+002,1.027885e+002
7.472927e+002,1.027271e+002
7.482570e+002,1.027281e+002
7.492212e+002,1.027541e+002
7.501855e+002,1.027509e+002
7.511497e+002,1.027219e+002
7.521140e+002,1.026407e+002
7.530782e+002,1.026633e+002
7.540425e+002,1.027938e+002
7.550067e+002,1.027691e+002
7.559709e+002,1.026359e+002
7.569352e+002,1.025940e+002
7.578995e+002,1.025997e+002
7.588637e+002,1.026321e+002
7.598279e+002,1.025559e+002
7.607922e+002,1.025397e+002
7.617565e+002,1.026249e+002
7.627207e+002,1.026586e+002
7.636849e+002,1.026189e+002
7.646492e+002,1.025753e+002
7.656135e+002,1.025716e+002
7.665777e+002,1.025422e+002
7.675419e+002,1.025007e+002
7.685062e+002,1.025239e+002
7.694705e+002,1.025430e+002
7.704347e+002,1.025283e+002
7.713989e+002,1.024605e+002
7.723632e+002,1.024284e+002
7.733275e+002,1.024273e+002
7.742917e+002,1.024097e+002
7.752559e+002,1.023783e+002
7.762202e+002,1.023897e+002
7.771844e+002,1.024636e+002
7.781487e+002,1.024915e+002
7.791129e+002,1.024805e+002
7.800771e+002,1.024910e+002
7.810414e+002,1.024645e+002
7.820057e+002,1.024125e+002
7.829699e+002,1.023401e+002
7.839341e+002,1.022987e+002
7.848984e+002,1.023554e+002
7.858627e+002,1.023934e+002
7.868269e+002,1.023687e+002
7.877911e+002,1.023447e+002
7.887554e+002,1.023618e+002
7.897197e+002,1.023868e+002
7.906839e+002,1.023551e+002
7.916481e+002,1.023244e+002
7.926124e+002,1.022566e+002
7.935767e+002,1.022526e+002
7.945409e+002,1.022537e+002
7.955051e+002,1.022907e+002
7.964694e+002,1.022792e+002
7.974337e+002,1.022055e+002
7.983979e+002,1.022043e+002
7.993621e+002,1.022018e+002
8.003264e+002,1.021277e+002
8.012906e+002,1.021048e+002
8.022549e+002,1.021652e+002
8.032191e+002,1.022104e+002
8.041834e+002,1.021696e+002
8.051476e+002,1.022399e+002
8.061119e+002,1.022470e+002
8.070761e+002,1.022424e+002
8.080404e+002,1.022890e+002
8.090046e+002,1.022838e+002
8.099689e+002,1.022949e+002
8.109332e+002,1.022929e+002
8.118974e+002,1.023119e+002
8.128616e+002,1.022743e+002
8.138259e+002,1.021536e+002
8.147902e+002,1.021607e+002
8.157544e+002,1.022223e+002
8.167186e+002,1.022030e+002
8.176829e+002,1.022054e+002
8.186472e+002,1.021829e+002
8.196114e+002,1.021429e+002
8.205756e+002,1.021625e+002
8.215399e+002,1.021371e+002
8.225042e+002,1.021880e+002
8.234684e+002,1.022266e+002
8.244326e+002,1.022193e+002
8.253969e+002,1.021649e+002
8.263611e+002,1.021889e+002
8.273254e+002,1.021776e+002
8.282896e+002,1.021287e+002
8.292538e+002,1.020920e+002
8.302181e+002,1.021388e+002
8.311824e+002,1.021630e+002
8.321466e+002,1.021474e+002
8.331108e+002,1.021001e+002
8.340751e+002,1.020873e+002
8.350394e+002,1.021875e+002
8.360036e+002,1.022116e+002
8.369678e+002,1.021354e+002
8.379321e+002,1.020796e+002
8.388964e+002,1.020783e+002
8.398606e+002,1.021375e+002
8.408248e+002,1.021114e+002
8.417891e+002,1.020799e+002
8.427534e+002,1.020461e+002
8.437176e+002,1.020437e+002
8.446818e+002,1.020440e+002
8.456461e+002,1.020473e+002
8.466104e+002,1.020537e+002
8.475746e+002,1.020400e+002
8.485388e+002,1.020381e+002
8.495031e+002,1.019719e+002
8.504673e+002,1.019130e+002
8.514316e+002,1.018962e+002
8.523958e+002,1.019192e+002
8.533601e+002,1.019216e+002
8.543243e+002,1.019222e+002
8.552886e+002,1.019594e+002
8.562528e+002,1.019975e+002
8.572171e+002,1.020385e+002
8.581813e+002,1.019814e+002
8.591456e+002,1.019360e+002
8.601098e+002,1.019262e+002
8.610741e+002,1.019563e+002
8.620383e+002,1.019940e+002
8.630026e+002,1.019884e+002
8.639668e+002,1.020025e+002
8.649311e+002,1.020127e+002
8.658953e+002,1.019674e+002
8.668596e+002,1.018978e+002
8.678238e+002,1.018237e+002
8.687881e+002,1.018310e+002
8.697523e+002,1.018943e+002
8.707166e+002,1.019403e+002
8.716808e+002,1.019755e+002
8.726451e+002,1.019227e+002
8.736093e+002,1.018785e+002
8.745735e+002,1.018643e+002
8.755378e+002,1.018562e+002
8.765021e+002,1.018798e+002
8.774663e+002,1.018989e+002
8.784305e+002,1.018994e+002
8.793948e+002,1.019196e+002
8.803591e+002,1.018742e+002
8.813233e+002,1.018186e+002
8.822875e+002,1.018689e+002
8.832518e+002,1.018913e+002
8.842161e+002,1.018501e+002
8.851803e+002,1.018795e+002
8.861445e+002,1.018924e+002
8.871088e+002,1.018830e+002
8.880731e+002,1.018361e+002
8.890373e+002,1.017974e+002
8.900015e+002,1.017595e+002
8.909658e+002,1.017678e+002
8.919301e+002,1.017579e+002
8.928943e+002,1.017735e+002
8.938585e+002,1.018080e+002
8.948228e+002,1.017989e+002
8.957870e+002,1.017907e+002
8.967513e+002,1.018089e+002
8.977155e+002,1.018114e+002
8.986798e+002,1.018159e+002
8.996440e+002,1.018219e+002
9.006083e+002,1.017521e+002
9.015725e+002,1.017306e+002
9.025368e+002,1.017330e+002
9.035010e+002,1.017644e+002
9.044653e+002,1.017888e+002
9.054295e+002,1.017384e+002
9.063938e+002,1.017591e+002
9.073580e+002,1.017809e+002
9.083223e+002,1.017740e+002
9.092865e+002,1.017844e+002
9.102508e+002,1.017821e+002
9.112150e+002,1.018044e+002
9.121793e+002,1.018408e+002
9.131435e+002,1.018352e+002
9.141078e+002,1.017725e+002
9.150720e+002,1.017180e+002
9.160363e+002,1.017549e+002
9.170005e+002,1.017831e+002
9.179648e+002,1.017773e+002
9.189290e+002,1.017609e+002
9.198932e+002,1.017204e+002
9.208575e+002,1.016816e+002
9.218218e+002,1.017135e+002
9.227860e+002,1.017100e+002
9.237502e+002,1.016615e+002
9.247145e+002,1.017053e+002
9.256788e+002,1.016910e+002
9.266430e+002,1.016643e+002
9.276072e+002,1.017070e+002
9.285715e+002,1.017622e+002
9.295358e+002,1.017371e+002
9.305000e+002,1.017241e+002
9.314642e+002,1.017452e+002
9.324285e+002,1.017190e+002
9.333928e+002,1.017178e+002
9.343570e+002,1.017486e+002
9.353212e+002,1.017342e+002
9.362855e+002,1.017300e+002
9.372498e+002,1.017749e+002
9.382140e+002,1.017920e+002
9.391782e+002,1.017186e+002
9.401425e+002,1.017010e+002
9.411068e+002,1.017669e+002
9.420710e+002,1.018003e+002
9.430352e+002,1.017736e+002
9.439995e+002,1.017757e+002
9.449637e+002,1.018048e+002
9.459280e+002,1.018212e+002
9.468922e+002,1.018094e+002
9.478564e+002,1.017869e+002
9.488207e+002,1.017906e+002
9.497850e+002,1.018134e+002
9.507492e+002,1.018020e+002
9.517134e+002,1.017808e+002
9.526777e+002,1.018212e+002
9.536420e+002,1.018211e+002
9.546062e+002,1.017446e+002
9.555704e+002,1.017395e+002
9.565347e+002,1.017728e+002
9.574990e+002,1.018128e+002
9.584632e+002,1.018350e+002
9.594274e+002,1.018272e+002
9.603917e+002,1.018198e+002
9.613560e+002,1.018291e+002
9.623202e+002,1.018320e+002
9.632844e+002,1.018059e+002
9.642487e+002,1.018362e+002
9.652130e+002,1.018551e+002
9.661772e+002,1.018140e+002
9.671414e+002,1.018204e+002
9.681057e+002,1.018715e+002
9.690699e+002,1.018307e+002
9.700342e+002,1.017361e+002
9.709984e+002,1.017423e+002
9.719627e+002,1.018341e+002
9.729269e+002,1.018760e+002
9.738912e+002,1.018453e+002
9.748554e+002,1.018195e+002
9.758197e+002,1.018120e+002
9.767839e+002,1.017974e+002
9.777482e+002,1.017883e+002
9.787125e+002,1.018149e+002
9.796767e+002,1.018268e+002
9.806409e+002,1.018231e+002
9.816052e+002,1.018009e+002
9.825695e+002,1.017921e+002
9.835337e+002,1.017753e+002
9.844979e+002,1.017635e+002
9.854622e+002,1.017769e+002
9.864265e+002,1.018103e+002
9.873907e+002,1.018063e+002
9.883549e+002,1.017658e+002
9.893192e+002,1.017766e+002
9.902834e+002,1.018308e+002
9.912477e+002,1.018062e+002
9.922119e+002,1.018104e+002
9.931761e+002,1.018285e+002
9.941404e+002,1.017790e+002
9.951047e+002,1.017471e+002
9.960689e+002,1.017240e+002
9.970331e+002,1.017642e+002
9.979974e+002,1.017747e+002
9.989617e+002,1.017255e+002
9.999259e+002,1.017324e+002
1.000890e+003,1.017543e+002
1.001854e+003,1.017489e+002
1.002819e+003,1.017357e+002
1.003783e+003,1.017223e+002
1.004747e+003,1.017503e+002
1.005711e+003,1.017479e+002
1.006676e+003,1.017295e+002
1.007640e+003,1.017234e+002
1.008604e+003,1.017081e+002
1.009568e+003,1.017209e+002
1.010533e+003,1.017489e+002
1.011497e+003,1.017612e+002
1.012461e+003,1.017095e+002
1.013425e+003,1.016790e+002
1.014390e+003,1.017089e+002
1.015354e+003,1.017082e+002
1.016318e+003,1.016765e+002
1.017282e+003,1.016727e+002
1.018247e+003,1.016532e+002
1.019211e+003,1.016412e+002
1.020175e+003,1.016253e+002
1.021139e+003,1.016413e+002
1.022104e+003,1.016357e+002
1.023068e+003,1.016186e+002
1.024032e+003,1.016346e+002
1.024996e+003,1.016315e+002
1.025961e+003,1.016204e+002
1.026925e+003,1.016513e+002
1.027889e+003,1.016825e+002
1.028853e+003,1.016516e+002
1.029818e+003,1.016428e+002
1.030782e+003,1.016395e+002
1.031746e+003,1.016277e+002
1.032710e+003,1.016531e+002
1.033675e+003,1.016541e+002
1.034639e+003,1.016701e+002
1.035603e+003,1.017094e+002
1.036567e+003,1.016515e+002
1.037532e+003,1.015864e+002
1.038496e+003,1.016200e+002
1.039460e+003,1.016656e+002
1.040424e+003,1.016475e+002
1.041389e+003,1.015724e+002
1.042353e+003,1.015706e+002
1.043317e+003,1.015829e+002
1.044281e+003,1.015668e+002
1.045246e+003,1.015795e+002
1.046210e+003,1.015968e+002
1.047174e+003,1.016077e+002
1.048138e+003,1.015779e+002
1.049103e+003,1.015465e+002
1.050067e+003,1.015498e+002
1.051031e+003,1.015891e+002
1.051995e+003,1.015645e+002
1.052960e+003,1.015529e+002
1.053924e+003,1.015454e+002
1.054888e+003,1.015770e+002
1.055852e+003,1.015951e+002
1.056817e+003,1.015596e+002
1.057781e+003,1.015372e+002
1.058745e+003,1.015445e+002
1.059709e+003,1.015430e+002
1.060674e+003,1.015487e+002
1.061638e+003,1.015860e+002
1.062602e+003,1.016163e+002
1.063566e+003,1.016129e+002
1.064531e+003,1.015741e+002
1.065495e+003,1.015760e+002
1.066459e+003,1.015822e+002
1.067423e+003,1.015895e+002
1.068388e+003,1.015894e+002
1.069352e+003,1.015890e+002
1.070316e+003,1.016149e+002
1.071280e+003,1.015871e+002
1.072245e+003,1.015652e+002
1.073209e+003,1.015933e+002
1.074173e+003,1.016238e+002
1.075137e+003,1.016079e+002
1.076102e+003,1.015910e+002
1.077066e+003,1.015731e+002
1.078030e+003,1.015852e+002
1.078994e+003,1.015542e+002
1.079959e+003,1.015086e+002
1.080923e+003,1.014936e+002
1.081887e+003,1.015199e+002
1.082851e+003,1.015217e+002
1.083816e+003,1.014952e+002
1.084780e+003,1.014728e+002
1.085744e+003,1.015054e+002
1.086708e+003,1.015145e+002
1.087673e+003,1.014746e+002
1.088637e+003,1.014408e+002
1.089601e+003,1.014302e+002
1.090565e+003,1.014485e+002
1.091530e+003,1.014303e+002
1.092494e+003,1.014197e+002
1.093458e+003,1.014083e+002
1.094422e+003,1.013831e+002
1.095387e+003,1.014049e+002
1.096351e+003,1.014082e+002
1.097315e+003,1.014294e+002
1.098279e+003,1.014270e+002
1.099244e+003,1.014083e+002
1.100208e+003,1.013868e+002
1.101172e+003,1.013515e+002
1.102136e+003,1.013811e+002
1.103101e+003,1.013763e+002
1.104065e+003,1.013887e+002
1.105029e+003,1.014178e+002
1.105993e+003,1.014478e+002
1.106958e+003,1.014770e+002
1.107922e+003,1.014653e+002
1.108886e+003,1.014440e+002
1.109850e+003,1.014538e+002
1.110815e+003,1.014517e+002
1.111779e+003,1.014361e+002
1.112743e+003,1.014082e+002
1.113707e+003,1.014105e+002
1.114672e+003,1.014285e+002
1.115636e+003,1.014686e+002
1.116600e+003,1.014708e+002
1.117564e+003,1.014868e+002
1.118529e+003,1.015173e+002
1.119493e+003,1.014882e+002
1.120457e+003,1.014772e+002
1.121421e+003,1.015063e+002
1.122385e+003,1.014700e+002
1.123350e+003,1.014453e+002
1.124314e+003,1.014568e+002
1.125278e+003,1.014718e+002
1.126243e+003,1.015258e+002
1.127207e+003,1.015960e+002
1.128171e+003,1.015366e+002
1.129135e+003,1.014826e+002
1.130099e+003,1.014999e+002
1.131064e+003,1.014984e+002
1.132028e+003,1.014674e+002
1.132992e+003,1.014460e+002
1.133957e+003,1.014323e+002
1.134921e+003,1.014317e+002
1.135885e+003,1.014008e+002
1.136849e+003,1.013525e+002
1.137813e+003,1.013392e+002
1.138778e+003,1.013090e+002
1.139742e+003,1.012789e+002
1.140706e+003,1.012763e+002
1.141671e+003,1.012663e+002
1.142635e+003,1.012602e+002
1.143599e+003,1.012550e+002
1.144563e+003,1.012303e+002
1.145527e+003,1.012784e+002
1.146492e+003,1.013257e+002
1.147456e+003,1.012807e+002
1.148420e+003,1.012584e+002
1.149385e+003,1.012632e+002
1.150349e+003,1.012418e+002
1.151313e+003,1.012831e+002
1.152277e+003,1.013193e+002
1.153241e+003,1.013333e+002
1.154206e+003,1.013056e+002
1.155170e+003,1.012767e+002
1.156134e+003,1.013003e+002
1.157099e+003,1.013361e+002
1.158063e+003,1.013285e+002
1.159027e+003,1.013144e+002
1.159991e+003,1.013285e+002
1.160955e+003,1.013686e+002
1.161920e+003,1.013940e+002
1.162884e+003,1.013812e+002
1.163848e+003,1.013745e+002
1.164813e+003,1.014028e+002
1.165777e+003,1.014200e+002
1.166741e+003,1.014104e+002
1.167705e+003,1.014192e+002
1.168669e+003,1.014137e+002
1.169634e+003,1.014286e+002
1.170598e+003,1.014576e+002
1.171562e+003,1.014650e+002
1.172526e+003,1.014558e+002
1.173491e+003,1.014491e+002
1.174455e+003,1.014622e+002
1.175419e+003,1.014615e+002
1.176383e+003,1.014126e+002
1.177348e+003,1.014020e+002
1.178312e+003,1.014380e+002
1.179276e+003,1.014669e+002
1.180240e+003,1.014605e+002
1.181205e+003,1.014491e+002
1.182169e+003,1.014382e+002
1.183133e+003,1.014373e+002
1.184097e+003,1.014048e+002
1.185062e+003,1.013567e+002
1.186026e+003,1.013436e+002
1.186990e+003,1.013588e+002
1.187954e+003,1.013509e+002
1.188919e+003,1.013449e+002
1.189883e+003,1.013748e+002
1.190847e+003,1.013672e+002
1.191811e+003,1.013355e+002
1.192776e+003,1.013247e+002
1.193740e+003,1.013361e+002
1.194704e+003,1.013432e+002
1.195668e+003,1.012795e+002
1.196633e+003,1.012605e+002
1.197597e+003,1.012788e+002
1.198561e+003,1.012892e+002
1.199525e+003,1.012942e+002
1.200490e+003,1.013034e+002
1.201454e+003,1.012595e+002
1.202418e+003,1.012620e+002
1.203382e+003,1.012679e+002
1.204347e+003,1.012520e+002
1.205311e+003,1.012538e+002
1.206275e+003,1.012845e+002
1.207239e+003,1.012897e+002
1.208204e+003,1.012608e+002
1.209168e+003,1.012875e+002
1.210132e+003,1.013010e+002
1.211096e+003,1.012624e+002
1.212061e+003,1.012577e+002
1.213025e+003,1.012814e+002
1.213989e+003,1.013070e+002
1.214953e+003,1.012613e+002
1.215918e+003,1.012290e+002
1.216882e+003,1.012460e+002
1.217846e+003,1.012335e+002
1.218810e+003,1.012174e+002
1.219775e+003,1.012340e+002
1.220739e+003,1.012273e+002
1.221703e+003,1.012064e+002
1.222667e+003,1.012072e+002
1.223632e+003,1.012348e+002
1.224596e+003,1.012265e+002
1.225560e+003,1.012105e+002
1.226524e+003,1.012198e+002
1.227489e+003,1.012279e+002
1.228453e+003,1.012236e+002
1.229417e+003,1.012084e+002
1.230381e+003,1.012480e+002
1.231346e+003,1.012654e+002
1.232310e+003,1.012264e+002
1.233274e+003,1.012215e+002
1.234238e+003,1.012584e+002
1.235203e+003,1.012507e+002
1.236167e+003,1.012728e+002
1.237131e+003,1.012897e+002
1.238095e+003,1.012627e+002
1.239060e+003,1.012436e+002
1.240024e+003,1.012481e+002
1.240988e+003,1.012578e+002
1.241952e+003,1.012551e+002
1.242917e+003,1.012483e+002
1.243881e+003,1.012624e+002
1.244845e+003,1.012819e+002
1.245809e+003,1.013047e+002
1.246774e+003,1.012744e+002
1.247738e+003,1.012415e+002
1.248702e+003,1.012516e+002
1.249666e+003,1.012728e+002
1.250631e+003,1.012797e+002
1.251595e+003,1.012825e+002
1.252559e+003,1.012624e+002
1.253523e+003,1.012419e+002
1.254488e+003,1.012333e+002
1.255452e+003,1.012219e+002
1.256416e+003,1.012150e+002
1.257380e+003,1.012200e+002
1.258345e+003,1.012319e+002
1.259309e+003,1.012507e+002
1.260273e+003,1.012416e+002
1.261237e+003,1.012273e+002
1.262202e+003,1.012452e+002
1.263166e+003,1.012776e+002
1.264130e+003,1.012567e+002
1.265094e+003,1.012441e+002
1.266059e+003,1.012688e+002
1.267023e+003,1.012598e+002
1.267987e+003,1.012436e+002
1.268951e+003,1.012474e+002
1.269916e+003,1.012696e+002
1.270880e+003,1.012804e+002
1.271844e+003,1.012858e+002
1.272808e+003,1.012801e+002
1.273773e+003,1.012918e+002
1.274737e+003,1.012844e+002
1.275701e+003,1.012794e+002
1.276665e+003,1.012671e+002
1.277630e+003,1.012466e+002
1.278594e+003,1.012322e+002
1.279558e+003,1.012738e+002
1.280522e+003,1.013035e+002
1.281487e+003,1.012659e+002
1.282451e+003,1.012741e+002
1.283415e+003,1.012684e+002
1.284379e+003,1.012442e+002
1.285344e+003,1.012152e+002
1.286308e+003,1.012147e+002
1.287272e+003,1.012365e+002
1.288236e+003,1.012446e+002
1.289201e+003,1.012377e+002
1.290165e+003,1.012469e+002
1.291129e+003,1.012307e+002
1.292093e+003,1.011805e+002
1.293057e+003,1.011890e+002
1.294022e+003,1.012255e+002
1.294986e+003,1.012387e+002
1.295950e+003,1.012150e+002
1.296915e+003,1.012112e+002
1.297879e+003,1.012115e+002
1.298843e+003,1.012037e+002
1.299807e+003,1.012034e+002
1.300771e+003,1.012248e+002
1.301736e+003,1.012203e+002
1.302700e+003,1.012071e+002
1.303664e+003,1.012277e+002
1.304629e+003,1.012512e+002
1.305593e+003,1.012563e+002
1.306557e+003,1.012761e+002
1.307521e+003,1.012837e+002
1.308486e+003,1.012935e+002
1.309450e+003,1.012915e+002
1.310414e+003,1.013126e+002
1.311378e+003,1.013051e+002
1.312343e+003,1.012726e+002
1.313307e+003,1.012742e+002
1.314271e+003,1.013067e+002
1.315235e+003,1.013041e+002
1.316200e+003,1.013377e+002
1.317164e+003,1.013680e+002
1.318128e+003,1.013298e+002
1.319092e+003,1.012894e+002
1.320057e+003,1.012866e+002
1.321021e+003,1.012972e+002
1.321985e+003,1.013031e+002
1.322949e+003,1.013007e+002
1.323914e+003,1.013178e+002
1.324878e+003,1.013198e+002
1.325842e+003,1.012948e+002
1.326806e+003,1.013028e+002
1.327771e+003,1.013085e+002
1.328735e+003,1.013075e+002
1.329699e+003,1.013014e+002
1.330663e+003,1.013011e+002
1.331628e+003,1.013321e+002
1.332592e+003,1.013363e+002
1.333556e+003,1.013208e+002
1.334520e+003,1.013119e+002
1.335484e+003,1.012941e+002
1.336449e+003,1.012873e+002
1.337413e+003,1.013137e+002
1.338377e+003,1.013089e+002
1.339342e+003,1.013081e+002
1.340306e+003,1.013234e+002
1.341270e+003,1.012980e+002
1.342234e+003,1.012879e+002
1.343198e+003,1.013229e+002
1.344163e+003,1.013338e+002
1.345127e+003,1.012843e+002
1.346091e+003,1.012475e+002
1.347056e+003,1.012637e+002
1.348020e+003,1.012951e+002
1.348984e+003,1.013104e+002
1.349948e+003,1.012771e+002
1.350912e+003,1.012583e+002
1.351877e+003,1.012505e+002
1.352841e+003,1.012647e+002
1.353805e+003,1.013063e+002
1.354770e+003,1.013137e+002
1.355734e+003,1.012787e+002
1.356698e+003,1.012651e+002
1.357662e+003,1.012489e+002
1.358626e+003,1.012380e+002
1.359591e+003,1.012419e+002
1.360555e+003,1.012778e+002
1.361519e+003,1.012645e+002
1.362484e+003,1.012478e+002
1.363448e+003,1.012334e+002
1.364412e+003,1.012243e+002
1.365376e+003,1.012412e+002
1.366340e+003,1.012737e+002
1.367305e+003,1.012492e+002
1.368269e+003,1.012248e+002
1.369233e+003,1.012439e+002
1.370198e+003,1.012670e+002
1.371162e+003,1.012489e+002
1.372126e+003,1.012263e+002
1.373090e+003,1.012305e+002
1.374054e+003,1.012259e+002
1.375019e+003,1.012108e+002
1.375983e+003,1.012096e+002
1.376947e+003,1.012088e+002
1.377911e+003,1.011880e+002
1.378876e+003,1.012179e+002
1.379840e+003,1.011896e+002
1.380804e+003,1.011615e+002
1.381768e+003,1.011392e+002
1.382733e+003,1.011206e+002
1.383697e+003,1.011292e+002
1.384661e+003,1.011349e+002
1.385625e+003,1.011298e+002
1.386590e+003,1.011202e+002
1.387554e+003,1.011013e+002
1.388518e+003,1.011033e+002
1.389482e+003,1.011106e+002
1.390447e+003,1.011414e+002
1.391411e+003,1.011561e+002
1.392375e+003,1.011238e+002
1.393339e+003,1.010980e+002
1.394304e+003,1.011167e+002
1.395268e+003,1.011524e+002
1.396232e+003,1.011663e+002
1.397196e+003,1.011563e+002
1.398161e+003,1.011568e+002
1.399125e+003,1.011788e+002
1.400089e+003,1.011713e+002
1.401053e+003,1.011643e+002
1.402018e+003,1.011772e+002
1.402982e+003,1.011847e+002
1.403946e+003,1.011886e+002
1.404910e+003,1.011738e+002
1.405875e+003,1.011767e+002
1.406839e+003,1.011688e+002
1.407803e+003,1.011528e+002
1.408767e+003,1.011406e+002
1.409732e+003,1.011496e+002
1.410696e+003,1.011686e+002
1.411660e+003,1.011649e+002
1.412624e+003,1.011650e+002
1.413589e+003,1.011928e+002
1.414553e+003,1.012009e+002
1.415517e+003,1.012157e+002
1.416481e+003,1.012277e+002
1.417446e+003,1.012148e+002
1.418410e+003,1.012248e+002
1.419374e+003,1.012220e+002
1.420338e+003,1.012269e+002
1.421303e+003,1.012374e+002
1.422267e+003,1.012197e+002
1.423231e+003,1.012270e+002
1.424195e+003,1.012221e+002
1.425160e+003,1.012098e+002
1.426124e+003,1.012373e+002
1.427088e+003,1.012246e+002
1.428052e+003,1.011983e+002
1.429017e+003,1.012041e+002
1.429981e+003,1.012157e+002
1.430945e+003,1.012164e+002
1.431909e+003,1.012038e+002
1.432874e+003,1.011862e+002
1.433838e+003,1.011979e+002
1.434802e+003,1.011960e+002
1.435766e+003,1.011968e+002
1.436731e+003,1.011657e+002
1.437695e+003,1.011384e+002
1.438659e+003,1.011677e+002
1.439623e+003,1.011836e+002
1.440588e+003,1.011590e+002
1.441552e+003,1.011207e+002
1.442516e+003,1.011366e+002
1.443480e+003,1.011538e+002
1.444445e+003,1.011478e+002
1.445409e+003,1.011436e+002
1.446373e+003,1.011385e+002
1.447337e+003,1.011594e+002
1.448302e+003,1.011606e+002
1.449266e+003,1.011350e+002
1.450230e+003,1.011167e+002
1.451194e+003,1.011247e+002
1.452159e+003,1.011322e+002
1.453123e+003,1.011074e+002
1.454087e+003,1.011056e+002
1.455051e+003,1.011249e+002
1.456016e+003,1.011142e+002
1.456980e+003,1.011362e+002
1.457944e+003,1.011332e+002
1.458908e+003,1.011179e+002
1.459873e+003,1.011116e+002
1.460837e+003,1.011066e+002
1.461801e+003,1.011089e+002
1.462765e+003,1.011256e+002
1.463730e+003,1.011345e+002
1.464694e+003,1.011234e+002
1.465658e+003,1.011164e+002
1.466622e+003,1.011133e+002
1.467587e+003,1.011324e+002
1.468551e+003,1.011247e+002
1.469515e+003,1.011155e+002
1.470479e+003,1.011154e+002
1.471444e+003,1.011210e+002
1.472408e+003,1.011373e+002
1.473372e+003,1.011492e+002
1.474336e+003,1.011453e+002
1.475301e+003,1.011293e+002
1.476265e+003,1.011276e+002
1.477229e+003,1.011258e+002
1.478193e+003,1.011116e+002
1.479158e+003,1.011000e+002
1.480122e+003,1.011111e+002
1.481086e+003,1.011270e+002
1.482050e+003,1.011201e+002
1.483015e+003,1.011155e+002
1.483979e+003,1.011135e+002
1.484943e+003,1.011156e+002
1.485907e+003,1.011072e+002
1.486872e+003,1.010992e+002
1.487836e+003,1.010735e+002
1.488800e+003,1.010572e+002
1.489764e+003,1.010669e+002
1.490729e+003,1.010630e+002
1.491693e+003,1.010473e+002
1.492657e+003,1.010345e+002
1.493621e+003,1.010370e+002
1.494586e+003,1.010468e+002
1.495550e+003,1.010501e+002
1.496514e+003,1.010514e+002
1.497478e+003,1.010587e+002
1.498443e+003,1.010636e+002
1.499407e+003,1.010636e+002
1.500371e+003,1.010638e+002
1.501335e+003,1.010499e+002
1.502300e+003,1.010216e+002
1.503264e+003,1.010064e+002
1.504228e+003,1.010275e+002
1.505192e+003,1.010491e+002
1.506156e+003,1.010473e+002
1.507121e+003,1.010243e+002
1.508085e+003,1.010244e+002
1.509049e+003,1.010328e+002
1.510014e+003,1.010152e+002
1.510978e+003,1.010007e+002
1.511942e+003,1.010115e+002
1.512906e+003,1.010391e+002
1.513870e+003,1.010488e+002
1.514835e+003,1.010424e+002
1.515799e+003,1.010181e+002
1.516763e+003,1.010104e+002
1.517728e+003,1.010223e+002
1.518692e+003,1.010267e+002
1.519656e+003,1.010213e+002
1.520620e+003,1.010127e+002
1.521584e+003,1.010312e+002
1.522549e+003,1.010406e+002
1.523513e+003,1.010229e+002
1.524477e+003,1.009970e+002
1.525442e+003,1.010143e+002
1.526406e+003,1.010288e+002
1.527370e+003,1.010151e+002
1.528334e+003,1.010035e+002
1.529298e+003,1.010108e+002
1.530263e+003,1.010305e+002
1.531227e+003,1.010246e+002
1.532191e+003,1.009987e+002
1.533156e+003,1.010088e+002
1.534120e+003,1.010388e+002
1.535084e+003,1.010235e+002
1.536048e+003,1.010130e+002
1.537012e+003,1.010225e+002
1.537977e+003,1.010213e+002
1.538941e+003,1.010117e+002
1.539905e+003,1.010055e+002
1.540870e+003,1.010058e+002
1.541834e+003,1.010259e+002
1.542798e+003,1.010268e+002
1.543762e+003,1.010218e+002
1.544726e+003,1.010316e+002
1.545691e+003,1.010352e+002
1.546655e+003,1.010319e+002
1.547619e+003,1.010177e+002
1.548583e+003,1.010047e+002
1.549548e+003,1.010098e+002
1.550512e+003,1.010410e+002
1.551476e+003,1.010615e+002
1.552441e+003,1.010465e+002
1.553405e+003,1.010060e+002
1.554369e+003,1.009811e+002
1.555333e+003,1.009875e+002
1.556297e+003,1.010216e+002
1.557262e+003,1.010213e+002
1.558226e+003,1.009811e+002
1.559190e+003,1.009756e+002
1.560155e+003,1.010098e+002
1.561119e+003,1.010371e+002
1.562083e+003,1.010318e+002
1.563047e+003,1.010228e+002
1.564011e+003,1.010288e+002
1.564976e+003,1.010397e+002
1.565940e+003,1.010339e+002
1.566904e+003,1.010230e+002
1.567869e+003,1.010215e+002
1.568833e+003,1.010315e+002
1.569797e+003,1.010602e+002
1.570761e+003,1.010779e+002
1.571725e+003,1.010586e+002
1.572690e+003,1.010435e+002
1.573654e+003,1.010246e+002
1.574618e+003,1.010169e+002
1.575583e+003,1.010229e+002
1.576547e+003,1.010123e+002
1.577511e+003,1.010021e+002
1.578475e+003,1.010319e+002
1.579439e+003,1.010531e+002
1.580404e+003,1.010634e+002
1.581368e+003,1.010477e+002
1.582332e+003,1.010312e+002
1.583297e+003,1.010343e+002
1.584261e+003,1.010420e+002
1.585225e+003,1.010493e+002
1.586189e+003,1.010338e+002
1.587153e+003,1.010353e+002
1.588118e+003,1.010671e+002
1.589082e+003,1.010566e+002
1.590046e+003,1.010374e+002
1.591010e+003,1.010383e+002
1.591975e+003,1.010677e+002
1.592939e+003,1.010699e+002
1.593903e+003,1.010332e+002
1.594867e+003,1.010408e+002
1.595832e+003,1.010522e+002
1.596796e+003,1.010515e+002
1.597760e+003,1.010653e+002
1.598724e+003,1.011022e+002
1.599689e+003,1.011108e+002
1.600653e+003,1.010842e+002
1.601617e+003,1.010709e+002
1.602581e+003,1.010629e+002
1.603546e+003,1.010540e+002
1.604510e+003,1.010562e+002
1.605474e+003,1.010667e+002
1.606438e+003,1.010892e+002
1.607403e+003,1.010884e+002
1.608367e+003,1.010709e+002
1.609331e+003,1.010576e+002
1.610295e+003,1.010672e+002
1.611260e+003,1.010747e+002
1.612224e+003,1.010569e+002
1.613188e+003,1.010277e+002
1.614152e+003,1.010252e+002
1.615117e+003,1.010639e+002
1.616081e+003,1.010926e+002
1.617045e+003,1.010937e+002
1.618009e+003,1.010709e+002
1.618974e+003,1.010730e+002
1.619938e+003,1.010900e+002
1.620902e+003,1.010743e+002
1.621866e+003,1.010604e+002
1.622831e+003,1.010730e+002
1.623795e+003,1.010656e+002
1.624759e+003,1.010800e+002
1.625723e+003,1.010793e+002
1.626688e+003,1.010635e+002
1.627652e+003,1.010724e+002
1.628616e+003,1.010913e+002
1.629580e+003,1.010710e+002
1.630545e+003,1.010494e+002
1.631509e+003,1.010475e+002
1.632473e+003,1.010697e+002
1.633437e+003,1.010700e+002
1.634402e+003,1.010493e+002
1.635366e+003,1.010411e+002
1.636330e+003,1.010301e+002
1.637294e+003,1.010417e+002
1.638259e+003,1.010468e+002
1.639223e+003,1.010593e+002
1.640187e+003,1.010835e+002
1.641151e+003,1.010903e+002
1.642116e+003,1.010760e+002
1.643080e+003,1.010480e+002
1.644044e+003,1.010403e+002
1.645008e+003,1.010618e+002
1.645973e+003,1.010705e+002
1.646937e+003,1.010635e+002
1.647901e+003,1.010402e+002
1.648865e+003,1.010317e+002
1.649830e+003,1.010455e+002
1.650794e+003,1.010591e+002
1.651758e+003,1.010577e+002
1.652722e+003,1.010457e+002
1.653687e+003,1.010517e+002
1.654651e+003,1.010733e+002
1.655615e+003,1.010674e+002
1.656579e+003,1.010440e+002
1.657544e+003,1.010564e+002
1.658508e+003,1.010516e+002
1.659472e+003,1.010317e+002
1.660436e+003,1.010249e+002
1.661401e+003,1.010465e+002
1.662365e+003,1.010612e+002
1.663329e+003,1.010754e+002
1.664293e+003,1.010781e+002
1.665258e+003,1.010892e+002
1.666222e+003,1.010985e+002
1.667186e+003,1.010895e+002
1.668150e+003,1.010903e+002
1.669115e+003,1.010728e+002
1.670079e+003,1.010700e+002
1.671043e+003,1.010743e+002
1.672007e+003,1.010624e+002
1.672972e+003,1.010629e+002
1.673936e+003,1.010928e+002
1.674900e+003,1.010926e+002
1.675864e+003,1.010652e+002
1.676829e+003,1.010863e+002
1.677793e+003,1.011132e+002
1.678757e+003,1.011138e+002
1.679721e+003,1.010983e+002
1.680686e+003,1.011019e+002
1.681650e+003,1.011117e+002
1.682614e+003,1.011166e+002
1.683578e+003,1.011195e+002
1.684543e+003,1.011253e+002
1.685507e+003,1.011257e+002
1.686471e+003,1.011176e+002
1.687435e+003,1.010902e+002
1.688400e+003,1.010882e+002
1.689364e+003,1.010971e+002
1.690328e+003,1.010994e+002
1.691292e+003,1.011181e+002
1.692257e+003,1.011421e+002
1.693221e+003,1.011464e+002
1.694185e+003,1.011420e+002
1.695149e+003,1.010955e+002
1.696114e+003,1.011187e+002
1.697078e+003,1.011621e+002
1.698042e+003,1.011599e+002
1.699006e+003,1.011258e+002
1.699971e+003,1.011157e+002
1.700935e+003,1.011288e+002
1.701899e+003,1.011375e+002
1.702863e+003,1.011440e+002
1.703828e+003,1.011527e+002
1.704792e+003,1.011434e+002
1.705756e+003,1.011172e+002
1.706720e+003,1.010995e+002
1.707685e+003,1.011103e+002
1.708649e+003,1.011333e+002
1.709613e+003,1.011523e+002
1.710577e+003,1.011615e+002
1.711542e+003,1.011486e+002
1.712506e+003,1.011235e+002
1.713470e+003,1.011198e+002
1.714434e+003,1.011244e+002
1.715399e+003,1.011233e+002
1.716363e+003,1.011131e+002
1.717327e+003,1.010970e+002
1.718291e+003,1.010979e+002
1.719255e+003,1.011002e+002
1.720220e+003,1.011016e+002
1.721184e+003,1.010936e+002
1.722148e+003,1.010905e+002
1.723113e+003,1.010982e+002
1.724077e+003,1.010680e+002
1.725041e+003,1.010446e+002
1.726005e+003,1.010399e+002
1.726969e+003,1.010457e+002
1.727934e+003,1.010341e+002
1.728898e+003,1.010256e+002
1.729862e+003,1.010275e+002
1.730827e+003,1.010239e+002
1.731791e+003,1.010030e+002
1.732755e+003,1.009839e+002
1.733719e+003,1.009893e+002
1.734683e+003,1.009817e+002
1.735648e+003,1.009884e+002
1.736612e+003,1.009864e+002
1.737576e+003,1.009679e+002
1.738541e+003,1.009615e+002
1.739505e+003,1.009646e+002
1.740469e+003,1.009737e+002
1.741433e+003,1.009703e+002
1.742397e+003,1.009722e+002
1.743362e+003,1.009683e+002
1.744326e+003,1.009682e+002
1.745290e+003,1.009775e+002
1.746255e+003,1.009714e+002
1.747219e+003,1.009784e+002
1.748183e+003,1.009849e+002
1.749147e+003,1.009782e+002
1.750111e+003,1.009819e+002
1.751076e+003,1.009801e+002
1.752040e+003,1.009839e+002
1.753004e+003,1.009947e+002
1.753969e+003,1.010007e+002
1.754933e+003,1.009975e+002
1.755897e+003,1.009957e+002
1.756861e+003,1.010083e+002
1.757825e+003,1.010202e+002
1.758790e+003,1.010086e+002
1.759754e+003,1.010091e+002
1.760718e+003,1.010300e+002
1.761682e+003,1.010269e+002
1.762647e+003,1.010252e+002
1.763611e+003,1.010467e+002
1.764575e+003,1.010547e+002
1.765539e+003,1.010351e+002
1.766504e+003,1.010714e+002
1.767468e+003,1.010773e+002
1.768432e+003,1.010586e+002
1.769396e+003,1.010626e+002
1.770361e+003,1.010599e+002
1.771325e+003,1.010541e+002
1.772289e+003,1.010553e+002
1.773253e+003,1.010594e+002
1.774218e+003,1.010749e+002
1.775182e+003,1.010936e+002
1.776146e+003,1.011006e+002
1.777110e+003,1.010908e+002
1.778075e+003,1.010806e+002
1.779039e+003,1.011032e+002
1.780003e+003,1.011394e+002
1.780967e+003,1.011214e+002
1.781932e+003,1.010912e+002
1.782896e+003,1.011029e+002
1.783860e+003,1.011038e+002
1.784824e+003,1.011057e+002
1.785789e+003,1.011187e+002
1.786753e+003,1.011011e+002
1.787717e+003,1.010889e+002
1.788681e+003,1.010953e+002
1.789646e+003,1.011178e+002
1.790610e+003,1.011002e+002
1.791574e+003,1.010787e+002
1.792538e+003,1.011077e+002
1.793503e+003,1.011197e+002
1.794467e+003,1.011121e+002
1.795431e+003,1.011175e+002
1.796395e+003,1.011308e+002
1.797360e+003,1.011178e+002
1.798324e+003,1.011079e+002
1.799288e+003,1.010995e+002
1.800252e+003,1.010872e+002
1.801217e+003,1.010999e+002
1.802181e+003,1.010988e+002
1.803145e+003,1.011123e+002
1.804109e+003,1.011432e+002
1.805074e+003,1.011281e+002
1.806038e+003,1.011086e+002
1.807002e+003,1.011012e+002
1.807966e+003,1.010957e+002
1.808931e+003,1.011096e+002
1.809895e+003,1.011370e+002
1.810859e+003,1.011501e+002
1.811823e+003,1.011582e+002
1.812788e+003,1.011579e+002
1.813752e+003,1.011373e+002
1.814716e+003,1.011289e+002
1.815680e+003,1.011320e+002
1.816645e+003,1.011425e+002
1.817609e+003,1.011323e+002
1.818573e+003,1.011330e+002
1.819537e+003,1.011478e+002
1.820502e+003,1.011405e+002
1.821466e+003,1.011275e+002
1.822430e+003,1.011409e+002
1.823394e+003,1.011370e+002
1.824359e+003,1.011306e+002
1.825323e+003,1.011339e+002
1.826287e+003,1.011498e+002
1.827251e+003,1.011320e+002
1.828216e+003,1.011233e+002
1.829180e+003,1.011532e+002
1.830144e+003,1.011457e+002
1.831108e+003,1.011176e+002
1.832073e+003,1.011396e+002
1.833037e+003,1.011570e+002
1.834001e+003,1.011506e+002
1.834965e+003,1.011331e+002
1.835930e+003,1.011172e+002
1.836894e+003,1.011370e+002
1.837858e+003,1.011504e+002
1.838822e+003,1.011485e+002
1.839787e+003,1.011564e+002
1.840751e+003,1.011524e+002
1.841715e+003,1.011666e+002
1.842679e+003,1.011647e+002
1.843644e+003,1.011384e+002
1.844608e+003,1.011353e+002
1.845572e+003,1.011434e+002
1.846536e+003,1.011254e+002
1.847501e+003,1.011119e+002
1.848465e+003,1.011200e+002
1.849429e+003,1.011344e+002
1.850393e+003,1.011312e+002
1.851358e+003,1.011425e+002
1.852322e+003,1.011445e+002
1.853286e+003,1.011470e+002
1.854250e+003,1.011640e+002
1.855215e+003,1.011699e+002
1.856179e+003,1.011717e+002
1.857143e+003,1.011868e+002
1.858107e+003,1.011758e+002
1.859072e+003,1.011433e+002
1.860036e+003,1.011351e+002
1.861000e+003,1.011486e+002
1.861964e+003,1.011487e+002
1.862929e+003,1.011555e+002
1.863893e+003,1.011317e+002
1.864857e+003,1.011137e+002
1.865821e+003,1.011303e+002
1.866786e+003,1.011417e+002
1.867750e+003,1.011344e+002
1.868714e+003,1.011449e+002
1.869678e+003,1.011398e+002
1.870643e+003,1.011216e+002
1.871607e+003,1.011070e+002
1.872571e+003,1.011348e+002
1.873535e+003,1.011304e+002
1.874500e+003,1.011110e+002
1.875464e+003,1.011232e+002
1.876428e+003,1.011352e+002
1.877392e+003,1.011565e+002
1.878357e+003,1.011731e+002
1.879321e+003,1.011402e+002
1.880285e+003,1.011284e+002
1.881249e+003,1.011482e+002
1.882214e+003,1.011589e+002
1.883178e+003,1.011357e+002
1.884142e+003,1.011260e+002
1.885106e+003,1.011493e+002
1.886071e+003,1.011448e+002
1.887035e+003,1.011043e+002
1.887999e+003,1.011106e+002
1.888963e+003,1.011473e+002
1.889928e+003,1.011527e+002
1.890892e+003,1.011344e+002
1.891856e+003,1.011261e+002
1.892820e+003,1.011273e+002
1.893785e+003,1.011295e+002
1.894749e+003,1.011212e+002
1.895713e+003,1.011269e+002
1.896677e+003,1.011244e+002
1.897642e+003,1.011152e+002
1.898606e+003,1.011327e+002
1.899570e+003,1.011294e+002
1.900534e+003,1.011296e+002
1.901499e+003,1.011512e+002
1.902463e+003,1.011590e+002
1.903427e+003,1.011315e+002
1.904391e+003,1.011198e+002
1.905356e+003,1.011248e+002
1.906320e+003,1.011223e+002
1.907284e+003,1.011379e+002
1.908248e+003,1.011564e+002
1.909213e+003,1.011184e+002
1.910177e+003,1.010943e+002
1.911141e+003,1.010990e+002
1.912105e+003,1.010978e+002
1.913070e+003,1.011131e+002
1.914034e+003,1.011263e+002
1.914998e+003,1.011297e+002
1.915962e+003,1.011302e+002
1.916927e+003,1.011246e+002
1.917891e+003,1.011120e+002
1.918855e+003,1.011326e+002
1.919819e+003,1.011443e+002
1.920784e+003,1.011245e+002
1.921748e+003,1.011091e+002
1.922712e+003,1.011349e+002
1.923676e+003,1.011256e+002
1.924641e+003,1.011093e+002
1.925605e+003,1.011165e+002
1.926569e+003,1.011187e+002
1.927533e+003,1.011132e+002
1.928498e+003,1.011229e+002
1.929462e+003,1.011259e+002
1.930426e+003,1.011398e+002
1.931390e+003,1.011572e+002
1.932354e+003,1.011420e+002
1.933319e+003,1.011373e+002
1.934283e+003,1.011408e+002
1.935247e+003,1.011289e+002
1.936212e+003,1.011387e+002
1.937176e+003,1.011505e+002
1.938140e+003,1.011397e+002
1.939104e+003,1.011576e+002
1.940068e+003,1.011648e+002
1.941033e+003,1.011489e+002
1.941997e+003,1.011424e+002
1.942961e+003,1.011649e+002
1.943926e+003,1.011602e+002
1.944890e+003,1.011399e+002
1.945854e+003,1.011149e+002
1.946818e+003,1.011169e+002
1.947782e+003,1.011312e+002
1.948747e+003,1.011205e+002
1.949711e+003,1.011211e+002
1.950675e+003,1.011459e+002
1.951640e+003,1.011140e+002
1.952604e+003,1.011051e+002
1.953568e+003,1.011035e+002
1.954532e+003,1.011020e+002
1.955496e+003,1.011010e+002
1.956461e+003,1.011017e+002
1.957425e+003,1.011058e+002
1.958389e+003,1.011027e+002
1.959354e+003,1.011333e+002
1.960318e+003,1.011615e+002
1.961282e+003,1.011482e+002
1.962246e+003,1.011087e+002
1.963210e+003,1.011125e+002
1.964175e+003,1.011266e+002
1.965139e+003,1.011331e+002
1.966103e+003,1.011433e+002
1.967068e+003,1.011214e+002
1.968032e+003,1.010756e+002
1.968996e+003,1.010801e+002
1.969960e+003,1.011176e+002
1.970924e+003,1.011340e+002
1.971889e+003,1.011360e+002
1.972853e+003,1.011371e+002
1.973817e+003,1.011250e+002
1.974781e+003,1.010962e+002
1.975746e+003,1.010910e+002
1.976710e+003,1.010980e+002
1.977674e+003,1.010945e+002
1.978638e+003,1.010819e+002
1.979603e+003,1.010876e+002
1.980567e+003,1.010834e+002
1.981531e+003,1.010642e+002
1.982495e+003,1.010637e+002
1.983460e+003,1.010818e+002
1.984424e+003,1.011012e+002
1.985388e+003,1.010936e+002
1.986352e+003,1.010885e+002
1.987317e+003,1.010906e+002
1.988281e+003,1.011079e+002
1.989245e+003,1.011191e+002
1.990209e+003,1.010958e+002
1.991174e+003,1.010795e+002
1.992138e+003,1.010765e+002
1.993102e+003,1.010890e+002
1.994066e+003,1.010949e+002
1.995031e+003,1.010951e+002
1.995995e+003,1.011190e+002
1.996959e+003,1.011131e+002
1.997923e+003,1.010973e+002
1.998888e+003,1.010977e+002
1.999852e+003,1.010985e+002
2.000816e+003,1.010895e+002
2.001780e+003,1.010891e+002
2.002745e+003,1.011096e+002
2.003709e+003,1.011085e+002
2.004673e+003,1.010918e+002
2.005637e+003,1.010941e+002
2.006602e+003,1.011048e+002
2.007566e+003,1.010865e+002
2.008530e+003,1.010626e+002
2.009494e+003,1.010611e+002
2.010459e+003,1.010702e+002
2.011423e+003,1.010785e+002
2.012387e+003,1.010824e+002
2.013351e+003,1.010734e+002
2.014316e+003,1.010723e+002
2.015280e+003,1.010810e+002
2.016244e+003,1.010869e+002
2.017208e+003,1.010904e+002
2.018173e+003,1.010764e+002
2.019137e+003,1.010540e+002
2.020101e+003,1.010644e+002
2.021065e+003,1.010870e+002
2.022030e+003,1.011004e+002
2.022994e+003,1.010970e+002
2.023958e+003,1.010884e+002
2.024922e+003,1.010981e+002
2.025887e+003,1.011038e+002
2.026851e+003,1.010817e+002
2.027815e+003,1.010574e+002
2.028779e+003,1.010667e+002
2.029744e+003,1.010802e+002
2.030708e+003,1.010864e+002
2.031672e+003,1.010810e+002
2.032636e+003,1.010642e+002
2.033601e+003,1.010526e+002
2.034565e+003,1.010660e+002
2.035529e+003,1.010864e+002
2.036493e+003,1.010785e+002
2.037458e+003,1.010604e+002
2.038422e+003,1.010564e+002
2.039386e+003,1.010458e+002
2.040350e+003,1.010327e+002
2.041315e+003,1.010372e+002
2.042279e+003,1.010465e+002
2.043243e+003,1.010575e+002
2.044207e+003,1.010757e+002
2.045172e+003,1.010785e+002
2.046136e+003,1.010856e+002
2.047100e+003,1.010987e+002
2.048064e+003,1.010736e+002
2.049029e+003,1.010673e+002
2.049993e+003,1.010622e+002
2.050957e+003,1.010595e+002
2.051921e+003,1.010579e+002
2.052886e+003,1.010434e+002
2.053850e+003,1.010512e+002
2.054814e+003,1.010589e+002
2.055778e+003,1.010602e+002
2.056743e+003,1.010687e+002
2.057707e+003,1.010604e+002
2.058671e+003,1.010406e+002
2.059635e+003,1.010333e+002
2.060600e+003,1.010401e+002
2.061564e+003,1.010740e+002
2.062528e+003,1.010778e+002
2.063492e+003,1.010735e+002
2.064457e+003,1.010654e+002
2.065421e+003,1.010500e+002
2.066385e+003,1.010690e+002
2.067349e+003,1.010636e+002
2.068314e+003,1.010505e+002
2.069278e+003,1.010473e+002
2.070242e+003,1.010476e+002
2.071206e+003,1.010511e+002
2.072171e+003,1.010529e+002
2.073135e+003,1.010706e+002
2.074099e+003,1.010855e+002
2.075063e+003,1.010630e+002
2.076028e+003,1.010464e+002
2.076992e+003,1.010410e+002
2.077956e+003,1.010301e+002
2.078920e+003,1.010442e+002
2.079885e+003,1.010735e+002
2.080849e+003,1.010778e+002
2.081813e+003,1.010569e+002
2.082777e+003,1.010340e+002
2.083742e+003,1.010333e+002
2.084706e+003,1.010172e+002
2.085670e+003,1.010082e+002
2.086634e+003,1.010340e+002
2.087599e+003,1.010576e+002
2.088563e+003,1.010444e+002
2.089527e+003,1.010359e+002
2.090491e+003,1.010136e+002
2.091456e+003,1.010070e+002
2.092420e+003,1.010318e+002
2.093384e+003,1.010499e+002
2.094348e+003,1.010670e+002
2.095313e+003,1.010689e+002
2.096277e+003,1.010440e+002
2.097241e+003,1.010363e+002
2.098205e+003,1.010250e+002
2.099170e+003,1.009922e+002
2.100134e+003,1.010174e+002
2.101098e+003,1.010511e+002
2.102062e+003,1.010403e+002
2.103027e+003,1.010357e+002
2.103991e+003,1.010473e+002
2.104955e+003,1.010228e+002
2.105919e+003,1.010076e+002
2.106884e+003,1.010202e+002
2.107848e+003,1.010323e+002
2.108812e+003,1.010619e+002
2.109776e+003,1.010601e+002
2.110740e+003,1.010443e+002
2.111705e+003,1.010355e+002
2.112669e+003,1.010334e+002
2.113633e+003,1.010336e+002
2.114598e+003,1.010453e+002
2.115562e+003,1.010352e+002
2.116526e+003,1.009961e+002
2.117490e+003,1.010040e+002
2.118455e+003,1.010191e+002
2.119419e+003,1.010141e+002
2.120383e+003,1.010334e+002
2.121347e+003,1.010434e+002
2.122312e+003,1.010478e+002
2.123276e+003,1.010182e+002
2.124240e+003,1.010002e+002
2.125204e+003,1.010152e+002
2.126168e+003,1.010341e+002
2.127133e+003,1.010299e+002
2.128097e+003,1.010010e+002
2.129061e+003,1.009921e+002
2.130026e+003,1.010115e+002
2.130990e+003,1.010312e+002
2.131954e+003,1.010093e+002
2.132918e+003,1.010061e+002
2.133883e+003,1.010309e+002
2.134847e+003,1.010340e+002
2.135811e+003,1.010255e+002
2.136775e+003,1.010319e+002
2.137740e+003,1.010401e+002
2.138704e+003,1.010441e+002
2.139668e+003,1.010414e+002
2.140632e+003,1.010365e+002
2.141596e+003,1.010532e+002
2.142561e+003,1.010257e+002
2.143525e+003,1.009836e+002
2.144489e+003,1.009840e+002
2.145454e+003,1.010063e+002
2.146418e+003,1.010301e+002
2.147382e+003,1.010222e+002
2.148346e+003,1.010023e+002
2.149311e+003,1.010037e+002
2.150275e+003,1.010008e+002
2.151239e+003,1.009930e+002
2.152203e+003,1.009953e+002
2.153167e+003,1.010148e+002
2.154132e+003,1.010227e+002
2.155096e+003,1.010130e+002
2.156060e+003,1.010104e+002
2.157024e+003,1.009954e+002
2.157989e+003,1.009788e+002
2.158953e+003,1.009948e+002
2.159917e+003,1.010184e+002
2.160882e+003,1.010118e+002
2.161846e+003,1.010020e+002
2.162810e+003,1.010188e+002
2.163774e+003,1.010326e+002
2.164739e+003,1.010131e+002
2.165703e+003,1.009828e+002
2.166667e+003,1.009762e+002
2.167631e+003,1.009841e+002
2.168595e+003,1.009906e+002
2.169560e+003,1.009773e+002
2.170524e+003,1.009859e+002
2.171488e+003,1.009986e+002
2.172452e+003,1.009779e+002
2.173417e+003,1.009669e+002
2.174381e+003,1.009759e+002
2.175345e+003,1.009635e+002
2.176310e+003,1.009732e+002
2.177274e+003,1.010025e+002
2.178238e+003,1.009924e+002
2.179202e+003,1.010051e+002
2.180167e+003,1.009992e+002
2.181131e+003,1.010017e+002
2.182095e+003,1.010061e+002
2.183059e+003,1.009853e+002
2.184023e+003,1.009807e+002
2.184988e+003,1.009857e+002
2.185952e+003,1.009807e+002
2.186916e+003,1.009881e+002
2.187880e+003,1.009933e+002
2.188845e+003,1.009850e+002
2.189809e+003,1.009790e+002
2.190773e+003,1.010031e+002
2.191738e+003,1.009940e+002
2.192702e+003,1.009928e+002
2.193666e+003,1.009886e+002
2.194630e+003,1.009908e+002
2.195594e+003,1.009908e+002
2.196559e+003,1.009741e+002
2.197523e+003,1.009602e+002
2.198487e+003,1.009646e+002
2.199451e+003,1.009735e+002
2.200416e+003,1.009864e+002
2.201380e+003,1.009722e+002
2.202344e+003,1.009656e+002
2.203308e+003,1.009727e+002
2.204273e+003,1.009613e+002
2.205237e+003,1.009573e+002
2.206201e+003,1.009798e+002
2.207166e+003,1.009802e+002
2.208130e+003,1.009615e+002
2.209094e+003,1.009726e+002
2.210058e+003,1.009657e+002
2.211022e+003,1.009543e+002
2.211987e+003,1.009631e+002
2.212951e+003,1.009860e+002
2.213915e+003,1.009789e+002
2.214879e+003,1.009435e+002
2.215844e+003,1.009446e+002
2.216808e+003,1.009597e+002
2.217772e+003,1.009641e+002
2.218736e+003,1.009731e+002
2.219701e+003,1.009639e+002
2.220665e+003,1.009484e+002
2.221629e+003,1.009488e+002
2.222594e+003,1.009501e+002
2.223558e+003,1.009584e+002
2.224522e+003,1.009530e+002
2.225486e+003,1.009316e+002
2.226450e+003,1.009359e+002
2.227415e+003,1.009410e+002
2.228379e+003,1.009510e+002
2.229343e+003,1.009776e+002
2.230307e+003,1.009861e+002
2.231272e+003,1.009601e+002
2.232236e+003,1.009348e+002
2.233200e+003,1.009395e+002
2.234164e+003,1.009479e+002
2.235129e+003,1.009217e+002
2.236093e+003,1.008992e+002
2.237057e+003,1.009146e+002
2.238021e+003,1.009221e+002
2.238986e+003,1.009203e+002
2.239950e+003,1.009253e+002
2.240914e+003,1.009319e+002
2.241878e+003,1.009454e+002
2.242843e+003,1.009310e+002
2.243807e+003,1.009078e+002
2.244771e+003,1.009056e+002
2.245735e+003,1.008996e+002
2.246700e+003,1.009107e+002
2.247664e+003,1.009262e+002
2.248628e+003,1.009161e+002
2.249592e+003,1.009312e+002
2.250557e+003,1.009553e+002
2.251521e+003,1.009393e+002
2.252485e+003,1.009352e+002
2.253449e+003,1.009410e+002
2.254414e+003,1.009259e+002
2.255378e+003,1.009001e+002
2.256342e+003,1.009176e+002
2.257306e+003,1.009340e+002
2.258271e+003,1.009152e+002
2.259235e+003,1.009032e+002
2.260199e+003,1.009152e+002
2.261163e+003,1.009214e+002
2.262128e+003,1.009320e+002
2.263092e+003,1.009466e+002
2.264056e+003,1.009239e+002
2.265020e+003,1.008885e+002
2.265985e+003,1.008897e+002
2.266949e+003,1.009305e+002
2.267913e+003,1.009301e+002
2.268877e+003,1.008906e+002
2.269842e+003,1.008932e+002
2.270806e+003,1.009403e+002
2.271770e+003,1.009451e+002
2.272734e+003,1.009233e+002
2.273699e+003,1.009000e+002
2.274663e+003,1.009198e+002
2.275627e+003,1.009449e+002
2.276591e+003,1.009356e+002
2.277556e+003,1.008882e+002
2.278520e+003,1.008874e+002
2.279484e+003,1.009019e+002
2.280448e+003,1.009093e+002
2.281413e+003,1.009149e+002
2.282377e+003,1.008940e+002
2.283341e+003,1.008941e+002
2.284305e+003,1.009018e+002
2.285270e+003,1.009052e+002
2.286234e+003,1.009054e+002
2.287198e+003,1.009084e+002
2.288162e+003,1.009100e+002
2.289127e+003,1.008970e+002
2.290091e+003,1.008885e+002
2.291055e+003,1.008805e+002
2.292019e+003,1.008789e+002
2.292984e+003,1.008969e+002
2.293948e+003,1.009172e+002
2.294912e+003,1.009067e+002
2.295876e+003,1.009049e+002
2.296841e+003,1.009235e+002
2.297805e+003,1.009107e+002
2.298769e+003,1.008813e+002
2.299733e+003,1.008710e+002
2.300698e+003,1.008748e+002
2.301662e+003,1.008720e+002
2.302626e+003,1.008509e+002
2.303590e+003,1.008556e+002
2.304555e+003,1.008740e+002
2.305519e+003,1.008802e+002
2.306483e+003,1.008938e+002
2.307447e+003,1.009379e+002
2.308412e+003,1.009369e+002
2.309376e+003,1.008869e+002
2.310340e+003,1.008889e+002
2.311304e+003,1.009171e+002
2.312269e+003,1.008963e+002
2.313233e+003,1.009103e+002
2.314197e+003,1.009098e+002
2.315161e+003,1.008991e+002
2.316125e+003,1.008879e+002
2.317090e+003,1.009071e+002
2.318054e+003,1.009194e+002
2.319018e+003,1.009200e+002
2.319983e+003,1.009063e+002
2.320947e+003,1.009021e+002
2.321911e+003,1.009091e+002
2.322875e+003,1.009175e+002
2.323840e+003,1.009373e+002
2.324804e+003,1.009421e+002
2.325768e+003,1.009148e+002
2.326732e+003,1.009166e+002
2.327697e+003,1.009252e+002
2.328661e+003,1.009302e+002
2.329625e+003,1.009561e+002
2.330589e+003,1.009663e+002
2.331553e+003,1.009566e+002
2.332518e+003,1.009363e+002
2.333482e+003,1.008996e+002
2.334446e+003,1.009113e+002
2.335411e+003,1.009411e+002
2.336375e+003,1.009554e+002
2.337339e+003,1.009329e+002
2.338303e+003,1.009153e+002
2.339268e+003,1.009156e+002
2.340232e+003,1.009337e+002
2.341196e+003,1.009286e+002
2.342160e+003,1.009158e+002
2.343125e+003,1.009078e+002
2.344089e+003,1.009251e+002
2.345053e+003,1.009194e+002
2.346017e+003,1.008937e+002
2.346981e+003,1.008967e+002
2.347946e+003,1.009016e+002
2.348910e+003,1.009081e+002
2.349874e+003,1.009093e+002
2.350839e+003,1.009073e+002
2.351803e+003,1.009195e+002
2.352767e+003,1.009279e+002
2.353731e+003,1.009246e+002
2.354696e+003,1.008948e+002
2.355660e+003,1.009001e+002
2.356624e+003,1.009278e+002
2.357588e+003,1.009408e+002
2.358552e+003,1.009299e+002
2.359517e+003,1.009269e+002
2.360481e+003,1.009506e+002
2.361445e+003,1.009578e+002
2.362409e+003,1.009593e+002
2.363374e+003,1.009511e+002
2.364338e+003,1.009295e+002
2.365302e+003,1.009386e+002
2.366267e+003,1.009440e+002
2.367231e+003,1.009228e+002
2.368195e+003,1.008995e+002
2.369159e+003,1.008912e+002
2.370124e+003,1.008972e+002
2.371088e+003,1.009053e+002
2.372052e+003,1.009075e+002
2.373016e+003,1.009174e+002
2.373980e+003,1.009033e+002
2.374945e+003,1.008680e+002
2.375909e+003,1.008834e+002
2.376873e+003,1.008852e+002
2.377837e+003,1.008486e+002
2.378802e+003,1.008395e+002
2.379766e+003,1.008425e+002
2.380730e+003,1.008478e+002
2.381695e+003,1.008444e+002
2.382659e+003,1.008463e+002
2.383623e+003,1.008464e+002
2.384587e+003,1.008373e+002
2.385552e+003,1.008450e+002
2.386516e+003,1.008407e+002
2.387480e+003,1.008044e+002
2.388444e+003,1.007772e+002
2.389408e+003,1.007989e+002
2.390373e+003,1.008260e+002
2.391337e+003,1.008319e+002
2.392301e+003,1.008346e+002
2.393265e+003,1.008418e+002
2.394230e+003,1.008314e+002
2.395194e+003,1.008272e+002
2.396158e+003,1.008259e+002
2.397123e+003,1.008438e+002
2.398087e+003,1.008410e+002
2.399051e+003,1.008170e+002
2.400015e+003,1.008007e+002
2.400979e+003,1.007983e+002
2.401944e+003,1.007976e+002
2.402908e+003,1.008149e+002
2.403872e+003,1.008289e+002
2.404836e+003,1.008329e+002
2.405801e+003,1.008496e+002
2.406765e+003,1.008224e+002
2.407729e+003,1.007994e+002
2.408693e+003,1.008002e+002
2.409658e+003,1.008232e+002
2.410622e+003,1.008202e+002
2.411586e+003,1.007730e+002
2.412551e+003,1.007782e+002
2.413515e+003,1.008093e+002
2.414479e+003,1.008117e+002
2.415443e+003,1.008135e+002
2.416407e+003,1.008137e+002
2.417372e+003,1.007896e+002
2.418336e+003,1.008064e+002
2.419300e+003,1.008213e+002
2.420264e+003,1.007956e+002
2.421229e+003,1.007722e+002
2.422193e+003,1.007947e+002
2.423157e+003,1.007970e+002
2.424121e+003,1.007732e+002
2.425086e+003,1.007843e+002
2.426050e+003,1.007998e+002
2.427014e+003,1.007944e+002
2.427979e+003,1.007784e+002
2.428943e+003,1.007817e+002
2.429907e+003,1.008082e+002
2.430871e+003,1.008032e+002
2.431835e+003,1.007889e+002
2.432800e+003,1.007860e+002
2.433764e+003,1.007883e+002
2.434728e+003,1.007771e+002
2.435692e+003,1.007642e+002
2.436657e+003,1.007699e+002
2.437621e+003,1.007684e+002
2.438585e+003,1.007722e+002
2.439549e+003,1.007899e+002
2.440514e+003,1.008052e+002
2.441478e+003,1.007893e+002
2.442442e+003,1.007940e+002
2.443406e+003,1.008149e+002
2.444371e+003,1.008117e+002
2.445335e+003,1.007926e+002
2.446299e+003,1.007918e+002
2.447263e+003,1.007935e+002
2.448228e+003,1.007916e+002
2.449192e+003,1.007949e+002
2.450156e+003,1.007920e+002
2.451120e+003,1.007752e+002
2.452085e+003,1.007738e+002
2.453049e+003,1.007749e+002
2.454013e+003,1.007640e+002
2.454977e+003,1.007486e+002
2.455942e+003,1.007671e+002
2.456906e+003,1.007828e+002
2.457870e+003,1.007731e+002
2.458834e+003,1.007931e+002
2.459799e+003,1.007962e+002
2.460763e+003,1.007885e+002
2.461727e+003,1.008056e+002
2.462691e+003,1.008222e+002
2.463656e+003,1.008280e+002
2.464620e+003,1.008051e+002
2.465584e+003,1.007732e+002
2.466548e+003,1.007431e+002
2.467513e+003,1.007341e+002
2.468477e+003,1.007660e+002
2.469441e+003,1.007663e+002
2.470405e+003,1.007546e+002
2.471370e+003,1.007529e+002
2.472334e+003,1.007638e+002
2.473298e+003,1.007597e+002
2.474262e+003,1.007583e+002
2.475227e+003,1.007738e+002
2.476191e+003,1.007747e+002
2.477155e+003,1.007648e+002
2.478119e+003,1.007791e+002
2.479084e+003,1.007986e+002
2.480048e+003,1.008006e+002
2.481012e+003,1.007891e+002
2.481976e+003,1.007884e+002
2.482941e+003,1.007885e+002
2.483905e+003,1.008017e+002
2.484869e+003,1.007920e+002
2.485833e+003,1.007541e+002
2.486798e+003,1.007549e+002
2.487762e+003,1.007684e+002
2.488726e+003,1.007466e+002
2.489690e+003,1.007393e+002
2.490655e+003,1.007386e+002
2.491619e+003,1.007243e+002
2.492583e+003,1.007333e+002
2.493547e+003,1.007622e+002
2.494512e+003,1.007774e+002
2.495476e+003,1.007661e+002
2.496440e+003,1.007510e+002
2.497404e+003,1.007662e+002
2.498369e+003,1.007612e+002
2.499333e+003,1.007463e+002
2.500297e+003,1.007544e+002
2.501261e+003,1.007793e+002
2.502226e+003,1.007804e+002
2.503190e+003,1.007504e+002
2.504154e+003,1.007199e+002
2.505118e+003,1.007347e+002
2.506083e+003,1.007398e+002
2.507047e+003,1.007330e+002
2.508011e+003,1.007548e+002
2.508975e+003,1.007503e+002
2.509940e+003,1.007266e+002
2.510904e+003,1.007399e+002
2.511868e+003,1.007529e+002
2.512832e+003,1.007209e+002
2.513797e+003,1.007124e+002
2.514761e+003,1.007369e+002
2.515725e+003,1.007399e+002
2.516689e+003,1.007398e+002
2.517654e+003,1.007578e+002
2.518618e+003,1.007820e+002
2.519582e+003,1.007419e+002
2.520546e+003,1.007178e+002
2.521510e+003,1.007084e+002
2.522475e+003,1.007307e+002
2.523439e+003,1.007449e+002
2.524403e+003,1.007152e+002
2.525368e+003,1.007004e+002
2.526332e+003,1.007260e+002
2.527296e+003,1.007329e+002
2.528260e+003,1.007297e+002
2.529225e+003,1.007388e+002
2.530189e+003,1.007546e+002
2.531153e+003,1.007440e+002
2.532117e+003,1.007291e+002
2.533082e+003,1.007370e+002
2.534046e+003,1.007414e+002
2.535010e+003,1.007301e+002
2.535974e+003,1.007121e+002
2.536938e+003,1.007226e+002
2.537903e+003,1.007426e+002
2.538867e+003,1.007357e+002
2.539831e+003,1.007006e+002
2.540796e+003,1.007036e+002
2.541760e+003,1.007233e+002
2.542724e+003,1.007170e+002
2.543688e+003,1.007285e+002
2.544653e+003,1.007400e+002
2.545617e+003,1.007430e+002
2.546581e+003,1.007179e+002
2.547545e+003,1.007261e+002
2.548510e+003,1.007313e+002
2.549474e+003,1.007267e+002
2.550438e+003,1.007334e+002
2.551402e+003,1.007453e+002
2.552366e+003,1.007531e+002
2.553331e+003,1.007323e+002
2.554295e+003,1.006967e+002
2.555259e+003,1.006832e+002
2.556224e+003,1.006921e+002
2.557188e+003,1.006921e+002
2.558152e+003,1.007088e+002
2.559116e+003,1.007170e+002
2.560081e+003,1.007040e+002
2.561045e+003,1.007219e+002
2.562009e+003,1.007398e+002
2.562973e+003,1.007390e+002
2.563938e+003,1.007096e+002
2.564902e+003,1.007097e+002
2.565866e+003,1.007347e+002
2.566830e+003,1.007391e+002
2.567794e+003,1.007298e+002
2.568759e+003,1.007235e+002
2.569723e+003,1.007112e+002
2.570687e+003,1.006954e+002
2.571652e+003,1.007061e+002
2.572616e+003,1.007129e+002
2.573580e+003,1.006961e+002
2.574544e+003,1.006783e+002
2.575509e+003,1.006800e+002
2.576473e+003,1.007086e+002
2.577437e+003,1.006995e+002
2.578401e+003,1.006748e+002
2.579365e+003,1.006965e+002
2.580330e+003,1.007185e+002
2.581294e+003,1.007042e+002
2.582258e+003,1.006860e+002
2.583222e+003,1.006762e+002
2.584187e+003,1.006687e+002
2.585151e+003,1.006776e+002
2.586115e+003,1.006933e+002
2.587080e+003,1.007033e+002
2.588044e+003,1.006913e+002
2.589008e+003,1.006781e+002
2.589972e+003,1.006837e+002
2.590937e+003,1.006800e+002
2.591901e+003,1.006796e+002
2.592865e+003,1.006662e+002
2.593829e+003,1.006694e+002
2.594793e+003,1.006998e+002
2.595758e+003,1.007233e+002
2.596722e+003,1.007226e+002
2.597686e+003,1.007264e+002
2.598650e+003,1.007052e+002
2.599615e+003,1.006788e+002
2.600579e+003,1.006580e+002
2.601543e+003,1.006506e+002
2.602508e+003,1.006747e+002
2.603472e+003,1.007007e+002
2.604436e+003,1.007011e+002
2.605400e+003,1.007070e+002
2.606365e+003,1.006888e+002
2.607329e+003,1.007054e+002
2.608293e+003,1.007188e+002
2.609257e+003,1.006719e+002
2.610221e+003,1.006593e+002
2.611186e+003,1.006876e+002
2.612150e+003,1.006871e+002
2.613114e+003,1.006891e+002
2.614078e+003,1.007215e+002
2.615043e+003,1.007297e+002
2.616007e+003,1.007018e+002
2.616971e+003,1.006685e+002
2.617936e+003,1.006700e+002
2.618900e+003,1.006976e+002
2.619864e+003,1.007074e+002
2.620828e+003,1.006989e+002
2.621792e+003,1.006907e+002
2.622757e+003,1.006871e+002
2.623721e+003,1.006805e+002
2.624685e+003,1.006845e+002
2.625649e+003,1.006855e+002
2.626614e+003,1.006868e+002
2.627578e+003,1.006828e+002
2.628542e+003,1.006910e+002
2.629506e+003,1.006684e+002
2.630471e+003,1.006569e+002
2.631435e+003,1.006677e+002
2.632399e+003,1.006978e+002
2.633364e+003,1.006716e+002
2.634328e+003,1.006482e+002
2.635292e+003,1.006380e+002
2.636256e+003,1.006421e+002
2.637220e+003,1.006391e+002
2.638185e+003,1.006332e+002
2.639149e+003,1.006643e+002
2.640113e+003,1.006964e+002
2.641077e+003,1.006897e+002
2.642042e+003,1.006804e+002
2.643006e+003,1.006739e+002
2.643970e+003,1.006690e+002
2.644934e+003,1.006694e+002
2.645899e+003,1.006857e+002
2.646863e+003,1.006949e+002
2.647827e+003,1.006788e+002
2.648792e+003,1.006713e+002
2.649756e+003,1.006551e+002
2.650720e+003,1.006553e+002
2.651684e+003,1.006666e+002
2.652648e+003,1.006691e+002
2.653613e+003,1.006666e+002
2.654577e+003,1.006599e+002
2.655541e+003,1.006484e+002
2.656505e+003,1.006634e+002
2.657470e+003,1.006865e+002
2.658434e+003,1.006769e+002
2.659398e+003,1.006703e+002
2.660362e+003,1.006868e+002
2.661327e+003,1.006780e+002
2.662291e+003,1.006678e+002
2.663255e+003,1.006801e+002
2.664219e+003,1.006976e+002
2.665184e+003,1.006670e+002
2.666148e+003,1.006533e+002
2.667112e+003,1.006813e+002
2.668076e+003,1.006836e+002
2.669041e+003,1.006852e+002
2.670005e+003,1.006827e+002
2.670969e+003,1.006899e+002
2.671933e+003,1.006855e+002
2.672898e+003,1.006809e+002
2.673862e+003,1.006833e+002
2.674826e+003,1.006848e+002
2.675790e+003,1.006835e+002
2.676755e+003,1.006818e+002
2.677719e+003,1.006604e+002
2.678683e+003,1.006668e+002
2.679647e+003,1.006768e+002
2.680612e+003,1.006690e+002
2.681576e+003,1.006840e+002
2.682540e+003,1.006757e+002
2.683504e+003,1.006531e+002
2.684469e+003,1.006533e+002
2.685433e+003,1.006638e+002
2.686397e+003,1.006811e+002
2.687361e+003,1.006846e+002
2.688326e+003,1.006778e+002
2.689290e+003,1.006570e+002
2.690254e+003,1.006376e+002
2.691218e+003,1.006538e+002
2.692183e+003,1.006922e+002
2.693147e+003,1.006944e+002
2.694111e+003,1.006728e+002
2.695075e+003,1.006739e+002
2.696040e+003,1.007027e+002
2.697004e+003,1.006986e+002
2.697968e+003,1.006696e+002
2.698932e+003,1.006721e+002
2.699896e+003,1.006927e+002
2.700861e+003,1.006794e+002
2.701825e+003,1.006712e+002
2.702789e+003,1.006622e+002
2.703754e+003,1.006450e+002
2.704718e+003,1.006494e+002
2.705682e+003,1.006496e+002
2.706646e+003,1.006699e+002
2.707611e+003,1.006784e+002
2.708575e+003,1.006626e+002
2.709539e+003,1.006505e+002
2.710503e+003,1.006529e+002
2.711468e+003,1.006423e+002
2.712432e+003,1.006574e+002
2.713396e+003,1.006564e+002
2.714360e+003,1.006359e+002
2.715325e+003,1.006351e+002
2.716289e+003,1.006519e+002
2.717253e+003,1.006746e+002
2.718217e+003,1.006830e+002
2.719182e+003,1.006744e+002
2.720146e+003,1.006993e+002
2.721110e+003,1.006921e+002
2.722074e+003,1.006603e+002
2.723039e+003,1.006401e+002
2.724003e+003,1.006523e+002
2.724967e+003,1.006819e+002
2.725931e+003,1.006912e+002
2.726896e+003,1.006774e+002
2.727860e+003,1.006487e+002
2.728824e+003,1.006357e+002
2.729788e+003,1.006326e+002
2.730753e+003,1.006486e+002
2.731717e+003,1.006582e+002
2.732681e+003,1.006449e+002
2.733645e+003,1.006307e+002
2.734610e+003,1.006372e+002
2.735574e+003,1.006563e+002
2.736538e+003,1.006606e+002
2.737502e+003,1.006527e+002
2.738467e+003,1.006800e+002
2.739431e+003,1.006838e+002
2.740395e+003,1.006934e+002
2.741359e+003,1.007175e+002
2.742323e+003,1.007239e+002
2.743288e+003,1.006976e+002
2.744252e+003,1.006726e+002
2.745216e+003,1.006649e+002
2.746181e+003,1.006571e+002
2.747145e+003,1.006479e+002
2.748109e+003,1.006468e+002
2.749073e+003,1.006203e+002
2.750038e+003,1.006294e+002
2.751002e+003,1.006427e+002
2.751966e+003,1.006381e+002
2.752930e+003,1.006500e+002
2.753895e+003,1.006419e+002
2.754859e+003,1.006439e+002
2.755823e+003,1.006577e+002
2.756787e+003,1.006309e+002
2.757751e+003,1.006456e+002
2.758716e+003,1.006837e+002
2.759680e+003,1.006842e+002
2.760644e+003,1.006757e+002
2.761609e+003,1.006797e+002
2.762573e+003,1.006658e+002
2.763537e+003,1.006487e+002
2.764501e+003,1.006438e+002
2.765466e+003,1.006313e+002
2.766430e+003,1.006564e+002
2.767394e+003,1.006849e+002
2.768358e+003,1.006669e+002
2.769323e+003,1.006408e+002
2.770287e+003,1.006258e+002
2.771251e+003,1.006190e+002
2.772215e+003,1.006167e+002
2.773179e+003,1.006180e+002
2.774144e+003,1.006515e+002
2.775108e+003,1.006588e+002
2.776072e+003,1.006520e+002
2.777037e+003,1.006439e+002
2.778001e+003,1.006392e+002
2.778965e+003,1.006723e+002
2.779929e+003,1.006632e+002
2.780894e+003,1.006263e+002
2.781858e+003,1.006401e+002
2.782822e+003,1.006706e+002
2.783786e+003,1.006824e+002
2.784750e+003,1.006722e+002
2.785715e+003,1.006526e+002
2.786679e+003,1.006413e+002
2.787643e+003,1.006297e+002
2.788607e+003,1.006300e+002
2.789572e+003,1.006347e+002
2.790536e+003,1.006460e+002
2.791500e+003,1.006760e+002
2.792465e+003,1.006878e+002
2.793429e+003,1.006724e+002
2.794393e+003,1.006634e+002
2.795357e+003,1.006739e+002
2.796322e+003,1.006532e+002
2.797286e+003,1.006376e+002
2.798250e+003,1.006273e+002
2.799214e+003,1.006410e+002
2.800178e+003,1.006652e+002
2.801143e+003,1.006375e+002
2.802107e+003,1.006365e+002
2.803071e+003,1.006449e+002
2.804035e+003,1.006294e+002
2.805000e+003,1.006312e+002
2.805964e+003,1.006437e+002
2.806928e+003,1.006219e+002
2.807893e+003,1.006028e+002
2.808857e+003,1.006302e+002
2.809821e+003,1.006829e+002
2.810785e+003,1.007021e+002
2.811750e+003,1.006807e+002
2.812714e+003,1.006245e+002
2.813678e+003,1.006214e+002
2.814642e+003,1.006617e+002
2.815606e+003,1.006808e+002
2.816571e+003,1.006725e+002
2.817535e+003,1.006494e+002
2.818499e+003,1.006204e+002
2.819463e+003,1.006174e+002
2.820428e+003,1.006470e+002
2.821392e+003,1.006626e+002
2.822356e+003,1.006497e+002
2.823321e+003,1.006345e+002
2.824285e+003,1.006570e+002
2.825249e+003,1.006976e+002
2.826213e+003,1.007052e+002
2.827177e+003,1.006756e+002
2.828142e+003,1.006560e+002
2.829106e+003,1.006712e+002
2.830070e+003,1.006788e+002
2.831034e+003,1.006780e+002
2.831999e+003,1.006642e+002
2.832963e+003,1.006603e+002
2.833927e+003,1.006494e+002
2.834891e+003,1.006322e+002
2.835856e+003,1.006425e+002
2.836820e+003,1.006836e+002
2.837784e+003,1.006764e+002
2.838749e+003,1.006486e+002
2.839713e+003,1.006274e+002
2.840677e+003,1.006239e+002
2.841641e+003,1.006181e+002
2.842605e+003,1.006213e+002
2.843570e+003,1.006309e+002
2.844534e+003,1.006546e+002
2.845498e+003,1.006540e+002
2.846462e+003,1.006401e+002
2.847427e+003,1.006531e+002
2.848391e+003,1.006610e+002
2.849355e+003,1.006595e+002
2.850319e+003,1.006573e+002
2.851284e+003,1.006553e+002
2.852248e+003,1.006734e+002
2.853212e+003,1.006878e+002
2.854177e+003,1.006903e+002
2.855141e+003,1.006855e+002
2.856105e+003,1.006449e+002
2.857069e+003,1.006266e+002
2.858033e+003,1.006452e+002
2.858998e+003,1.006528e+002
2.859962e+003,1.006426e+002
2.860926e+003,1.006722e+002
2.861890e+003,1.006877e+002
2.862855e+003,1.006634e+002
2.863819e+003,1.006602e+002
2.864783e+003,1.006703e+002
2.865747e+003,1.006833e+002
2.866712e+003,1.006949e+002
2.867676e+003,1.006732e+002
2.868640e+003,1.006512e+002
2.869604e+003,1.006428e+002
2.870569e+003,1.006422e+002
2.871533e+003,1.006428e+002
2.872497e+003,1.006622e+002
2.873461e+003,1.006715e+002
2.874426e+003,1.006463e+002
2.875390e+003,1.006192e+002
2.876354e+003,1.006034e+002
2.877318e+003,1.006314e+002
2.878283e+003,1.006510e+002
2.879247e+003,1.006538e+002
2.880211e+003,1.006651e+002
2.881175e+003,1.006712e+002
2.882140e+003,1.006698e+002
2.883104e+003,1.006500e+002
2.884068e+003,1.006719e+002
2.885032e+003,1.006983e+002
2.885997e+003,1.006504e+002
2.886961e+003,1.006229e+002
2.887925e+003,1.006297e+002
2.888889e+003,1.005976e+002
2.889854e+003,1.005906e+002
2.890818e+003,1.006147e+002
2.891782e+003,1.006229e+002
2.892746e+003,1.006370e+002
2.893711e+003,1.006620e+002
2.894675e+003,1.006719e+002
2.895639e+003,1.006548e+002
2.896603e+003,1.006494e+002
2.897568e+003,1.006755e+002
2.898532e+003,1.006763e+002
2.899496e+003,1.006646e+002
2.900460e+003,1.006350e+002
2.901425e+003,1.006433e+002
2.902389e+003,1.006940e+002
2.903353e+003,1.006952e+002
2.904317e+003,1.006824e+002
2.905281e+003,1.006582e+002
2.906246e+003,1.006448e+002
2.907210e+003,1.006596e+002
2.908174e+003,1.006276e+002
2.909139e+003,1.006154e+002
2.910103e+003,1.006449e+002
2.911067e+003,1.006814e+002
2.912031e+003,1.007043e+002
2.912996e+003,1.006981e+002
2.913960e+003,1.006625e+002
2.914924e+003,1.006366e+002
2.915888e+003,1.006345e+002
2.916853e+003,1.006570e+002
2.917817e+003,1.006601e+002
2.918781e+003,1.006702e+002
2.919745e+003,1.006747e+002
2.920709e+003,1.006631e+002
2.921674e+003,1.006609e+002
2.922638e+003,1.006650e+002
2.923602e+003,1.006659e+002
2.924567e+003,1.006583e+002
2.925531e+003,1.006446e+002
2.926495e+003,1.006759e+002
2.927459e+003,1.006896e+002
2.928424e+003,1.006659e+002
2.929388e+003,1.006655e+002
2.930352e+003,1.006783e+002
2.931316e+003,1.006914e+002
2.932281e+003,1.006615e+002
2.933245e+003,1.006356e+002
2.934209e+003,1.006742e+002
2.935173e+003,1.006783e+002
2.936137e+003,1.006601e+002
2.937102e+003,1.006701e+002
2.938066e+003,1.006701e+002
2.939030e+003,1.006539e+002
2.939995e+003,1.006703e+002
2.940959e+003,1.006549e+002
2.941923e+003,1.006502e+002
2.942887e+003,1.006590e+002
2.943852e+003,1.006703e+002
2.944816e+003,1.006508e+002
2.945780e+003,1.006494e+002
2.946744e+003,1.006767e+002
2.947708e+003,1.006469e+002
2.948673e+003,1.006217e+002
2.949637e+003,1.006365e+002
2.950601e+003,1.006646e+002
2.951566e+003,1.006790e+002
2.952530e+003,1.006581e+002
2.953494e+003,1.006505e+002
2.954458e+003,1.006568e+002
2.955423e+003,1.006460e+002
2.956387e+003,1.006454e+002
2.957351e+003,1.006421e+002
2.958315e+003,1.006606e+002
2.959280e+003,1.006432e+002
2.960244e+003,1.006292e+002
2.961208e+003,1.006437e+002
2.962172e+003,1.006558e+002
2.963136e+003,1.006571e+002
2.964101e+003,1.006551e+002
2.965065e+003,1.006752e+002
2.966029e+003,1.006842e+002
2.966994e+003,1.006680e+002
2.967958e+003,1.006783e+002
2.968922e+003,1.006882e+002
2.969886e+003,1.006988e+002
2.970851e+003,1.007134e+002
2.971815e+003,1.007045e+002
2.972779e+003,1.006757e+002
2.973743e+003,1.006542e+002
2.974708e+003,1.006344e+002
2.975672e+003,1.006335e+002
2.976636e+003,1.006517e+002
2.977600e+003,1.006728e+002
2.978564e+003,1.006697e+002
2.979529e+003,1.006539e+002
2.980493e+003,1.006548e+002
2.981457e+003,1.006656e+002
2.982422e+003,1.006496e+002
2.983386e+003,1.006578e+002
2.984350e+003,1.006688e+002
2.985314e+003,1.006733e+002
2.986279e+003,1.006965e+002
2.987243e+003,1.006836e+002
2.988207e+003,1.006503e+002
2.989171e+003,1.006538e+002
2.990135e+003,1.006699e+002
2.991100e+003,1.006786e+002
2.992064e+003,1.006586e+002
2.993028e+003,1.006367e+002
2.993992e+003,1.006567e+002
2.994957e+003,1.007050e+002
2.995921e+003,1.007100e+002
2.996885e+003,1.006797e+002
2.997850e+003,1.006649e+002
2.998814e+003,1.006888e+002
2.999778e+003,1.007289e+002
3.000742e+003,1.007411e+002
3.001707e+003,1.007119e+002
3.002671e+003,1.007002e+002
3.003635e+003,1.006979e+002
3.004599e+003,1.006901e+002
3.005563e+003,1.006828e+002
3.006528e+003,1.007081e+002
3.007492e+003,1.007292e+002
3.008456e+003,1.007115e+002
3.009420e+003,1.006991e+002
3.010385e+003,1.006905e+002
3.011349e+003,1.006689e+002
3.012313e+003,1.006640e+002
3.013278e+003,1.006812e+002
3.014242e+003,1.006671e+002
3.015206e+003,1.006579e+002
3.016170e+003,1.006878e+002
3.017135e+003,1.007055e+002
3.018099e+003,1.006740e+002
3.019063e+003,1.006510e+002
3.020027e+003,1.006714e+002
3.020991e+003,1.006728e+002
3.021956e+003,1.006685e+002
3.022920e+003,1.006716e+002
3.023884e+003,1.006755e+002
3.024848e+003,1.006951e+002
3.025813e+003,1.006903e+002
3.026777e+003,1.006916e+002
3.027741e+003,1.006938e+002
3.028706e+003,1.007040e+002
3.029670e+003,1.007055e+002
3.030634e+003,1.007018e+002
3.031598e+003,1.006883e+002
3.032563e+003,1.006994e+002
3.033527e+003,1.007213e+002
3.034491e+003,1.007340e+002
3.035455e+003,1.007210e+002
3.036419e+003,1.006861e+002
3.037384e+003,1.006769e+002
3.038348e+003,1.006883e+002
3.039312e+003,1.007081e+002
3.040276e+003,1.006988e+002
3.041241e+003,1.007065e+002
3.042205e+003,1.007195e+002
3.043169e+003,1.007118e+002
3.044134e+003,1.007175e+002
3.045098e+003,1.007326e+002
3.046062e+003,1.007055e+002
3.047026e+003,1.006952e+002
3.047990e+003,1.007055e+002
3.048955e+003,1.006837e+002
3.049919e+003,1.006687e+002
3.050883e+003,1.006773e+002
3.051847e+003,1.006852e+002
3.052812e+003,1.006888e+002
3.053776e+003,1.006909e+002
3.054740e+003,1.006969e+002
3.055704e+003,1.006618e+002
3.056669e+003,1.006576e+002
3.057633e+003,1.006811e+002
3.058597e+003,1.007045e+002
3.059562e+003,1.007183e+002
3.060526e+003,1.006986e+002
3.061490e+003,1.007204e+002
3.062454e+003,1.007542e+002
3.063418e+003,1.007270e+002
3.064383e+003,1.006815e+002
3.065347e+003,1.006780e+002
3.066311e+003,1.006999e+002
3.067275e+003,1.006932e+002
3.068240e+003,1.006751e+002
3.069204e+003,1.006900e+002
3.070168e+003,1.007085e+002
3.071132e+003,1.007085e+002
3.072097e+003,1.007041e+002
3.073061e+003,1.007101e+002
3.074025e+003,1.006973e+002
3.074990e+003,1.007125e+002
3.075954e+003,1.007236e+002
3.076918e+003,1.006832e+002
3.077882e+003,1.006618e+002
3.078846e+003,1.007022e+002
3.079811e+003,1.007499e+002
3.080775e+003,1.007238e+002
3.081739e+003,1.006917e+002
3.082703e+003,1.007030e+002
3.083668e+003,1.007365e+002
3.084632e+003,1.007323e+002
3.085596e+003,1.006970e+002
3.086560e+003,1.007004e+002
3.087525e+003,1.007112e+002
3.088489e+003,1.007110e+002
3.089453e+003,1.007174e+002
3.090417e+003,1.007210e+002
3.091382e+003,1.007265e+002
3.092346e+003,1.007109e+002
3.093310e+003,1.006900e+002
3.094274e+003,1.006871e+002
3.095239e+003,1.006897e+002
3.096203e+003,1.007239e+002
3.097167e+003,1.007324e+002
3.098131e+003,1.007320e+002
3.099096e+003,1.007038e+002
3.100060e+003,1.006960e+002
3.101024e+003,1.006957e+002
3.101988e+003,1.006811e+002
3.102953e+003,1.006804e+002
3.103917e+003,1.007069e+002
3.104881e+003,1.006993e+002
3.105845e+003,1.007041e+002
3.106810e+003,1.007195e+002
3.107774e+003,1.007121e+002
3.108738e+003,1.007028e+002
3.109702e+003,1.007235e+002
3.110667e+003,1.007307e+002
3.111631e+003,1.006982e+002
3.112595e+003,1.007014e+002
3.113559e+003,1.007142e+002
3.114524e+003,1.006965e+002
3.115488e+003,1.007232e+002
3.116452e+003,1.007465e+002
3.117416e+003,1.007311e+002
3.118381e+003,1.007138e+002
3.119345e+003,1.007315e+002
3.120309e+003,1.007429e+002
3.121273e+003,1.007664e+002
3.122238e+003,1.007667e+002
3.123202e+003,1.007337e+002
3.124166e+003,1.007356e+002
3.125130e+003,1.007313e+002
3.126094e+003,1.007362e+002
3.127059e+003,1.007443e+002
3.128023e+003,1.007376e+002
3.128987e+003,1.007051e+002
3.129952e+003,1.006821e+002
3.130916e+003,1.007244e+002
3.131880e+003,1.007601e+002
3.132844e+003,1.007413e+002
3.133809e+003,1.007134e+002
3.134773e+003,1.007104e+002
3.135737e+003,1.007442e+002
3.136701e+003,1.007277e+002
3.137666e+003,1.007053e+002
3.138630e+003,1.006973e+002
3.139594e+003,1.006849e+002
3.140558e+003,1.006883e+002
3.141522e+003,1.007214e+002
3.142487e+003,1.007213e+002
3.143451e+003,1.007178e+002
3.144415e+003,1.007100e+002
3.145380e+003,1.006890e+002
3.146344e+003,1.007007e+002
3.147308e+003,1.007064e+002
3.148272e+003,1.006872e+002
3.149237e+003,1.006991e+002
3.150201e+003,1.007029e+002
3.151165e+003,1.006868e+002
3.152129e+003,1.007140e+002
3.153094e+003,1.007300e+002
3.154058e+003,1.007353e+002
3.155022e+003,1.007401e+002
3.155986e+003,1.007541e+002
3.156950e+003,1.007528e+002
3.157915e+003,1.007496e+002
3.158879e+003,1.007390e+002
3.159843e+003,1.007320e+002
3.160808e+003,1.007323e+002
3.161772e+003,1.007115e+002
3.162736e+003,1.007266e+002
3.163700e+003,1.007087e+002
3.164665e+003,1.006730e+002
3.165629e+003,1.006906e+002
3.166593e+003,1.006879e+002
3.167557e+003,1.006986e+002
3.168521e+003,1.007159e+002
3.169486e+003,1.007202e+002
3.170450e+003,1.007240e+002
3.171414e+003,1.007354e+002
3.172378e+003,1.007266e+002
3.173343e+003,1.006901e+002
3.174307e+003,1.006755e+002
3.175271e+003,1.006914e+002
3.176236e+003,1.007117e+002
3.177200e+003,1.007174e+002
3.178164e+003,1.007273e+002
3.179128e+003,1.007196e+002
3.180093e+003,1.007089e+002
3.181057e+003,1.006717e+002
3.182021e+003,1.006843e+002
3.182985e+003,1.007140e+002
3.183949e+003,1.007363e+002
3.184914e+003,1.007376e+002
3.185878e+003,1.007230e+002
3.186842e+003,1.007315e+002
3.187806e+003,1.007275e+002
3.188771e+003,1.007337e+002
3.189735e+003,1.007445e+002
3.190699e+003,1.007192e+002
3.191664e+003,1.007068e+002
3.192628e+003,1.007344e+002
3.193592e+003,1.007524e+002
3.194556e+003,1.007537e+002
3.195521e+003,1.007796e+002
3.196485e+003,1.007798e+002
3.197449e+003,1.007067e+002
3.198413e+003,1.007161e+002
3.199377e+003,1.007687e+002
3.200342e+003,1.007477e+002
3.201306e+003,1.006824e+002
3.202270e+003,1.006769e+002
3.203235e+003,1.006943e+002
3.204199e+003,1.007368e+002
3.205163e+003,1.007740e+002
3.206127e+003,1.007714e+002
3.207092e+003,1.007512e+002
3.208056e+003,1.007329e+002
3.209020e+003,1.007348e+002
3.209984e+003,1.007056e+002
3.210948e+003,1.007206e+002
3.211913e+003,1.007493e+002
3.212877e+003,1.007288e+002
3.213841e+003,1.007023e+002
3.214805e+003,1.007104e+002
3.215770e+003,1.007282e+002
3.216734e+003,1.007171e+002
3.217698e+003,1.007051e+002
3.218663e+003,1.007193e+002
3.219627e+003,1.007356e+002
3.220591e+003,1.007293e+002
3.221555e+003,1.007210e+002
3.222520e+003,1.007329e+002
3.223484e+003,1.007212e+002
3.224448e+003,1.007043e+002
3.225412e+003,1.007210e+002
3.226376e+003,1.007307e+002
3.227341e+003,1.007188e+002
3.228305e+003,1.007324e+002
3.229269e+003,1.007427e+002
3.230233e+003,1.007210e+002
3.231198e+003,1.007040e+002
3.232162e+003,1.007120e+002
3.233126e+003,1.007283e+002
3.234091e+003,1.006923e+002
3.235055e+003,1.007022e+002
3.236019e+003,1.007433e+002
3.236983e+003,1.007349e+002
3.237948e+003,1.007167e+002
3.238912e+003,1.007200e+002
3.239876e+003,1.007053e+002
3.240840e+003,1.007108e+002
3.241804e+003,1.007138e+002
3.242769e+003,1.007074e+002
3.243733e+003,1.006871e+002
3.244697e+003,1.007017e+002
3.245661e+003,1.007239e+002
3.246626e+003,1.007078e+002
3.247590e+003,1.007035e+002
3.248554e+003,1.007038e+002
3.249519e+003,1.007142e+002
3.250483e+003,1.007170e+002
3.251447e+003,1.007217e+002
3.252411e+003,1.007353e+002
3.253375e+003,1.007048e+002
3.254340e+003,1.006627e+002
3.255304e+003,1.006933e+002
3.256268e+003,1.007289e+002
3.257232e+003,1.007352e+002
3.258197e+003,1.007139e+002
3.259161e+003,1.007158e+002
3.260125e+003,1.007356e+002
3.261089e+003,1.007282e+002
3.262054e+003,1.007252e+002
3.263018e+003,1.007337e+002
3.263982e+003,1.007226e+002
3.264947e+003,1.007139e+002
3.265911e+003,1.006958e+002
3.266875e+003,1.007047e+002
3.267839e+003,1.007339e+002
3.268803e+003,1.007192e+002
3.269768e+003,1.007090e+002
3.270732e+003,1.007391e+002
3.271696e+003,1.007284e+002
3.272660e+003,1.007045e+002
3.273625e+003,1.007327e+002
3.274589e+003,1.007807e+002
3.275553e+003,1.007740e+002
3.276517e+003,1.007636e+002
3.277482e+003,1.007771e+002
3.278446e+003,1.007737e+002
3.279410e+003,1.007671e+002
3.280375e+003,1.007172e+002
3.281339e+003,1.006992e+002
3.282303e+003,1.007187e+002
3.283267e+003,1.007197e+002
3.284231e+003,1.007067e+002
3.285196e+003,1.006966e+002
3.286160e+003,1.006772e+002
3.287124e+003,1.006985e+002
3.288088e+003,1.007317e+002
3.289053e+003,1.007377e+002
3.290017e+003,1.007612e+002
3.290981e+003,1.007436e+002
3.291945e+003,1.007326e+002
3.292910e+003,1.007481e+002
3.293874e+003,1.007584e+002
3.294838e+003,1.007474e+002
3.295802e+003,1.007432e+002
3.296767e+003,1.007479e+002
3.297731e+003,1.007486e+002
3.298695e+003,1.007370e+002
3.299659e+003,1.007050e+002
3.300624e+003,1.007117e+002
3.301588e+003,1.007248e+002
3.302552e+003,1.007229e+002
3.303516e+003,1.007499e+002
3.304481e+003,1.007495e+002
3.305445e+003,1.007292e+002
3.306409e+003,1.007104e+002
3.307373e+003,1.007268e+002
3.308338e+003,1.007433e+002
3.309302e+003,1.007468e+002
3.310266e+003,1.007394e+002
3.311230e+003,1.006980e+002
3.312195e+003,1.006714e+002
3.313159e+003,1.006762e+002
3.314123e+003,1.007032e+002
3.315087e+003,1.007344e+002
3.316052e+003,1.007458e+002
3.317016e+003,1.007449e+002
3.317980e+003,1.007575e+002
3.318944e+003,1.007571e+002
3.319909e+003,1.007255e+002
3.320873e+003,1.007236e+002
3.321837e+003,1.007335e+002
3.322801e+003,1.007304e+002
3.323766e+003,1.007146e+002
3.324730e+003,1.006911e+002
3.325694e+003,1.006942e+002
3.326658e+003,1.007143e+002
3.327623e+003,1.007470e+002
3.328587e+003,1.007454e+002
3.329551e+003,1.007104e+002
3.330515e+003,1.007046e+002
3.331479e+003,1.007313e+002
3.332444e+003,1.007152e+002
3.333408e+003,1.006926e+002
3.334372e+003,1.007255e+002
3.335337e+003,1.007160e+002
3.336301e+003,1.006698e+002
3.337265e+003,1.006864e+002
3.338229e+003,1.007019e+002
3.339194e+003,1.007015e+002
3.340158e+003,1.007171e+002
3.341122e+003,1.007088e+002
3.342086e+003,1.006870e+002
3.343051e+003,1.006807e+002
3.344015e+003,1.007256e+002
3.344979e+003,1.007819e+002
3.345943e+003,1.007833e+002
3.346907e+003,1.007431e+002
3.347872e+003,1.007350e+002
3.348836e+003,1.007426e+002
3.349800e+003,1.007558e+002
3.350765e+003,1.007558e+002
3.351729e+003,1.007123e+002
3.352693e+003,1.007081e+002
3.353657e+003,1.007486e+002
3.354622e+003,1.007729e+002
3.355586e+003,1.007481e+002
3.356550e+003,1.007502e+002
3.357514e+003,1.007580e+002
3.358479e+003,1.007319e+002
3.359443e+003,1.007199e+002
3.360407e+003,1.007560e+002
3.361371e+003,1.007512e+002
3.362335e+003,1.007184e+002
3.363300e+003,1.007047e+002
3.364264e+003,1.007250e+002
3.365228e+003,1.007539e+002
3.366193e+003,1.007411e+002
3.367157e+003,1.006987e+002
3.368121e+003,1.006688e+002
3.369085e+003,1.006688e+002
3.370050e+003,1.006850e+002
3.371014e+003,1.007016e+002
3.371978e+003,1.006944e+002
3.372942e+003,1.006800e+002
3.373906e+003,1.007229e+002
3.374871e+003,1.007619e+002
3.375835e+003,1.007545e+002
3.376799e+003,1.007412e+002
3.377763e+003,1.007268e+002
3.378728e+003,1.007025e+002
3.379692e+003,1.007022e+002
3.380656e+003,1.007356e+002
3.381621e+003,1.007585e+002
3.382585e+003,1.007328e+002
3.383549e+003,1.006826e+002
3.384513e+003,1.006624e+002
3.385478e+003,1.006766e+002
3.386442e+003,1.006748e+002
3.387406e+003,1.006996e+002
3.388370e+003,1.006991e+002
3.389334e+003,1.007014e+002
3.390299e+003,1.007257e+002
3.391263e+003,1.007214e+002
3.392227e+003,1.007261e+002
3.393191e+003,1.007131e+002
3.394156e+003,1.007149e+002
3.395120e+003,1.007519e+002
3.396084e+003,1.007636e+002
3.397049e+003,1.007155e+002
3.398013e+003,1.006891e+002
3.398977e+003,1.006866e+002
3.399941e+003,1.006590e+002
3.400906e+003,1.006744e+002
3.401870e+003,1.007042e+002
3.402834e+003,1.007183e+002
3.403798e+003,1.007445e+002
3.404762e+003,1.007397e+002
3.405727e+003,1.006874e+002
3.406691e+003,1.006706e+002
3.407655e+003,1.007197e+002
3.408619e+003,1.007362e+002
3.409584e+003,1.007420e+002
3.410548e+003,1.007460e+002
3.411512e+003,1.007443e+002
3.412477e+003,1.007468e+002
3.413441e+003,1.007493e+002
3.414405e+003,1.007025e+002
3.415369e+003,1.007026e+002
3.416333e+003,1.007063e+002
3.417298e+003,1.007157e+002
3.418262e+003,1.007439e+002
3.419226e+003,1.007430e+002
3.420190e+003,1.007136e+002
3.421155e+003,1.007272e+002
3.422119e+003,1.007150e+002
3.423083e+003,1.006603e+002
3.424047e+003,1.006384e+002
3.425012e+003,1.006501e+002
3.425976e+003,1.006937e+002
3.426940e+003,1.007177e+002
3.427905e+003,1.007139e+002
3.428869e+003,1.007269e+002
3.429833e+003,1.007327e+002
3.430797e+003,1.007174e+002
3.431761e+003,1.007200e+002
3.432726e+003,1.007012e+002
3.433690e+003,1.007079e+002
3.434654e+003,1.007289e+002
3.435618e+003,1.007400e+002
3.436583e+003,1.007342e+002
3.437547e+003,1.007344e+002
3.438511e+003,1.007384e+002
3.439475e+003,1.007367e+002
3.440440e+003,1.007284e+002
3.441404e+003,1.007120e+002
3.442368e+003,1.006922e+002
3.443333e+003,1.006805e+002
3.444297e+003,1.007270e+002
3.445261e+003,1.007532e+002
3.446225e+003,1.007440e+002
3.447189e+003,1.007345e+002
3.448154e+003,1.007271e+002
3.449118e+003,1.007256e+002
3.450082e+003,1.007253e+002
3.451046e+003,1.007232e+002
3.452011e+003,1.006999e+002
3.452975e+003,1.007085e+002
3.453939e+003,1.007470e+002
3.454904e+003,1.007589e+002
3.455868e+003,1.007142e+002
3.456832e+003,1.007165e+002
3.457796e+003,1.007403e+002
3.458760e+003,1.007559e+002
3.459725e+003,1.007584e+002
3.460689e+003,1.007685e+002
3.461653e+003,1.007634e+002
3.462617e+003,1.007438e+002
3.463582e+003,1.007203e+002
3.464546e+003,1.007183e+002
3.465510e+003,1.007028e+002
3.466474e+003,1.007017e+002
3.467439e+003,1.007137e+002
3.468403e+003,1.007068e+002
3.469367e+003,1.007133e+002
3.470332e+003,1.007221e+002
3.471296e+003,1.007190e+002
3.472260e+003,1.007104e+002
3.473224e+003,1.007185e+002
3.474188e+003,1.007397e+002
3.475153e+003,1.007131e+002
3.476117e+003,1.007282e+002
3.477081e+003,1.007528e+002
3.478045e+003,1.007393e+002
3.479010e+003,1.007204e+002
3.479974e+003,1.007097e+002
3.480938e+003,1.006872e+002
3.481902e+003,1.006858e+002
3.482867e+003,1.007035e+002
3.483831e+003,1.007316e+002
3.484795e+003,1.007423e+002
3.485760e+003,1.007299e+002
3.486724e+003,1.007439e+002
3.487688e+003,1.007940e+002
3.488652e+003,1.007450e+002
3.489616e+003,1.007123e+002
3.490581e+003,1.007351e+002
3.491545e+003,1.007768e+002
3.492509e+003,1.007700e+002
3.493473e+003,1.007196e+002
3.494438e+003,1.007188e+002
3.495402e+003,1.007267e+002
3.496366e+003,1.007446e+002
3.497330e+003,1.007536e+002
3.498295e+003,1.007210e+002
3.499259e+003,1.007023e+002
3.500223e+003,1.007419e+002
3.501188e+003,1.007746e+002
3.502152e+003,1.007546e+002
3.503116e+003,1.007279e+002
3.504080e+003,1.007378e+002
3.505044e+003,1.007761e+002
3.506009e+003,1.007803e+002
3.506973e+003,1.007396e+002
3.507937e+003,1.007429e+002
3.508901e+003,1.007651e+002
3.509866e+003,1.007742e+002
3.510830e+003,1.007701e+002
3.511794e+003,1.007514e+002
3.512758e+003,1.007528e+002
3.513723e+003,1.007638e+002
3.514687e+003,1.007785e+002
3.515651e+003,1.007754e+002
3.516615e+003,1.007673e+002
3.517580e+003,1.007507e+002
3.518544e+003,1.007486e+002
3.519508e+003,1.007576e+002
3.520472e+003,1.007842e+002
3.521437e+003,1.007731e+002
3.522401e+003,1.007485e+002
3.523365e+003,1.007501e+002
3.524329e+003,1.007246e+002
3.525294e+003,1.007434e+002
3.526258e+003,1.007460e+002
3.527222e+003,1.007367e+002
3.528186e+003,1.007855e+002
3.529151e+003,1.008102e+002
3.530115e+003,1.008198e+002
3.531079e+003,1.008054e+002
3.532043e+003,1.007925e+002
3.533008e+003,1.007616e+002
3.533972e+003,1.007380e+002
3.534936e+003,1.007600e+002
3.535900e+003,1.007547e+002
3.536865e+003,1.007539e+002
3.537829e+003,1.007598e+002
3.538793e+003,1.007444e+002
3.539757e+003,1.007564e+002
3.540722e+003,1.007551e+002
3.541686e+003,1.007230e+002
3.542650e+003,1.007192e+002
3.543614e+003,1.007446e+002
3.544579e+003,1.007350e+002
3.545543e+003,1.007340e+002
3.546507e+003,1.007588e+002
3.547471e+003,1.007780e+002
3.548436e+003,1.007909e+002
3.549400e+003,1.007739e+002
3.550364e+003,1.007490e+002
3.551328e+003,1.007638e+002
3.552292e+003,1.007733e+002
3.553257e+003,1.007686e+002
3.554221e+003,1.008014e+002
3.555185e+003,1.008078e+002
3.556150e+003,1.007815e+002
3.557114e+003,1.007910e+002
3.558078e+003,1.008154e+002
3.559042e+003,1.008266e+002
3.560007e+003,1.008114e+002
3.560971e+003,1.008138e+002
3.561935e+003,1.008185e+002
3.562899e+003,1.008072e+002
3.563864e+003,1.007842e+002
3.564828e+003,1.007628e+002
3.565792e+003,1.007761e+002
3.566756e+003,1.008050e+002
3.567720e+003,1.008027e+002
3.568685e+003,1.007887e+002
3.569649e+003,1.008014e+002
3.570613e+003,1.007956e+002
3.571578e+003,1.007698e+002
3.572542e+003,1.008001e+002
3.573506e+003,1.008229e+002
3.574470e+003,1.008220e+002
3.575435e+003,1.008144e+002
3.576399e+003,1.008400e+002
3.577363e+003,1.008301e+002
3.578327e+003,1.007841e+002
3.579292e+003,1.007989e+002
3.580256e+003,1.007934e+002
3.581220e+003,1.007615e+002
3.582184e+003,1.007595e+002
3.583148e+003,1.007744e+002
3.584113e+003,1.008323e+002
3.585077e+003,1.008201e+002
3.586041e+003,1.007833e+002
3.587006e+003,1.007876e+002
3.587970e+003,1.008159e+002
3.588934e+003,1.008287e+002
3.589898e+003,1.008510e+002
3.590863e+003,1.008743e+002
3.591827e+003,1.008501e+002
3.592791e+003,1.008073e+002
3.593755e+003,1.007860e+002
3.594719e+003,1.007845e+002
3.595684e+003,1.007981e+002
3.596648e+003,1.008370e+002
3.597612e+003,1.008466e+002
3.598576e+003,1.008047e+002
3.599541e+003,1.007736e+002
3.600505e+003,1.008302e+002
3.601469e+003,1.008518e+002
3.602434e+003,1.008242e+002
3.603398e+003,1.008414e+002
3.604362e+003,1.008500e+002
3.605326e+003,1.008158e+002
3.606291e+003,1.007978e+002
3.607255e+003,1.007584e+002
3.608219e+003,1.007495e+002
3.609183e+003,1.008112e+002
3.610147e+003,1.008300e+002
3.611112e+003,1.008194e+002
3.612076e+003,1.008286e+002
3.613040e+003,1.008122e+002
3.614004e+003,1.008368e+002
3.614969e+003,1.008656e+002
3.615933e+003,1.008437e+002
3.616897e+003,1.008404e+002
3.617862e+003,1.008951e+002
3.618826e+003,1.008742e+002
3.619790e+003,1.008107e+002
3.620754e+003,1.008077e+002
3.621719e+003,1.008402e+002
3.622683e+003,1.008476e+002
3.623647e+003,1.008658e+002
3.624611e+003,1.008616e+002
3.625575e+003,1.008496e+002
3.626540e+003,1.008403e+002
3.627504e+003,1.008305e+002
3.628468e+003,1.008314e+002
3.629432e+003,1.008690e+002
3.630397e+003,1.008835e+002
3.631361e+003,1.008583e+002
3.632325e+003,1.008380e+002
3.633290e+003,1.008863e+002
3.634254e+003,1.008992e+002
3.635218e+003,1.008756e+002
3.636182e+003,1.008487e+002
3.637146e+003,1.008678e+002
3.638111e+003,1.008700e+002
3.639075e+003,1.008396e+002
3.640039e+003,1.008276e+002
3.641003e+003,1.008093e+002
3.641968e+003,1.008673e+002
3.642932e+003,1.008837e+002
3.643896e+003,1.008358e+002
3.644860e+003,1.008143e+002
3.645825e+003,1.008177e+002
3.646789e+003,1.008633e+002
3.647753e+003,1.009196e+002
3.648718e+003,1.008940e+002
3.649682e+003,1.008343e+002
3.650646e+003,1.008407e+002
3.651610e+003,1.008671e+002
3.652574e+003,1.008551e+002
3.653539e+003,1.008774e+002
3.654503e+003,1.008820e+002
3.655467e+003,1.008648e+002
3.656431e+003,1.009000e+002
3.657396e+003,1.008720e+002
3.658360e+003,1.008351e+002
3.659324e+003,1.008502e+002
3.660288e+003,1.008511e+002
3.661253e+003,1.008631e+002
3.662217e+003,1.009042e+002
3.663181e+003,1.009021e+002
3.664146e+003,1.009081e+002
3.665110e+003,1.009055e+002
3.666074e+003,1.008838e+002
3.667038e+003,1.008713e+002
3.668002e+003,1.008919e+002
3.668967e+003,1.008923e+002
3.669931e+003,1.008874e+002
3.670895e+003,1.008871e+002
3.671859e+003,1.008927e+002
3.672824e+003,1.009132e+002
3.673788e+003,1.008905e+002
3.674752e+003,1.008560e+002
3.675716e+003,1.008238e+002
3.676681e+003,1.008469e+002
3.677645e+003,1.008662e+002
3.678609e+003,1.008982e+002
3.679573e+003,1.008893e+002
3.680538e+003,1.008831e+002
3.681502e+003,1.008845e+002
3.682466e+003,1.008573e+002
3.683430e+003,1.008674e+002
3.684395e+003,1.008833e+002
3.685359e+003,1.008733e+002
3.686323e+003,1.008914e+002
3.687287e+003,1.008988e+002
3.688252e+003,1.008953e+002
3.689216e+003,1.008703e+002
3.690180e+003,1.008786e+002
3.691145e+003,1.009167e+002
3.692109e+003,1.009299e+002
3.693073e+003,1.008880e+002
3.694037e+003,1.008629e+002
3.695001e+003,1.009061e+002
3.695966e+003,1.009080e+002
3.696930e+003,1.008928e+002
3.697894e+003,1.009099e+002
3.698858e+003,1.009249e+002
3.699823e+003,1.009136e+002
3.700787e+003,1.009140e+002
3.701751e+003,1.009122e+002
3.702715e+003,1.009266e+002
3.703680e+003,1.008882e+002
3.704644e+003,1.008479e+002
3.705608e+003,1.008733e+002
3.706573e+003,1.008885e+002
3.707537e+003,1.008963e+002
3.708501e+003,1.008956e+002
3.709465e+003,1.009143e+002
3.710429e+003,1.009052e+002
3.711394e+003,1.008767e+002
3.712358e+003,1.008845e+002
3.713322e+003,1.009056e+002
3.714286e+003,1.009106e+002
3.715251e+003,1.008878e+002
3.716215e+003,1.009008e+002
3.717179e+003,1.009002e+002
3.718143e+003,1.008717e+002
3.719108e+003,1.008930e+002
3.720072e+003,1.009232e+002
3.721036e+003,1.008962e+002
3.722000e+003,1.008922e+002
3.722965e+003,1.008744e+002
3.723929e+003,1.008691e+002
3.724893e+003,1.009075e+002
3.725857e+003,1.009315e+002
3.726822e+003,1.009080e+002
3.727786e+003,1.009053e+002
3.728750e+003,1.009250e+002
3.729714e+003,1.009577e+002
3.730679e+003,1.009897e+002
3.731643e+003,1.009511e+002
3.732607e+003,1.009094e+002
3.733571e+003,1.008903e+002
3.734536e+003,1.008868e+002
3.735500e+003,1.009208e+002
3.736464e+003,1.008978e+002
3.737428e+003,1.008783e+002
3.738393e+003,1.008980e+002
3.739357e+003,1.008971e+002
3.740321e+003,1.008928e+002
3.741285e+003,1.009127e+002
3.742250e+003,1.009013e+002
3.743214e+003,1.008531e+002
3.744178e+003,1.008771e+002
3.745142e+003,1.009284e+002
3.746107e+003,1.009167e+002
3.747071e+003,1.009082e+002
3.748035e+003,1.008933e+002
3.748999e+003,1.008684e+002
3.749964e+003,1.008897e+002
3.750928e+003,1.009131e+002
3.751892e+003,1.009428e+002
3.752856e+003,1.009443e+002
3.753821e+003,1.009335e+002
3.754785e+003,1.009310e+002
3.755749e+003,1.009268e+002
3.756713e+003,1.008962e+002
3.757677e+003,1.008955e+002
3.758642e+003,1.008995e+002
3.759606e+003,1.008961e+002
3.760570e+003,1.009329e+002
3.761535e+003,1.009303e+002
3.762499e+003,1.009138e+002
3.763463e+003,1.008840e+002
3.764427e+003,1.008236e+002
3.765392e+003,1.008505e+002
3.766356e+003,1.009420e+002
3.767320e+003,1.009493e+002
3.768284e+003,1.008921e+002
3.769249e+003,1.009144e+002
3.770213e+003,1.009626e+002
3.771177e+003,1.009333e+002
3.772141e+003,1.009001e+002
3.773105e+003,1.009077e+002
3.774070e+003,1.009315e+002
3.775034e+003,1.009353e+002
3.775998e+003,1.009305e+002
3.776963e+003,1.008997e+002
3.777927e+003,1.009005e+002
3.778891e+003,1.009582e+002
3.779855e+003,1.009675e+002
3.780820e+003,1.009282e+002
3.781784e+003,1.008974e+002
3.782748e+003,1.008723e+002
3.783712e+003,1.008758e+002
3.784677e+003,1.008482e+002
3.785641e+003,1.009082e+002
3.786605e+003,1.009565e+002
3.787569e+003,1.009138e+002
3.788533e+003,1.008960e+002
3.789498e+003,1.009225e+002
3.790462e+003,1.009321e+002
3.791426e+003,1.009539e+002
3.792391e+003,1.009324e+002
3.793355e+003,1.009068e+002
3.794319e+003,1.009219e+002
3.795283e+003,1.009510e+002
3.796248e+003,1.009484e+002
3.797212e+003,1.009112e+002
3.798176e+003,1.008855e+002
3.799140e+003,1.009189e+002
3.800104e+003,1.009303e+002
3.801069e+003,1.009357e+002
3.802033e+003,1.009243e+002
3.802997e+003,1.009116e+002
3.803961e+003,1.009243e+002
3.804926e+003,1.009224e+002
3.805890e+003,1.008877e+002
3.806854e+003,1.009115e+002
3.807819e+003,1.009043e+002
3.808783e+003,1.008930e+002
3.809747e+003,1.009196e+002
3.810711e+003,1.009399e+002
3.811676e+003,1.009301e+002
3.812640e+003,1.009412e+002
3.813604e+003,1.009309e+002
3.814568e+003,1.008959e+002
3.815532e+003,1.009247e+002
3.816497e+003,1.009322e+002
3.817461e+003,1.008812e+002
3.818425e+003,1.008846e+002
3.819389e+003,1.009122e+002
3.820354e+003,1.009498e+002
3.821318e+003,1.009526e+002
3.822282e+003,1.009198e+002
3.823247e+003,1.009145e+002
3.824211e+003,1.009129e+002
3.825175e+003,1.009409e+002
3.826139e+003,1.009596e+002
3.827104e+003,1.009395e+002
3.828068e+003,1.009507e+002
3.829032e+003,1.009562e+002
3.829996e+003,1.009365e+002
3.830960e+003,1.009309e+002
3.831925e+003,1.009390e+002
3.832889e+003,1.008960e+002
3.833853e+003,1.009051e+002
3.834817e+003,1.009165e+002
3.835782e+003,1.009009e+002
3.836746e+003,1.009070e+002
3.837710e+003,1.009219e+002
3.838675e+003,1.009401e+002
3.839639e+003,1.009278e+002
3.840603e+003,1.009214e+002
3.841567e+003,1.009249e+002
3.842531e+003,1.008972e+002
3.843496e+003,1.008788e+002
3.844460e+003,1.009122e+002
3.845424e+003,1.009446e+002
3.846388e+003,1.009165e+002
3.847353e+003,1.008851e+002
3.848317e+003,1.008909e+002
3.849281e+003,1.008846e+002
3.850245e+003,1.009583e+002
3.851210e+003,1.009676e+002
3.852174e+003,1.009070e+002
3.853138e+003,1.009234e+002
3.854103e+003,1.009585e+002
3.855067e+003,1.009751e+002
3.856031e+003,1.009222e+002
3.856995e+003,1.009228e+002
3.857959e+003,1.009251e+002
3.858924e+003,1.009182e+002
3.859888e+003,1.009425e+002
3.860852e+003,1.009882e+002
3.861816e+003,1.009873e+002
3.862781e+003,1.009449e+002
3.863745e+003,1.009347e+002
3.864709e+003,1.009245e+002
3.865673e+003,1.009476e+002
3.866638e+003,1.009794e+002
3.867602e+003,1.009556e+002
3.868566e+003,1.009435e+002
3.869531e+003,1.009384e+002
3.870495e+003,1.009122e+002
3.871459e+003,1.009272e+002
3.872423e+003,1.009613e+002
3.873387e+003,1.009453e+002
3.874352e+003,1.009181e+002
3.875316e+003,1.009048e+002
3.876280e+003,1.009215e+002
3.877244e+003,1.009215e+002
3.878209e+003,1.009313e+002
3.879173e+003,1.009643e+002
3.880137e+003,1.009797e+002
3.881101e+003,1.009860e+002
3.882066e+003,1.009743e+002
3.883030e+003,1.009447e+002
3.883994e+003,1.009189e+002
3.884958e+003,1.009335e+002
3.885923e+003,1.009496e+002
3.886887e+003,1.009568e+002
3.887851e+003,1.009397e+002
3.888815e+003,1.009350e+002
3.889780e+003,1.009612e+002
3.890744e+003,1.009779e+002
3.891708e+003,1.009476e+002
3.892672e+003,1.009426e+002
3.893637e+003,1.009892e+002
3.894601e+003,1.010006e+002
3.895565e+003,1.009761e+002
3.896529e+003,1.009625e+002
3.897494e+003,1.009437e+002
3.898458e+003,1.009246e+002
3.899422e+003,1.009401e+002
3.900386e+003,1.009444e+002
3.901351e+003,1.009377e+002
3.902315e+003,1.009541e+002
3.903279e+003,1.010239e+002
3.904243e+003,1.010239e+002
3.905208e+003,1.009749e+002
3.906172e+003,1.009791e+002
3.907136e+003,1.009417e+002
3.908100e+003,1.008923e+002
3.909065e+003,1.009146e+002
3.910029e+003,1.009527e+002
3.910993e+003,1.009334e+002
3.911957e+003,1.009087e+002
3.912922e+003,1.009176e+002
3.913886e+003,1.009735e+002
3.914850e+003,1.010248e+002
3.915814e+003,1.009731e+002
3.916779e+003,1.009516e+002
3.917743e+003,1.009701e+002
3.918707e+003,1.009311e+002
3.919671e+003,1.009065e+002
3.920636e+003,1.008986e+002
3.921600e+003,1.009408e+002
3.922564e+003,1.009485e+002
3.923528e+003,1.009424e+002
3.924493e+003,1.009466e+002
3.925457e+003,1.009747e+002
3.926421e+003,1.009600e+002
3.927385e+003,1.009417e+002
3.928350e+003,1.009388e+002
3.929314e+003,1.009336e+002
3.930278e+003,1.009506e+002
3.931242e+003,1.009907e+002
3.932207e+003,1.009820e+002
3.933171e+003,1.009510e+002
3.934135e+003,1.008990e+002
3.935099e+003,1.008892e+002
3.936064e+003,1.009387e+002
3.937028e+003,1.009277e+002
3.937992e+003,1.009030e+002
3.938956e+003,1.009347e+002
3.939921e+003,1.009441e+002
3.940885e+003,1.009489e+002
3.941849e+003,1.009879e+002
3.942813e+003,1.010115e+002
3.943778e+003,1.010155e+002
3.944742e+003,1.009905e+002
3.945706e+003,1.009356e+002
3.946670e+003,1.009209e+002
3.947635e+003,1.009063e+002
3.948599e+003,1.008829e+002
3.949563e+003,1.009063e+002
3.950527e+003,1.009286e+002
3.951492e+003,1.009479e+002
3.952456e+003,1.009319e+002
3.953420e+003,1.009266e+002
3.954384e+003,1.009735e+002
3.955349e+003,1.009754e+002
3.956313e+003,1.009115e+002
3.957277e+003,1.008593e+002
3.958241e+003,1.008946e+002
3.959206e+003,1.009468e+002
3.960170e+003,1.009503e+002
3.961134e+003,1.009600e+002
3.962098e+003,1.009738e+002
3.963063e+003,1.009773e+002
3.964027e+003,1.009585e+002
3.964991e+003,1.009861e+002
3.965955e+003,1.009578e+002
3.966920e+003,1.009213e+002
3.967884e+003,1.009190e+002
3.968848e+003,1.008970e+002
3.969812e+003,1.008722e+002
3.970777e+003,1.009051e+002
3.971741e+003,1.009618e+002
3.972705e+003,1.009762e+002
3.973669e+003,1.010140e+002
3.974634e+003,1.010126e+002
3.975598e+003,1.009517e+002
3.976562e+003,1.009394e+002
3.977526e+003,1.009603e+002
3.978490e+003,1.009629e+002
3.979455e+003,1.009777e+002
3.980419e+003,1.009786e+002
3.981383e+003,1.009584e+002
3.982348e+003,1.009614e+002
3.983312e+003,1.009300e+002
3.984276e+003,1.009068e+002
3.985240e+003,1.009408e+002
3.986205e+003,1.009710e+002
3.987169e+003,1.009386e+002
3.988133e+003,1.009350e+002
3.989097e+003,1.009517e+002
3.990062e+003,1.009273e+002
3.991026e+003,1.008994e+002
3.991990e+003,1.009275e+002
3.992954e+003,1.009538e+002
3.993918e+003,1.009567e+002
3.994883e+003,1.009117e+002
3.995847e+003,1.009029e+002
3.996811e+003,1.009471e+002
3.997776e+003,1.009991e+002
3.998740e+003,1.010135e+002
3.999704e+003,1.009496e+002
4.000668e+003,0.000000e+000
