3.991989e+002,0.000000e+000
4.001631e+002,0.000000e+000
4.011274e+002,0.000000e+000
4.020916e+002,0.000000e+000
4.030559e+002,0.000000e+000
4.040201e+002,0.000000e+000
4.049844e+002,0.000000e+000
4.059486e+002,0.000000e+000
4.069129e+002,0.000000e+000
4.078771e+002,0.000000e+000
4.088414e+002,0.000000e+000
4.098056e+002,0.000000e+000
4.107699e+002,0.000000e+000
4.117341e+002,0.000000e+000
4.126984e+002,0.000000e+000
4.136626e+002,0.000000e+000
4.146269e+002,0.000000e+000
4.155911e+002,0.000000e+000
4.165554e+002,0.000000e+000
4.175196e+002,0.000000e+000
4.184839e+002,0.000000e+000
4.194481e+002,0.000000e+000
4.204124e+002,0.000000e+000
4.213766e+002,0.000000e+000
4.223409e+002,0.000000e+000
4.233051e+002,0.000000e+000
4.242693e+002,0.000000e+000
4.252336e+002,0.000000e+000
4.261978e+002,0.000000e+000
4.271621e+002,0.000000e+000
4.281263e+002,0.000000e+000
4.290906e+002,0.000000e+000
4.300548e+002,0.000000e+000
4.310191e+002,0.000000e+000
4.319833e+002,0.000000e+000
4.329476e+002,0.000000e+000
4.339118e+002,0.000000e+000
4.348761e+002,0.000000e+000
4.358403e+002,0.000000e+000
4.368046e+002,0.000000e+000
4.377688e+002,0.000000e+000
4.387331e+002,0.000000e+000
4.396973e+002,0.000000e+000
4.406616e+002,0.000000e+000
4.416258e+002,0.000000e+000
4.425901e+002,0.000000e+000
4.435543e+002,0.000000e+000
4.445186e+002,0.000000e+000
4.454828e+002,0.000000e+000
4.464471e+002,0.000000e+000
4.474113e+002,0.000000e+000
4.483756e+002,0.000000e+000
4.493398e+002,0.000000e+000
4.503041e+002,0.000000e+000
4.512683e+002,0.000000e+000
4.522326e+002,0.000000e+000
4.531968e+002,0.000000e+000
4.541611e+002,0.000000e+000
4.551253e+002,0.000000e+000
4.560896e+002,0.000000e+000
4.570538e+002,0.000000e+000
4.580181e+002,0.000000e+000
4.589823e+002,0.000000e+000
4.599466e+002,0.000000e+000
4.609108e+002,0.000000e+000
4.618751e+002,0.000000e+000
4.628393e+002,0.000000e+000
4.638036e+002,0.000000e+000
4.647678e+002,0.000000e+000
4.657321e+002,0.000000e+000
4.666963e+002,0.000000e+000
4.676606e+002,0.000000e+000
4.686248e+002,0.000000e+000
4.695891e+002,0.000000e+000
4.705533e+002,0.000000e+000
4.715175e+002,0.000000e+000
4.724818e+002,0.000000e+000
4.734460e+002,0.000000e+000
4.744103e+002,0.000000e+000
4.753745e+002,0.000000e+000
4.763388e+002,0.000000e+000
4.773030e+002,0.000000e+000
4.782673e+002,0.000000e+000
4.792315e+002,0.000000e+000
4.801958e+002,0.000000e+000
4.811600e+002,0.000000e+000
4.821243e+002,0.000000e+000
4.830885e+002,0.000000e+000
4.840528e+002,0.000000e+000
4.850170e+002,0.000000e+000
4.859813e+002,0.000000e+000
4.869455e+002,0.000000e+000
4.879098e+002,0.000000e+000
4.888740e+002,0.000000e+000
4.898383e+002,0.000000e+000
4.908025e+002,0.000000e+000
4.917668e+002,0.000000e+000
4.927310e+002,0.000000e+000
4.936953e+002,0.000000e+000
4.946595e+002,0.000000e+000
4.956238e+002,0.000000e+000
4.965880e+002,0.000000e+000
4.975523e+002,0.000000e+000
4.985165e+002,0.000000e+000
4.994808e+002,0.000000e+000
5.004450e+002,0.000000e+000
5.014093e+002,0.000000e+000
5.023735e+002,0.000000e+000
5.033378e+002,0.000000e+000
5.043020e+002,0.000000e+000
5.052663e+002,0.000000e+000
5.062305e+002,0.000000e+000
5.071948e+002,0.000000e+000
5.081590e+002,0.000000e+000
5.091233e+002,0.000000e+000
5.100875e+002,0.000000e+000
5.110518e+002,0.000000e+000
5.120160e+002,0.000000e+000
5.129802e+002,0.000000e+000
5.139445e+002,0.000000e+000
5.149088e+002,0.000000e+000
5.158730e+002,0.000000e+000
5.168372e+002,0.000000e+000
5.178015e+002,0.000000e+000
5.187657e+002,0.000000e+000
5.197300e+002,0.000000e+000
5.206942e+002,0.000000e+000
5.216585e+002,0.000000e+000
5.226227e+002,0.000000e+000
5.235870e+002,0.000000e+000
5.245512e+002,0.000000e+000
5.255155e+002,0.000000e+000
5.264797e+002,0.000000e+000
5.274440e+002,0.000000e+000
5.284082e+002,0.000000e+000
5.293725e+002,0.000000e+000
5.303367e+002,0.000000e+000
5.313010e+002,0.000000e+000
5.322652e+002,0.000000e+000
5.332295e+002,0.000000e+000
5.341937e+002,0.000000e+000
5.351580e+002,0.000000e+000
5.361222e+002,0.000000e+000
5.370865e+002,0.000000e+000
5.380507e+002,0.000000e+000
5.390150e+002,0.000000e+000
5.399792e+002,0.000000e+000
5.409435e+002,0.000000e+000
5.419077e+002,0.000000e+000
5.428719e+002,0.000000e+000
5.438362e+002,0.000000e+000
5.448005e+002,0.000000e+000
5.457647e+002,0.000000e+000
5.467289e+002,0.000000e+000
5.476932e+002,0.000000e+000
5.486575e+002,0.000000e+000
5.496217e+002,0.000000e+000
5.505859e+002,0.000000e+000
5.515502e+002,0.000000e+000
5.525145e+002,0.000000e+000
5.534787e+002,0.000000e+000
5.544429e+002,0.000000e+000
5.554072e+002,0.000000e+000
5.563715e+002,0.000000e+000
5.573357e+002,0.000000e+000
5.582999e+002,0.000000e+000
5.592642e+002,0.000000e+000
5.602285e+002,0.000000e+000
5.611927e+002,0.000000e+000
5.621569e+002,0.000000e+000
5.631212e+002,0.000000e+000
5.640854e+002,0.000000e+000
5.650497e+002,0.000000e+000
5.660139e+002,0.000000e+000
5.669782e+002,0.000000e+000
5.679424e+002,0.000000e+000
5.689067e+002,0.000000e+000
5.698709e+002,0.000000e+000
5.708352e+002,0.000000e+000
5.717994e+002,0.000000e+000
5.727637e+002,0.000000e+000
5.737279e+002,0.000000e+000
5.746922e+002,0.000000e+000
5.756564e+002,0.000000e+000
5.766207e+002,0.000000e+000
5.775849e+002,0.000000e+000
5.785492e+002,0.000000e+000
5.795134e+002,0.000000e+000
5.804777e+002,0.000000e+000
5.814419e+002,0.000000e+000
5.824062e+002,0.000000e+000
5.833704e+002,0.000000e+000
5.843347e+002,0.000000e+000
5.852989e+002,0.000000e+000
5.862632e+002,0.000000e+000
5.872274e+002,0.000000e+000
5.881917e+002,0.000000e+000
5.891559e+002,0.000000e+000
5.901202e+002,0.000000e+000
5.910844e+002,0.000000e+000
5.920486e+002,0.000000e+000
5.930129e+002,0.000000e+000
5.939772e+002,0.000000e+000
5.949414e+002,0.000000e+000
5.959056e+002,0.000000e+000
5.968699e+002,0.000000e+000
5.978342e+002,0.000000e+000
5.987984e+002,0.000000e+000
5.997626e+002,0.000000e+000
6.007269e+002,0.000000e+000
6.016912e+002,0.000000e+000
6.026554e+002,0.000000e+000
6.036196e+002,0.000000e+000
6.045839e+002,0.000000e+000
6.055482e+002,0.000000e+000
6.065124e+002,0.000000e+000
6.074766e+002,0.000000e+000
6.084409e+002,0.000000e+000
6.094052e+002,0.000000e+000
6.103694e+002,0.000000e+000
6.113336e+002,0.000000e+000
6.122979e+002,0.000000e+000
6.132621e+002,0.000000e+000
6.142264e+002,0.000000e+000
6.151906e+002,0.000000e+000
6.161548e+002,0.000000e+000
6.171191e+002,0.000000e+000
6.180834e+002,0.000000e+000
6.190476e+002,0.000000e+000
6.200118e+002,0.000000e+000
6.209761e+002,0.000000e+000
6.219404e+002,0.000000e+000
6.229046e+002,0.000000e+000
6.238688e+002,0.000000e+000
6.248331e+002,0.000000e+000
6.257974e+002,0.000000e+000
6.267616e+002,0.000000e+000
6.277258e+002,0.000000e+000
6.286901e+002,0.000000e+000
6.296544e+002,0.000000e+000
6.306186e+002,0.000000e+000
6.315828e+002,0.000000e+000
6.325471e+002,0.000000e+000
6.335114e+002,0.000000e+000
6.344756e+002,0.000000e+000
6.354398e+002,0.000000e+000
6.364041e+002,0.000000e+000
6.373683e+002,0.000000e+000
6.383326e+002,0.000000e+000
6.392968e+002,0.000000e+000
6.402611e+002,0.000000e+000
6.412253e+002,0.000000e+000
6.421896e+002,0.000000e+000
6.431538e+002,0.000000e+000
6.441181e+002,0.000000e+000
6.450823e+002,0.000000e+000
6.460466e+002,0.000000e+000
6.470109e+002,0.000000e+000
6.479751e+002,0.000000e+000
6.489393e+002,0.000000e+000
6.499036e+002,1.015528e+002
6.508679e+002,1.014802e+002
6.518321e+002,1.015118e+002
6.527963e+002,1.016304e+002
6.537606e+002,1.015934e+002
6.547249e+002,1.015531e+002
6.556891e+002,1.014776e+002
6.566533e+002,1.015002e+002
6.576176e+002,1.015579e+002
6.585818e+002,1.014977e+002
6.595461e+002,1.014350e+002
6.605103e+002,1.014932e+002
6.614745e+002,1.016134e+002
6.624388e+002,1.016607e+002
6.634031e+002,1.016105e+002
6.643673e+002,1.015694e+002
6.653315e+002,1.016384e+002
6.662958e+002,1.016443e+002
6.672601e+002,1.015630e+002
6.682243e+002,1.016253e+002
6.691885e+002,1.015908e+002
6.701528e+002,1.015195e+002
6.711171e+002,1.015172e+002
6.720813e+002,1.015776e+002
6.730455e+002,1.016835e+002
6.740098e+002,1.016281e+002
6.749741e+002,1.015672e+002
6.759383e+002,1.016188e+002
6.769025e+002,1.016764e+002
6.778668e+002,1.017677e+002
6.788311e+002,1.016881e+002
6.797953e+002,1.015612e+002
6.807595e+002,1.016064e+002
6.817238e+002,1.016116e+002
6.826880e+002,1.015423e+002
6.836523e+002,1.015089e+002
6.846165e+002,1.015580e+002
6.855808e+002,1.015224e+002
6.865450e+002,1.014013e+002
6.875093e+002,1.013920e+002
6.884735e+002,1.013664e+002
6.894378e+002,1.013584e+002
6.904020e+002,1.013860e+002
6.913663e+002,1.013920e+002
6.923305e+002,1.014483e+002
6.932948e+002,1.014698e+002
6.942590e+002,1.014029e+002
6.952233e+002,1.013751e+002
6.961875e+002,1.013520e+002
6.971518e+002,1.012590e+002
6.981160e+002,1.012361e+002
6.990803e+002,1.012497e+002
7.000445e+002,1.012864e+002
7.010088e+002,1.012914e+002
7.019730e+002,1.012944e+002
7.029373e+002,1.013386e+002
7.039015e+002,1.012967e+002
7.048658e+002,1.013408e+002
7.058300e+002,1.013642e+002
7.067943e+002,1.014048e+002
7.077585e+002,1.014161e+002
7.087228e+002,1.014260e+002
7.096870e+002,1.013894e+002
7.106512e+002,1.013149e+002
7.116155e+002,1.013659e+002
7.125798e+002,1.013794e+002
7.135440e+002,1.014169e+002
7.145082e+002,1.015069e+002
7.154725e+002,1.015060e+002
7.164368e+002,1.014622e+002
7.174010e+002,1.013981e+002
7.183652e+002,1.013725e+002
7.193295e+002,1.013809e+002
7.202938e+002,1.013928e+002
7.212580e+002,1.013411e+002
7.222222e+002,1.013156e+002
7.231865e+002,1.014398e+002
7.241508e+002,1.014462e+002
7.251150e+002,1.014102e+002
7.260792e+002,1.014381e+002
7.270435e+002,1.014969e+002
7.280078e+002,1.014693e+002
7.289720e+002,1.014609e+002
7.299362e+002,1.015276e+002
7.309005e+002,1.015113e+002
7.318647e+002,1.014252e+002
7.328290e+002,1.014423e+002
7.337932e+002,1.014238e+002
7.347575e+002,1.014615e+002
7.357217e+002,1.015451e+002
7.366860e+002,1.015056e+002
7.376502e+002,1.014794e+002
7.386145e+002,1.015270e+002
7.395787e+002,1.015020e+002
7.405430e+002,1.015245e+002
7.415072e+002,1.015953e+002
7.424715e+002,1.016238e+002
7.434357e+002,1.015727e+002
7.444000e+002,1.015119e+002
7.453642e+002,1.014991e+002
7.463285e+002,1.014824e+002
7.472927e+002,1.013867e+002
7.482570e+002,1.013180e+002
7.492212e+002,1.014111e+002
7.501855e+002,1.014641e+002
7.511497e+002,1.013924e+002
7.521140e+002,1.013304e+002
7.530782e+002,1.012913e+002
7.540425e+002,1.012950e+002
7.550067e+002,1.013587e+002
7.559709e+002,1.013509e+002
7.569352e+002,1.012988e+002
7.578995e+002,1.012988e+002
7.588637e+002,1.013531e+002
7.598279e+002,1.013434e+002
7.607922e+002,1.012572e+002
7.617565e+002,1.012739e+002
7.627207e+002,1.012717e+002
7.636849e+002,1.012803e+002
7.646492e+002,1.012894e+002
7.656135e+002,1.012256e+002
7.665777e+002,1.012613e+002
7.675419e+002,1.013426e+002
7.685062e+002,1.013953e+002
7.694705e+002,1.013364e+002
7.704347e+002,1.012303e+002
7.713989e+002,1.012212e+002
7.723632e+002,1.012645e+002
7.733275e+002,1.012908e+002
7.742917e+002,1.012809e+002
7.752559e+002,1.012715e+002
7.762202e+002,1.012866e+002
7.771844e+002,1.012683e+002
7.781487e+002,1.012471e+002
7.791129e+002,1.013052e+002
7.800771e+002,1.013546e+002
7.810414e+002,1.013734e+002
7.820057e+002,1.013974e+002
7.829699e+002,1.013386e+002
7.839341e+002,1.012640e+002
7.848984e+002,1.012982e+002
7.858627e+002,1.013244e+002
7.868269e+002,1.012403e+002
7.877911e+002,1.013088e+002
7.887554e+002,1.012416e+002
7.897197e+002,1.011331e+002
7.906839e+002,1.012467e+002
7.916481e+002,1.013057e+002
7.926124e+002,1.012278e+002
7.935767e+002,1.012395e+002
7.945409e+002,1.013189e+002
7.955051e+002,1.012996e+002
7.964694e+002,1.012487e+002
7.974337e+002,1.013091e+002
7.983979e+002,1.014192e+002
7.993621e+002,1.014222e+002
8.003264e+002,1.013650e+002
8.012906e+002,1.013134e+002
8.022549e+002,1.012808e+002
8.032191e+002,1.013160e+002
8.041834e+002,1.013233e+002
8.051476e+002,1.013659e+002
8.061119e+002,1.014080e+002
8.070761e+002,1.013476e+002
8.080404e+002,1.013182e+002
8.090046e+002,1.013579e+002
8.099689e+002,1.013264e+002
8.109332e+002,1.012713e+002
8.118974e+002,1.012920e+002
8.128616e+002,1.013259e+002
8.138259e+002,1.012896e+002
8.147902e+002,1.012079e+002
8.157544e+002,1.011704e+002
8.167186e+002,1.011397e+002
8.176829e+002,1.011617e+002
8.186472e+002,1.012053e+002
8.196114e+002,1.011786e+002
8.205756e+002,1.011677e+002
8.215399e+002,1.012007e+002
8.225042e+002,1.012294e+002
8.234684e+002,1.012925e+002
8.244326e+002,1.013377e+002
8.253969e+002,1.013537e+002
8.263611e+002,1.013254e+002
8.273254e+002,1.013488e+002
8.282896e+002,1.012732e+002
8.292538e+002,1.012349e+002
8.302181e+002,1.013877e+002
8.311824e+002,1.014367e+002
8.321466e+002,1.013878e+002
8.331108e+002,1.013876e+002
8.340751e+002,1.014554e+002
8.350394e+002,1.015383e+002
8.360036e+002,1.015053e+002
8.369678e+002,1.014084e+002
8.379321e+002,1.013060e+002
8.388964e+002,1.012571e+002
8.398606e+002,1.012546e+002
8.408248e+002,1.012910e+002
8.417891e+002,1.013639e+002
8.427534e+002,1.013847e+002
8.437176e+002,1.013551e+002
8.446818e+002,1.013167e+002
8.456461e+002,1.012927e+002
8.466104e+002,1.012439e+002
8.475746e+002,1.012492e+002
8.485388e+002,1.013622e+002
8.495031e+002,1.014290e+002
8.504673e+002,1.013460e+002
8.514316e+002,1.013324e+002
8.523958e+002,1.014279e+002
8.533601e+002,1.013446e+002
8.543243e+002,1.012839e+002
8.552886e+002,1.013472e+002
8.562528e+002,1.013394e+002
8.572171e+002,1.013325e+002
8.581813e+002,1.013900e+002
8.591456e+002,1.013718e+002
8.601098e+002,1.013318e+002
8.610741e+002,1.013004e+002
8.620383e+002,1.012682e+002
8.630026e+002,1.012585e+002
8.639668e+002,1.013145e+002
8.649311e+002,1.013119e+002
8.658953e+002,1.013051e+002
8.668596e+002,1.013296e+002
8.678238e+002,1.012696e+002
8.687881e+002,1.012417e+002
8.697523e+002,1.013309e+002
8.707166e+002,1.013797e+002
8.716808e+002,1.013822e+002
8.726451e+002,1.013999e+002
8.736093e+002,1.012955e+002
8.745735e+002,1.012536e+002
8.755378e+002,1.012705e+002
8.765021e+002,1.012305e+002
8.774663e+002,1.012375e+002
8.784305e+002,1.012873e+002
8.793948e+002,1.013503e+002
8.803591e+002,1.012688e+002
8.813233e+002,1.011071e+002
8.822875e+002,1.011182e+002
8.832518e+002,1.011933e+002
8.842161e+002,1.011535e+002
8.851803e+002,1.011100e+002
8.861445e+002,1.011919e+002
8.871088e+002,1.012197e+002
8.880731e+002,1.011624e+002
8.890373e+002,1.011452e+002
8.900015e+002,1.011549e+002
8.909658e+002,1.010983e+002
8.919301e+002,1.011462e+002
8.928943e+002,1.012377e+002
8.938585e+002,1.012351e+002
8.948228e+002,1.011870e+002
8.957870e+002,1.011326e+002
8.967513e+002,1.011166e+002
8.977155e+002,1.010924e+002
8.986798e+002,1.010743e+002
8.996440e+002,1.010665e+002
9.006083e+002,1.010806e+002
9.015725e+002,1.010640e+002
9.025368e+002,1.010652e+002
9.035010e+002,1.010653e+002
9.044653e+002,1.010903e+002
9.054295e+002,1.010866e+002
9.063938e+002,1.010649e+002
9.073580e+002,1.010607e+002
9.083223e+002,1.010271e+002
9.092865e+002,1.009864e+002
9.102508e+002,1.010062e+002
9.112150e+002,1.010538e+002
9.121793e+002,1.011099e+002
9.131435e+002,1.011337e+002
9.141078e+002,1.011370e+002
9.150720e+002,1.011641e+002
9.160363e+002,1.011970e+002
9.170005e+002,1.012018e+002
9.179648e+002,1.011995e+002
9.189290e+002,1.012081e+002
9.198932e+002,1.011773e+002
9.208575e+002,1.011786e+002
9.218218e+002,1.011888e+002
9.227860e+002,1.011767e+002
9.237502e+002,1.011887e+002
9.247145e+002,1.012232e+002
9.256788e+002,1.011901e+002
9.266430e+002,1.012266e+002
9.276072e+002,1.013032e+002
9.285715e+002,1.012854e+002
9.295358e+002,1.012718e+002
9.305000e+002,1.012686e+002
9.314642e+002,1.012465e+002
9.324285e+002,1.012274e+002
9.333928e+002,1.011676e+002
9.343570e+002,1.011270e+002
9.353212e+002,1.011303e+002
9.362855e+002,1.011165e+002
9.372498e+002,1.011144e+002
9.382140e+002,1.011341e+002
9.391782e+002,1.011496e+002
9.401425e+002,1.011285e+002
9.411068e+002,1.010549e+002
9.420710e+002,1.010594e+002
9.430352e+002,1.010636e+002
9.439995e+002,1.011091e+002
9.449637e+002,1.011858e+002
9.459280e+002,1.011800e+002
9.468922e+002,1.010814e+002
9.478564e+002,1.010647e+002
9.488207e+002,1.011314e+002
9.497850e+002,1.011976e+002
9.507492e+002,1.012209e+002
9.517134e+002,1.011824e+002
9.526777e+002,1.011612e+002
9.536420e+002,1.012267e+002
9.546062e+002,1.012514e+002
9.555704e+002,1.012493e+002
9.565347e+002,1.012377e+002
9.574990e+002,1.011931e+002
9.584632e+002,1.012028e+002
9.594274e+002,1.012254e+002
9.603917e+002,1.012470e+002
9.613560e+002,1.012239e+002
9.623202e+002,1.012605e+002
9.632844e+002,1.013038e+002
9.642487e+002,1.012846e+002
9.652130e+002,1.012476e+002
9.661772e+002,1.012556e+002
9.671414e+002,1.012511e+002
9.681057e+002,1.012252e+002
9.690699e+002,1.011632e+002
9.700342e+002,1.012063e+002
9.709984e+002,1.012714e+002
9.719627e+002,1.012242e+002
9.729269e+002,1.011648e+002
9.738912e+002,1.011459e+002
9.748554e+002,1.011556e+002
9.758197e+002,1.011546e+002
9.767839e+002,1.011390e+002
9.777482e+002,1.010938e+002
9.787125e+002,1.010943e+002
9.796767e+002,1.010946e+002
9.806409e+002,1.011037e+002
9.816052e+002,1.011216e+002
9.825695e+002,1.011066e+002
9.835337e+002,1.010403e+002
9.844979e+002,1.009769e+002
9.854622e+002,1.010052e+002
9.864265e+002,1.011007e+002
9.873907e+002,1.010885e+002
9.883549e+002,1.010261e+002
9.893192e+002,1.009579e+002
9.902834e+002,1.009107e+002
9.912477e+002,1.009774e+002
9.922119e+002,1.010344e+002
9.931761e+002,1.009769e+002
9.941404e+002,1.009477e+002
9.951047e+002,1.009618e+002
9.960689e+002,1.009761e+002
9.970331e+002,1.009811e+002
9.979974e+002,1.009864e+002
9.989617e+002,1.009980e+002
9.999259e+002,1.009888e+002
1.000890e+003,1.009662e+002
1.001854e+003,1.009224e+002
1.002819e+003,1.009077e+002
1.003783e+003,1.009037e+002
1.004747e+003,1.008044e+002
1.005711e+003,1.006699e+002
1.006676e+003,1.006283e+002
1.007640e+003,1.006204e+002
1.008604e+003,1.005762e+002
1.009568e+003,1.005698e+002
1.010533e+003,1.005445e+002
1.011497e+003,1.004109e+002
1.012461e+003,1.003256e+002
1.013425e+003,1.003410e+002
1.014390e+003,1.003727e+002
1.015354e+003,1.003392e+002
1.016318e+003,1.003275e+002
1.017282e+003,1.003958e+002
1.018247e+003,1.003873e+002
1.019211e+003,1.003545e+002
1.020175e+003,1.003296e+002
1.021139e+003,1.002827e+002
1.022104e+003,1.002457e+002
1.023068e+003,1.002898e+002
1.024032e+003,1.003113e+002
1.024996e+003,1.002486e+002
1.025961e+003,1.002267e+002
1.026925e+003,1.002392e+002
1.027889e+003,1.002150e+002
1.028853e+003,1.002138e+002
1.029818e+003,1.001755e+002
1.030782e+003,1.001547e+002
1.031746e+003,1.001894e+002
1.032710e+003,1.001322e+002
1.033675e+003,1.000302e+002
1.034639e+003,9.998034e+001
1.035603e+003,9.996027e+001
1.036567e+003,9.994214e+001
1.037532e+003,9.994972e+001
1.038496e+003,9.994318e+001
1.039460e+003,9.986495e+001
1.040424e+003,9.986435e+001
1.041389e+003,9.988753e+001
1.042353e+003,9.986514e+001
1.043317e+003,9.982343e+001
1.044281e+003,9.981333e+001
1.045246e+003,9.983944e+001
1.046210e+003,9.979995e+001
1.047174e+003,9.978175e+001
1.048138e+003,9.975519e+001
1.049103e+003,9.974934e+001
1.050067e+003,9.975443e+001
1.051031e+003,9.975584e+001
1.051995e+003,9.976862e+001
1.052960e+003,9.975974e+001
1.053924e+003,9.971897e+001
1.054888e+003,9.974103e+001
1.055852e+003,9.978387e+001
1.056817e+003,9.978506e+001
1.057781e+003,9.973051e+001
1.058745e+003,9.966658e+001
1.059709e+003,9.967092e+001
1.060674e+003,9.967931e+001
1.061638e+003,9.965352e+001
1.062602e+003,9.968143e+001
1.063566e+003,9.971201e+001
1.064531e+003,9.968176e+001
1.065495e+003,9.965951e+001
1.066459e+003,9.968694e+001
1.067423e+003,9.967681e+001
1.068388e+003,9.966007e+001
1.069352e+003,9.964985e+001
1.070316e+003,9.964546e+001
1.071280e+003,9.965219e+001
1.072245e+003,9.964449e+001
1.073209e+003,9.961839e+001
1.074173e+003,9.961836e+001
1.075137e+003,9.962214e+001
1.076102e+003,9.959467e+001
1.077066e+003,9.956168e+001
1.078030e+003,9.957480e+001
1.078994e+003,9.961744e+001
1.079959e+003,9.962186e+001
1.080923e+003,9.956345e+001
1.081887e+003,9.954391e+001
1.082851e+003,9.958801e+001
1.083816e+003,9.958739e+001
1.084780e+003,9.955972e+001
1.085744e+003,9.951892e+001
1.086708e+003,9.951492e+001
1.087673e+003,9.952339e+001
1.088637e+003,9.948988e+001
1.089601e+003,9.946828e+001
1.090565e+003,9.945656e+001
1.091530e+003,9.939677e+001
1.092494e+003,9.939173e+001
1.093458e+003,9.936260e+001
1.094422e+003,9.929729e+001
1.095387e+003,9.929687e+001
1.096351e+003,9.930642e+001
1.097315e+003,9.928571e+001
1.098279e+003,9.929148e+001
1.099244e+003,9.926040e+001
1.100208e+003,9.924165e+001
1.101172e+003,9.923853e+001
1.102136e+003,9.921605e+001
1.103101e+003,9.918751e+001
1.104065e+003,9.915782e+001
1.105029e+003,9.912767e+001
1.105993e+003,9.908618e+001
1.106958e+003,9.903059e+001
1.107922e+003,9.904722e+001
1.108886e+003,9.905131e+001
1.109850e+003,9.898431e+001
1.110815e+003,9.896754e+001
1.111779e+003,9.899886e+001
1.112743e+003,9.900429e+001
1.113707e+003,9.892712e+001
1.114672e+003,9.890823e+001
1.115636e+003,9.892543e+001
1.116600e+003,9.886877e+001
1.117564e+003,9.880431e+001
1.118529e+003,9.875569e+001
1.119493e+003,9.876496e+001
1.120457e+003,9.877401e+001
1.121421e+003,9.874075e+001
1.122385e+003,9.873244e+001
1.123350e+003,9.873591e+001
1.124314e+003,9.870419e+001
1.125278e+003,9.867856e+001
1.126243e+003,9.866663e+001
1.127207e+003,9.865842e+001
1.128171e+003,9.862933e+001
1.129135e+003,9.856653e+001
1.130099e+003,9.852976e+001
1.131064e+003,9.850599e+001
1.132028e+003,9.850726e+001
1.132992e+003,9.847070e+001
1.133957e+003,9.841852e+001
1.134921e+003,9.840811e+001
1.135885e+003,9.841646e+001
1.136849e+003,9.842950e+001
1.137813e+003,9.839944e+001
1.138778e+003,9.840234e+001
1.139742e+003,9.841993e+001
1.140706e+003,9.837997e+001
1.141671e+003,9.833666e+001
1.142635e+003,9.834647e+001
1.143599e+003,9.837556e+001
1.144563e+003,9.839342e+001
1.145527e+003,9.838390e+001
1.146492e+003,9.838236e+001
1.147456e+003,9.843382e+001
1.148420e+003,9.848231e+001
1.149385e+003,9.845667e+001
1.150349e+003,9.847078e+001
1.151313e+003,9.849032e+001
1.152277e+003,9.846672e+001
1.153241e+003,9.847651e+001
1.154206e+003,9.843320e+001
1.155170e+003,9.840476e+001
1.156134e+003,9.842400e+001
1.157099e+003,9.844688e+001
1.158063e+003,9.841223e+001
1.159027e+003,9.835032e+001
1.159991e+003,9.831725e+001
1.160955e+003,9.830170e+001
1.161920e+003,9.827697e+001
1.162884e+003,9.829379e+001
1.163848e+003,9.826310e+001
1.164813e+003,9.819890e+001
1.165777e+003,9.815794e+001
1.166741e+003,9.811956e+001
1.167705e+003,9.811310e+001
1.168669e+003,9.807986e+001
1.169634e+003,9.803321e+001
1.170598e+003,9.802869e+001
1.171562e+003,9.804557e+001
1.172526e+003,9.806226e+001
1.173491e+003,9.805381e+001
1.174455e+003,9.804965e+001
1.175419e+003,9.811521e+001
1.176383e+003,9.817558e+001
1.177348e+003,9.820239e+001
1.178312e+003,9.824138e+001
1.179276e+003,9.827522e+001
1.180240e+003,9.831372e+001
1.181205e+003,9.837476e+001
1.182169e+003,9.843376e+001
1.183133e+003,9.848364e+001
1.184097e+003,9.854651e+001
1.185062e+003,9.863264e+001
1.186026e+003,9.868936e+001
1.186990e+003,9.874550e+001
1.187954e+003,9.885604e+001
1.188919e+003,9.888322e+001
1.189883e+003,9.886868e+001
1.190847e+003,9.889875e+001
1.191811e+003,9.894949e+001
1.192776e+003,9.896669e+001
1.193740e+003,9.895713e+001
1.194704e+003,9.892928e+001
1.195668e+003,9.891599e+001
1.196633e+003,9.887492e+001
1.197597e+003,9.884186e+001
1.198561e+003,9.881103e+001
1.199525e+003,9.879520e+001
1.200490e+003,9.876546e+001
1.201454e+003,9.871709e+001
1.202418e+003,9.871400e+001
1.203382e+003,9.868659e+001
1.204347e+003,9.869344e+001
1.205311e+003,9.877269e+001
1.206275e+003,9.883961e+001
1.207239e+003,9.889025e+001
1.208204e+003,9.897096e+001
1.209168e+003,9.905905e+001
1.210132e+003,9.915021e+001
1.211096e+003,9.927089e+001
1.212061e+003,9.940525e+001
1.213025e+003,9.953871e+001
1.213989e+003,9.966682e+001
1.214953e+003,9.978762e+001
1.215918e+003,9.991451e+001
1.216882e+003,1.000150e+002
1.217846e+003,1.001150e+002
1.218810e+003,1.002581e+002
1.219775e+003,1.003800e+002
1.220739e+003,1.004685e+002
1.221703e+003,1.005602e+002
1.222667e+003,1.006496e+002
1.223632e+003,1.007125e+002
1.224596e+003,1.007642e+002
1.225560e+003,1.008253e+002
1.226524e+003,1.008739e+002
1.227489e+003,1.008842e+002
1.228453e+003,1.009270e+002
1.229417e+003,1.009716e+002
1.230381e+003,1.009754e+002
1.231346e+003,1.009942e+002
1.232310e+003,1.010321e+002
1.233274e+003,1.010615e+002
1.234238e+003,1.010666e+002
1.235203e+003,1.011081e+002
1.236167e+003,1.011350e+002
1.237131e+003,1.011412e+002
1.238095e+003,1.011582e+002
1.239060e+003,1.011578e+002
1.240024e+003,1.011541e+002
1.240988e+003,1.011533e+002
1.241952e+003,1.011506e+002
1.242917e+003,1.011593e+002
1.243881e+003,1.011766e+002
1.244845e+003,1.011850e+002
1.245809e+003,1.011929e+002
1.246774e+003,1.011882e+002
1.247738e+003,1.011758e+002
1.248702e+003,1.011413e+002
1.249666e+003,1.011152e+002
1.250631e+003,1.011409e+002
1.251595e+003,1.011817e+002
1.252559e+003,1.011945e+002
1.253523e+003,1.011475e+002
1.254488e+003,1.011228e+002
1.255452e+003,1.011181e+002
1.256416e+003,1.011026e+002
1.257380e+003,1.011106e+002
1.258345e+003,1.011025e+002
1.259309e+003,1.010977e+002
1.260273e+003,1.011165e+002
1.261237e+003,1.011221e+002
1.262202e+003,1.010937e+002
1.263166e+003,1.010797e+002
1.264130e+003,1.010624e+002
1.265094e+003,1.010584e+002
1.266059e+003,1.010706e+002
1.267023e+003,1.010816e+002
1.267987e+003,1.010903e+002
1.268951e+003,1.010934e+002
1.269916e+003,1.011058e+002
1.270880e+003,1.010914e+002
1.271844e+003,1.010840e+002
1.272808e+003,1.010907e+002
1.273773e+003,1.010795e+002
1.274737e+003,1.010760e+002
1.275701e+003,1.010676e+002
1.276665e+003,1.010578e+002
1.277630e+003,1.010685e+002
1.278594e+003,1.010568e+002
1.279558e+003,1.010464e+002
1.280522e+003,1.009978e+002
1.281487e+003,1.009661e+002
1.282451e+003,1.009696e+002
1.283415e+003,1.009560e+002
1.284379e+003,1.009556e+002
1.285344e+003,1.009572e+002
1.286308e+003,1.009091e+002
1.287272e+003,1.008665e+002
1.288236e+003,1.008239e+002
1.289201e+003,1.007607e+002
1.290165e+003,1.006849e+002
1.291129e+003,1.005929e+002
1.292093e+003,1.004885e+002
1.293057e+003,1.003521e+002
1.294022e+003,1.002338e+002
1.294986e+003,1.001376e+002
1.295950e+003,1.000652e+002
1.296915e+003,9.997021e+001
1.297879e+003,9.989862e+001
1.298843e+003,9.987335e+001
1.299807e+003,9.988816e+001
1.300771e+003,9.993430e+001
1.301736e+003,9.998880e+001
1.302700e+003,1.000494e+002
1.303664e+003,1.001048e+002
1.304629e+003,1.001664e+002
1.305593e+003,1.002616e+002
1.306557e+003,1.003198e+002
1.307521e+003,1.003504e+002
1.308486e+003,1.004273e+002
1.309450e+003,1.004544e+002
1.310414e+003,1.004404e+002
1.311378e+003,1.004706e+002
1.312343e+003,1.005010e+002
1.313307e+003,1.005156e+002
1.314271e+003,1.005147e+002
1.315235e+003,1.005276e+002
1.316200e+003,1.005748e+002
1.317164e+003,1.005418e+002
1.318128e+003,1.004816e+002
1.319092e+003,1.004357e+002
1.320057e+003,1.004017e+002
1.321021e+003,1.003456e+002
1.321985e+003,1.003187e+002
1.322949e+003,1.003333e+002
1.323914e+003,1.003598e+002
1.324878e+003,1.003822e+002
1.325842e+003,1.003729e+002
1.326806e+003,1.003972e+002
1.327771e+003,1.004478e+002
1.328735e+003,1.004743e+002
1.329699e+003,1.004952e+002
1.330663e+003,1.005335e+002
1.331628e+003,1.005895e+002
1.332592e+003,1.006491e+002
1.333556e+003,1.007210e+002
1.334520e+003,1.008083e+002
1.335484e+003,1.008934e+002
1.336449e+003,1.009702e+002
1.337413e+003,1.010161e+002
1.338377e+003,1.010928e+002
1.339342e+003,1.011495e+002
1.340306e+003,1.011768e+002
1.341270e+003,1.012284e+002
1.342234e+003,1.012859e+002
1.343198e+003,1.013167e+002
1.344163e+003,1.013337e+002
1.345127e+003,1.013651e+002
1.346091e+003,1.013788e+002
1.347056e+003,1.013513e+002
1.348020e+003,1.013190e+002
1.348984e+003,1.013509e+002
1.349948e+003,1.013452e+002
1.350912e+003,1.013050e+002
1.351877e+003,1.012740e+002
1.352841e+003,1.012723e+002
1.353805e+003,1.012672e+002
1.354770e+003,1.012937e+002
1.355734e+003,1.013383e+002
1.356698e+003,1.013673e+002
1.357662e+003,1.013610e+002
1.358626e+003,1.013584e+002
1.359591e+003,1.013494e+002
1.360555e+003,1.013620e+002
1.361519e+003,1.013633e+002
1.362484e+003,1.013789e+002
1.363448e+003,1.014147e+002
1.364412e+003,1.014310e+002
1.365376e+003,1.014171e+002
1.366340e+003,1.014013e+002
1.367305e+003,1.014005e+002
1.368269e+003,1.014187e+002
1.369233e+003,1.014024e+002
1.370198e+003,1.013744e+002
1.371162e+003,1.013462e+002
1.372126e+003,1.013293e+002
1.373090e+003,1.012828e+002
1.374054e+003,1.012264e+002
1.375019e+003,1.011939e+002
1.375983e+003,1.011481e+002
1.376947e+003,1.011296e+002
1.377911e+003,1.011695e+002
1.378876e+003,1.012099e+002
1.379840e+003,1.012277e+002
1.380804e+003,1.012294e+002
1.381768e+003,1.012416e+002
1.382733e+003,1.012522e+002
1.383697e+003,1.012577e+002
1.384661e+003,1.012723e+002
1.385625e+003,1.012832e+002
1.386590e+003,1.012785e+002
1.387554e+003,1.012401e+002
1.388518e+003,1.012060e+002
1.389482e+003,1.011971e+002
1.390447e+003,1.012076e+002
1.391411e+003,1.012260e+002
1.392375e+003,1.012532e+002
1.393339e+003,1.012717e+002
1.394304e+003,1.012785e+002
1.395268e+003,1.012915e+002
1.396232e+003,1.012826e+002
1.397196e+003,1.012655e+002
1.398161e+003,1.012517e+002
1.399125e+003,1.012087e+002
1.400089e+003,1.012138e+002
1.401053e+003,1.012443e+002
1.402018e+003,1.012230e+002
1.402982e+003,1.012037e+002
1.403946e+003,1.011681e+002
1.404910e+003,1.011391e+002
1.405875e+003,1.011467e+002
1.406839e+003,1.011749e+002
1.407803e+003,1.012125e+002
1.408767e+003,1.012150e+002
1.409732e+003,1.011911e+002
1.410696e+003,1.011832e+002
1.411660e+003,1.011693e+002
1.412624e+003,1.011983e+002
1.413589e+003,1.012302e+002
1.414553e+003,1.012370e+002
1.415517e+003,1.012498e+002
1.416481e+003,1.012749e+002
1.417446e+003,1.012891e+002
1.418410e+003,1.012991e+002
1.419374e+003,1.013256e+002
1.420338e+003,1.013616e+002
1.421303e+003,1.013712e+002
1.422267e+003,1.013695e+002
1.423231e+003,1.013528e+002
1.424195e+003,1.013740e+002
1.425160e+003,1.013949e+002
1.426124e+003,1.013927e+002
1.427088e+003,1.014040e+002
1.428052e+003,1.014022e+002
1.429017e+003,1.013843e+002
1.429981e+003,1.013758e+002
1.430945e+003,1.013596e+002
1.431909e+003,1.013467e+002
1.432874e+003,1.013438e+002
1.433838e+003,1.013055e+002
1.434802e+003,1.012791e+002
1.435766e+003,1.012612e+002
1.436731e+003,1.012162e+002
1.437695e+003,1.012005e+002
1.438659e+003,1.012131e+002
1.439623e+003,1.012093e+002
1.440588e+003,1.011745e+002
1.441552e+003,1.011520e+002
1.442516e+003,1.011482e+002
1.443480e+003,1.011090e+002
1.444445e+003,1.011102e+002
1.445409e+003,1.011571e+002
1.446373e+003,1.011277e+002
1.447337e+003,1.011007e+002
1.448302e+003,1.010791e+002
1.449266e+003,1.010628e+002
1.450230e+003,1.010393e+002
1.451194e+003,1.010380e+002
1.452159e+003,1.010208e+002
1.453123e+003,1.009772e+002
1.454087e+003,1.009807e+002
1.455051e+003,1.010153e+002
1.456016e+003,1.010195e+002
1.456980e+003,1.010268e+002
1.457944e+003,1.010300e+002
1.458908e+003,1.010648e+002
1.459873e+003,1.011215e+002
1.460837e+003,1.011098e+002
1.461801e+003,1.011002e+002
1.462765e+003,1.011361e+002
1.463730e+003,1.011416e+002
1.464694e+003,1.011609e+002
1.465658e+003,1.011729e+002
1.466622e+003,1.011671e+002
1.467587e+003,1.011713e+002
1.468551e+003,1.011990e+002
1.469515e+003,1.012206e+002
1.470479e+003,1.012325e+002
1.471444e+003,1.012329e+002
1.472408e+003,1.012577e+002
1.473372e+003,1.012960e+002
1.474336e+003,1.013243e+002
1.475301e+003,1.013622e+002
1.476265e+003,1.013985e+002
1.477229e+003,1.014222e+002
1.478193e+003,1.014256e+002
1.479158e+003,1.014341e+002
1.480122e+003,1.014656e+002
1.481086e+003,1.014967e+002
1.482050e+003,1.015244e+002
1.483015e+003,1.015195e+002
1.483979e+003,1.014984e+002
1.484943e+003,1.015179e+002
1.485907e+003,1.015524e+002
1.486872e+003,1.015776e+002
1.487836e+003,1.015617e+002
1.488800e+003,1.015349e+002
1.489764e+003,1.015607e+002
1.490729e+003,1.015649e+002
1.491693e+003,1.015590e+002
1.492657e+003,1.015732e+002
1.493621e+003,1.015906e+002
1.494586e+003,1.015953e+002
1.495550e+003,1.016014e+002
1.496514e+003,1.016034e+002
1.497478e+003,1.015623e+002
1.498443e+003,1.015251e+002
1.499407e+003,1.015583e+002
1.500371e+003,1.015925e+002
1.501335e+003,1.015824e+002
1.502300e+003,1.015547e+002
1.503264e+003,1.015604e+002
1.504228e+003,1.015561e+002
1.505192e+003,1.015298e+002
1.506156e+003,1.015132e+002
1.507121e+003,1.015025e+002
1.508085e+003,1.015251e+002
1.509049e+003,1.015416e+002
1.510014e+003,1.015504e+002
1.510978e+003,1.015564e+002
1.511942e+003,1.015469e+002
1.512906e+003,1.015251e+002
1.513870e+003,1.015332e+002
1.514835e+003,1.015696e+002
1.515799e+003,1.015799e+002
1.516763e+003,1.015700e+002
1.517728e+003,1.015447e+002
1.518692e+003,1.015564e+002
1.519656e+003,1.015740e+002
1.520620e+003,1.015571e+002
1.521584e+003,1.015468e+002
1.522549e+003,1.015304e+002
1.523513e+003,1.015249e+002
1.524477e+003,1.015296e+002
1.525442e+003,1.015205e+002
1.526406e+003,1.015351e+002
1.527370e+003,1.015442e+002
1.528334e+003,1.015638e+002
1.529298e+003,1.015598e+002
1.530263e+003,1.015417e+002
1.531227e+003,1.015429e+002
1.532191e+003,1.015246e+002
1.533156e+003,1.015134e+002
1.534120e+003,1.015017e+002
1.535084e+003,1.014972e+002
1.536048e+003,1.015149e+002
1.537012e+003,1.015435e+002
1.537977e+003,1.015416e+002
1.538941e+003,1.015092e+002
1.539905e+003,1.014946e+002
1.540870e+003,1.014923e+002
1.541834e+003,1.014947e+002
1.542798e+003,1.015118e+002
1.543762e+003,1.015145e+002
1.544726e+003,1.015079e+002
1.545691e+003,1.015013e+002
1.546655e+003,1.015132e+002
1.547619e+003,1.015400e+002
1.548583e+003,1.015434e+002
1.549548e+003,1.015363e+002
1.550512e+003,1.015339e+002
1.551476e+003,1.015088e+002
1.552441e+003,1.014982e+002
1.553405e+003,1.015029e+002
1.554369e+003,1.015032e+002
1.555333e+003,1.015091e+002
1.556297e+003,1.015190e+002
1.557262e+003,1.015089e+002
1.558226e+003,1.014934e+002
1.559190e+003,1.014923e+002
1.560155e+003,1.014891e+002
1.561119e+003,1.014861e+002
1.562083e+003,1.014936e+002
1.563047e+003,1.014969e+002
1.564011e+003,1.015072e+002
1.564976e+003,1.015242e+002
1.565940e+003,1.015154e+002
1.566904e+003,1.014991e+002
1.567869e+003,1.014717e+002
1.568833e+003,1.014680e+002
1.569797e+003,1.014880e+002
1.570761e+003,1.014986e+002
1.571725e+003,1.015062e+002
1.572690e+003,1.015105e+002
1.573654e+003,1.015307e+002
1.574618e+003,1.015047e+002
1.575583e+003,1.014600e+002
1.576547e+003,1.014775e+002
1.577511e+003,1.014928e+002
1.578475e+003,1.014692e+002
1.579439e+003,1.014794e+002
1.580404e+003,1.014933e+002
1.581368e+003,1.014915e+002
1.582332e+003,1.014821e+002
1.583297e+003,1.014698e+002
1.584261e+003,1.014656e+002
1.585225e+003,1.014715e+002
1.586189e+003,1.014623e+002
1.587153e+003,1.014589e+002
1.588118e+003,1.014695e+002
1.589082e+003,1.014470e+002
1.590046e+003,1.014445e+002
1.591010e+003,1.014583e+002
1.591975e+003,1.014642e+002
1.592939e+003,1.014630e+002
1.593903e+003,1.014558e+002
1.594867e+003,1.014341e+002
1.595832e+003,1.014476e+002
1.596796e+003,1.014608e+002
1.597760e+003,1.014492e+002
1.598724e+003,1.014413e+002
1.599689e+003,1.014415e+002
1.600653e+003,1.014392e+002
1.601617e+003,1.014570e+002
1.602581e+003,1.014692e+002
1.603546e+003,1.014462e+002
1.604510e+003,1.014421e+002
1.605474e+003,1.014706e+002
1.606438e+003,1.014748e+002
1.607403e+003,1.014576e+002
1.608367e+003,1.014439e+002
1.609331e+003,1.014533e+002
1.610295e+003,1.014544e+002
1.611260e+003,1.014316e+002
1.612224e+003,1.014204e+002
1.613188e+003,1.014035e+002
1.614152e+003,1.013895e+002
1.615117e+003,1.014041e+002
1.616081e+003,1.014042e+002
1.617045e+003,1.013932e+002
1.618009e+003,1.014091e+002
1.618974e+003,1.013978e+002
1.619938e+003,1.013641e+002
1.620902e+003,1.013369e+002
1.621866e+003,1.013266e+002
1.622831e+003,1.013074e+002
1.623795e+003,1.012846e+002
1.624759e+003,1.012649e+002
1.625723e+003,1.012430e+002
1.626688e+003,1.012272e+002
1.627652e+003,1.011976e+002
1.628616e+003,1.011743e+002
1.629580e+003,1.011568e+002
1.630545e+003,1.011574e+002
1.631509e+003,1.011382e+002
1.632473e+003,1.011202e+002
1.633437e+003,1.010798e+002
1.634402e+003,1.010355e+002
1.635366e+003,1.010088e+002
1.636330e+003,1.010090e+002
1.637294e+003,1.010246e+002
1.638259e+003,1.010441e+002
1.639223e+003,1.010704e+002
1.640187e+003,1.011053e+002
1.641151e+003,1.011529e+002
1.642116e+003,1.012125e+002
1.643080e+003,1.012766e+002
1.644044e+003,1.013287e+002
1.645008e+003,1.013503e+002
1.645973e+003,1.013495e+002
1.646937e+003,1.013843e+002
1.647901e+003,1.013972e+002
1.648865e+003,1.014314e+002
1.649830e+003,1.014817e+002
1.650794e+003,1.014605e+002
1.651758e+003,1.014448e+002
1.652722e+003,1.014416e+002
1.653687e+003,1.014076e+002
1.654651e+003,1.013950e+002
1.655615e+003,1.014100e+002
1.656579e+003,1.014440e+002
1.657544e+003,1.014365e+002
1.658508e+003,1.014000e+002
1.659472e+003,1.013907e+002
1.660436e+003,1.014073e+002
1.661401e+003,1.014115e+002
1.662365e+003,1.013882e+002
1.663329e+003,1.013656e+002
1.664293e+003,1.013707e+002
1.665258e+003,1.013831e+002
1.666222e+003,1.013753e+002
1.667186e+003,1.013610e+002
1.668150e+003,1.013487e+002
1.669115e+003,1.013262e+002
1.670079e+003,1.013328e+002
1.671043e+003,1.013301e+002
1.672007e+003,1.013129e+002
1.672972e+003,1.012887e+002
1.673936e+003,1.012689e+002
1.674900e+003,1.012625e+002
1.675864e+003,1.012687e+002
1.676829e+003,1.012728e+002
1.677793e+003,1.012483e+002
1.678757e+003,1.012064e+002
1.679721e+003,1.011760e+002
1.680686e+003,1.011703e+002
1.681650e+003,1.011244e+002
1.682614e+003,1.010987e+002
1.683578e+003,1.010673e+002
1.684543e+003,1.010131e+002
1.685507e+003,1.009827e+002
1.686471e+003,1.009745e+002
1.687435e+003,1.009450e+002
1.688400e+003,1.008967e+002
1.689364e+003,1.008267e+002
1.690328e+003,1.007621e+002
1.691292e+003,1.007075e+002
1.692257e+003,1.006942e+002
1.693221e+003,1.006953e+002
1.694185e+003,1.006645e+002
1.695149e+003,1.006097e+002
1.696114e+003,1.005638e+002
1.697078e+003,1.005540e+002
1.698042e+003,1.005266e+002
1.699006e+003,1.005028e+002
1.699971e+003,1.004879e+002
1.700935e+003,1.004888e+002
1.701899e+003,1.005002e+002
1.702863e+003,1.004943e+002
1.703828e+003,1.004815e+002
1.704792e+003,1.004576e+002
1.705756e+003,1.004351e+002
1.706720e+003,1.003901e+002
1.707685e+003,1.003105e+002
1.708649e+003,1.002229e+002
1.709613e+003,1.001488e+002
1.710577e+003,1.000758e+002
1.711542e+003,9.997414e+001
1.712506e+003,9.984856e+001
1.713470e+003,9.971771e+001
1.714434e+003,9.959619e+001
1.715399e+003,9.948778e+001
1.716363e+003,9.937842e+001
1.717327e+003,9.925710e+001
1.718291e+003,9.915455e+001
1.719255e+003,9.909608e+001
1.720220e+003,9.907070e+001
1.721184e+003,9.906570e+001
1.722148e+003,9.907957e+001
1.723113e+003,9.908982e+001
1.724077e+003,9.915920e+001
1.725041e+003,9.928808e+001
1.726005e+003,9.941126e+001
1.726969e+003,9.951983e+001
1.727934e+003,9.964146e+001
1.728898e+003,9.978964e+001
1.729862e+003,9.989719e+001
1.730827e+003,9.995623e+001
1.731791e+003,1.000241e+002
1.732755e+003,1.000930e+002
1.733719e+003,1.001236e+002
1.734683e+003,1.001437e+002
1.735648e+003,1.001972e+002
1.736612e+003,1.002465e+002
1.737576e+003,1.002864e+002
1.738541e+003,1.003204e+002
1.739505e+003,1.003296e+002
1.740469e+003,1.003528e+002
1.741433e+003,1.003871e+002
1.742397e+003,1.004355e+002
1.743362e+003,1.004877e+002
1.744326e+003,1.005261e+002
1.745290e+003,1.005633e+002
1.746255e+003,1.006021e+002
1.747219e+003,1.006381e+002
1.748183e+003,1.006801e+002
1.749147e+003,1.007100e+002
1.750111e+003,1.007461e+002
1.751076e+003,1.007520e+002
1.752040e+003,1.007739e+002
1.753004e+003,1.008069e+002
1.753969e+003,1.008129e+002
1.754933e+003,1.008632e+002
1.755897e+003,1.009372e+002
1.756861e+003,1.009840e+002
1.757825e+003,1.010026e+002
1.758790e+003,1.010065e+002
1.759754e+003,1.010201e+002
1.760718e+003,1.010846e+002
1.761682e+003,1.011796e+002
1.762647e+003,1.012444e+002
1.763611e+003,1.012516e+002
1.764575e+003,1.012513e+002
1.765539e+003,1.012755e+002
1.766504e+003,1.013381e+002
1.767468e+003,1.013666e+002
1.768432e+003,1.013599e+002
1.769396e+003,1.013760e+002
1.770361e+003,1.013772e+002
1.771325e+003,1.013958e+002
1.772289e+003,1.014239e+002
1.773253e+003,1.014333e+002
1.774218e+003,1.014416e+002
1.775182e+003,1.014594e+002
1.776146e+003,1.014631e+002
1.777110e+003,1.014752e+002
1.778075e+003,1.014801e+002
1.779039e+003,1.014619e+002
1.780003e+003,1.014814e+002
1.780967e+003,1.014833e+002
1.781932e+003,1.014855e+002
1.782896e+003,1.014808e+002
1.783860e+003,1.014773e+002
1.784824e+003,1.014935e+002
1.785789e+003,1.014862e+002
1.786753e+003,1.014809e+002
1.787717e+003,1.014845e+002
1.788681e+003,1.014829e+002
1.789646e+003,1.014867e+002
1.790610e+003,1.014766e+002
1.791574e+003,1.014932e+002
1.792538e+003,1.015123e+002
1.793503e+003,1.015021e+002
1.794467e+003,1.014841e+002
1.795431e+003,1.014841e+002
1.796395e+003,1.014997e+002
1.797360e+003,1.015253e+002
1.798324e+003,1.015171e+002
1.799288e+003,1.014824e+002
1.800252e+003,1.014838e+002
1.801217e+003,1.014945e+002
1.802181e+003,1.014784e+002
1.803145e+003,1.014879e+002
1.804109e+003,1.015269e+002
1.805074e+003,1.015382e+002
1.806038e+003,1.015188e+002
1.807002e+003,1.015157e+002
1.807966e+003,1.014998e+002
1.808931e+003,1.014881e+002
1.809895e+003,1.014996e+002
1.810859e+003,1.015041e+002
1.811823e+003,1.015114e+002
1.812788e+003,1.015074e+002
1.813752e+003,1.014959e+002
1.814716e+003,1.015199e+002
1.815680e+003,1.015247e+002
1.816645e+003,1.015087e+002
1.817609e+003,1.014990e+002
1.818573e+003,1.015155e+002
1.819537e+003,1.015365e+002
1.820502e+003,1.015383e+002
1.821466e+003,1.015187e+002
1.822430e+003,1.015031e+002
1.823394e+003,1.014971e+002
1.824359e+003,1.015100e+002
1.825323e+003,1.015246e+002
1.826287e+003,1.015495e+002
1.827251e+003,1.015549e+002
1.828216e+003,1.015366e+002
1.829180e+003,1.015077e+002
1.830144e+003,1.014926e+002
1.831108e+003,1.015153e+002
1.832073e+003,1.015365e+002
1.833037e+003,1.015113e+002
1.834001e+003,1.014805e+002
1.834965e+003,1.014952e+002
1.835930e+003,1.015266e+002
1.836894e+003,1.015328e+002
1.837858e+003,1.015295e+002
1.838822e+003,1.015286e+002
1.839787e+003,1.015317e+002
1.840751e+003,1.015457e+002
1.841715e+003,1.015414e+002
1.842679e+003,1.014951e+002
1.843644e+003,1.014645e+002
1.844608e+003,1.014844e+002
1.845572e+003,1.015073e+002
1.846536e+003,1.015062e+002
1.847501e+003,1.015002e+002
1.848465e+003,1.015365e+002
1.849429e+003,1.015609e+002
1.850393e+003,1.015443e+002
1.851358e+003,1.015280e+002
1.852322e+003,1.015245e+002
1.853286e+003,1.015386e+002
1.854250e+003,1.015587e+002
1.855215e+003,1.015579e+002
1.856179e+003,1.015348e+002
1.857143e+003,1.015291e+002
1.858107e+003,1.015341e+002
1.859072e+003,1.015316e+002
1.860036e+003,1.015319e+002
1.861000e+003,1.015256e+002
1.861964e+003,1.015094e+002
1.862929e+003,1.015063e+002
1.863893e+003,1.015299e+002
1.864857e+003,1.015435e+002
1.865821e+003,1.015312e+002
1.866786e+003,1.015145e+002
1.867750e+003,1.015119e+002
1.868714e+003,1.015358e+002
1.869678e+003,1.015499e+002
1.870643e+003,1.015628e+002
1.871607e+003,1.015651e+002
1.872571e+003,1.015632e+002
1.873535e+003,1.015541e+002
1.874500e+003,1.015235e+002
1.875464e+003,1.015164e+002
1.876428e+003,1.015182e+002
1.877392e+003,1.015250e+002
1.878357e+003,1.015438e+002
1.879321e+003,1.015617e+002
1.880285e+003,1.015627e+002
1.881249e+003,1.015376e+002
1.882214e+003,1.015300e+002
1.883178e+003,1.015406e+002
1.884142e+003,1.015440e+002
1.885106e+003,1.015452e+002
1.886071e+003,1.015482e+002
1.887035e+003,1.015410e+002
1.887999e+003,1.015237e+002
1.888963e+003,1.015149e+002
1.889928e+003,1.015394e+002
1.890892e+003,1.015622e+002
1.891856e+003,1.015648e+002
1.892820e+003,1.015704e+002
1.893785e+003,1.015560e+002
1.894749e+003,1.015490e+002
1.895713e+003,1.015543e+002
1.896677e+003,1.015467e+002
1.897642e+003,1.015303e+002
1.898606e+003,1.015442e+002
1.899570e+003,1.015284e+002
1.900534e+003,1.015060e+002
1.901499e+003,1.015306e+002
1.902463e+003,1.015572e+002
1.903427e+003,1.015545e+002
1.904391e+003,1.015613e+002
1.905356e+003,1.015484e+002
1.906320e+003,1.015480e+002
1.907284e+003,1.015527e+002
1.908248e+003,1.015434e+002
1.909213e+003,1.015442e+002
1.910177e+003,1.015560e+002
1.911141e+003,1.015383e+002
1.912105e+003,1.015192e+002
1.913070e+003,1.015206e+002
1.914034e+003,1.015523e+002
1.914998e+003,1.015503e+002
1.915962e+003,1.015369e+002
1.916927e+003,1.015425e+002
1.917891e+003,1.015506e+002
1.918855e+003,1.015579e+002
1.919819e+003,1.015591e+002
1.920784e+003,1.015604e+002
1.921748e+003,1.015509e+002
1.922712e+003,1.015292e+002
1.923676e+003,1.015258e+002
1.924641e+003,1.015333e+002
1.925605e+003,1.015437e+002
1.926569e+003,1.015687e+002
1.927533e+003,1.015732e+002
1.928498e+003,1.015649e+002
1.929462e+003,1.015548e+002
1.930426e+003,1.015449e+002
1.931390e+003,1.015338e+002
1.932354e+003,1.015245e+002
1.933319e+003,1.015234e+002
1.934283e+003,1.015524e+002
1.935247e+003,1.015998e+002
1.936212e+003,1.015965e+002
1.937176e+003,1.015938e+002
1.938140e+003,1.015668e+002
1.939104e+003,1.015488e+002
1.940068e+003,1.015680e+002
1.941033e+003,1.015483e+002
1.941997e+003,1.015418e+002
1.942961e+003,1.015769e+002
1.943926e+003,1.015769e+002
1.944890e+003,1.015840e+002
1.945854e+003,1.015878e+002
1.946818e+003,1.015749e+002
1.947782e+003,1.015649e+002
1.948747e+003,1.015510e+002
1.949711e+003,1.015277e+002
1.950675e+003,1.015322e+002
1.951640e+003,1.015573e+002
1.952604e+003,1.015353e+002
1.953568e+003,1.015226e+002
1.954532e+003,1.015663e+002
1.955496e+003,1.015837e+002
1.956461e+003,1.015724e+002
1.957425e+003,1.015598e+002
1.958389e+003,1.015501e+002
1.959354e+003,1.015536e+002
1.960318e+003,1.015579e+002
1.961282e+003,1.015436e+002
1.962246e+003,1.015462e+002
1.963210e+003,1.015699e+002
1.964175e+003,1.015775e+002
1.965139e+003,1.015644e+002
1.966103e+003,1.015717e+002
1.967068e+003,1.015712e+002
1.968032e+003,1.015697e+002
1.968996e+003,1.015704e+002
1.969960e+003,1.015711e+002
1.970924e+003,1.015741e+002
1.971889e+003,1.015814e+002
1.972853e+003,1.015710e+002
1.973817e+003,1.015627e+002
1.974781e+003,1.015800e+002
1.975746e+003,1.015729e+002
1.976710e+003,1.015605e+002
1.977674e+003,1.015670e+002
1.978638e+003,1.015708e+002
1.979603e+003,1.015773e+002
1.980567e+003,1.015789e+002
1.981531e+003,1.015767e+002
1.982495e+003,1.015841e+002
1.983460e+003,1.015673e+002
1.984424e+003,1.015622e+002
1.985388e+003,1.015713e+002
1.986352e+003,1.015725e+002
1.987317e+003,1.015775e+002
1.988281e+003,1.015884e+002
1.989245e+003,1.015849e+002
1.990209e+003,1.015557e+002
1.991174e+003,1.015714e+002
1.992138e+003,1.016063e+002
1.993102e+003,1.016055e+002
1.994066e+003,1.015847e+002
1.995031e+003,1.015863e+002
1.995995e+003,1.015947e+002
1.996959e+003,1.015912e+002
1.997923e+003,1.015887e+002
1.998888e+003,1.015893e+002
1.999852e+003,1.015945e+002
2.000816e+003,1.016021e+002
2.001780e+003,1.015773e+002
2.002745e+003,1.015759e+002
2.003709e+003,1.015759e+002
2.004673e+003,1.015839e+002
2.005637e+003,1.015961e+002
2.006602e+003,1.015721e+002
2.007566e+003,1.015912e+002
2.008530e+003,1.016019e+002
2.009494e+003,1.015994e+002
2.010459e+003,1.016153e+002
2.011423e+003,1.015989e+002
2.012387e+003,1.015669e+002
2.013351e+003,1.015435e+002
2.014316e+003,1.015640e+002
2.015280e+003,1.015919e+002
2.016244e+003,1.015919e+002
2.017208e+003,1.015928e+002
2.018173e+003,1.015800e+002
2.019137e+003,1.015699e+002
2.020101e+003,1.015740e+002
2.021065e+003,1.015859e+002
2.022030e+003,1.015965e+002
2.022994e+003,1.015844e+002
2.023958e+003,1.015915e+002
2.024922e+003,1.016173e+002
2.025887e+003,1.016111e+002
2.026851e+003,1.016045e+002
2.027815e+003,1.016111e+002
2.028779e+003,1.016153e+002
2.029744e+003,1.016180e+002
2.030708e+003,1.016005e+002
2.031672e+003,1.015735e+002
2.032636e+003,1.015880e+002
2.033601e+003,1.016093e+002
2.034565e+003,1.015912e+002
2.035529e+003,1.016026e+002
2.036493e+003,1.016121e+002
2.037458e+003,1.016142e+002
2.038422e+003,1.016134e+002
2.039386e+003,1.016236e+002
2.040350e+003,1.016319e+002
2.041315e+003,1.016165e+002
2.042279e+003,1.016178e+002
2.043243e+003,1.016129e+002
2.044207e+003,1.016100e+002
2.045172e+003,1.016307e+002
2.046136e+003,1.016481e+002
2.047100e+003,1.016222e+002
2.048064e+003,1.015958e+002
2.049029e+003,1.016189e+002
2.049993e+003,1.016137e+002
2.050957e+003,1.016040e+002
2.051921e+003,1.016136e+002
2.052886e+003,1.016136e+002
2.053850e+003,1.016312e+002
2.054814e+003,1.016283e+002
2.055778e+003,1.016143e+002
2.056743e+003,1.016371e+002
2.057707e+003,1.016469e+002
2.058671e+003,1.016157e+002
2.059635e+003,1.016152e+002
2.060600e+003,1.016295e+002
2.061564e+003,1.016165e+002
2.062528e+003,1.016156e+002
2.063492e+003,1.016110e+002
2.064457e+003,1.016149e+002
2.065421e+003,1.016080e+002
2.066385e+003,1.015908e+002
2.067349e+003,1.016014e+002
2.068314e+003,1.016283e+002
2.069278e+003,1.016516e+002
2.070242e+003,1.016281e+002
2.071206e+003,1.016003e+002
2.072171e+003,1.016104e+002
2.073135e+003,1.016104e+002
2.074099e+003,1.016126e+002
2.075063e+003,1.016117e+002
2.076028e+003,1.016210e+002
2.076992e+003,1.016261e+002
2.077956e+003,1.016199e+002
2.078920e+003,1.016265e+002
2.079885e+003,1.016385e+002
2.080849e+003,1.016292e+002
2.081813e+003,1.016105e+002
2.082777e+003,1.016520e+002
2.083742e+003,1.016666e+002
2.084706e+003,1.016455e+002
2.085670e+003,1.016593e+002
2.086634e+003,1.016453e+002
2.087599e+003,1.016383e+002
2.088563e+003,1.016384e+002
2.089527e+003,1.016306e+002
2.090491e+003,1.016412e+002
2.091456e+003,1.016392e+002
2.092420e+003,1.016301e+002
2.093384e+003,1.016339e+002
2.094348e+003,1.016507e+002
2.095313e+003,1.016696e+002
2.096277e+003,1.016528e+002
2.097241e+003,1.016408e+002
2.098205e+003,1.016611e+002
2.099170e+003,1.016563e+002
2.100134e+003,1.016332e+002
2.101098e+003,1.016304e+002
2.102062e+003,1.016456e+002
2.103027e+003,1.016508e+002
2.103991e+003,1.016634e+002
2.104955e+003,1.016533e+002
2.105919e+003,1.016382e+002
2.106884e+003,1.016312e+002
2.107848e+003,1.016480e+002
2.108812e+003,1.016540e+002
2.109776e+003,1.016303e+002
2.110740e+003,1.016414e+002
2.111705e+003,1.016685e+002
2.112669e+003,1.016743e+002
2.113633e+003,1.016521e+002
2.114598e+003,1.016461e+002
2.115562e+003,1.016582e+002
2.116526e+003,1.016585e+002
2.117490e+003,1.016471e+002
2.118455e+003,1.016560e+002
2.119419e+003,1.016462e+002
2.120383e+003,1.016271e+002
2.121347e+003,1.016530e+002
2.122312e+003,1.016821e+002
2.123276e+003,1.016702e+002
2.124240e+003,1.016489e+002
2.125204e+003,1.016533e+002
2.126168e+003,1.016514e+002
2.127133e+003,1.016450e+002
2.128097e+003,1.016504e+002
2.129061e+003,1.016576e+002
2.130026e+003,1.016709e+002
2.130990e+003,1.016766e+002
2.131954e+003,1.016786e+002
2.132918e+003,1.016703e+002
2.133883e+003,1.016524e+002
2.134847e+003,1.016501e+002
2.135811e+003,1.016448e+002
2.136775e+003,1.016425e+002
2.137740e+003,1.016716e+002
2.138704e+003,1.016866e+002
2.139668e+003,1.016884e+002
2.140632e+003,1.016746e+002
2.141596e+003,1.016762e+002
2.142561e+003,1.016528e+002
2.143525e+003,1.016467e+002
2.144489e+003,1.016861e+002
2.145454e+003,1.017104e+002
2.146418e+003,1.016957e+002
2.147382e+003,1.016585e+002
2.148346e+003,1.016360e+002
2.149311e+003,1.016301e+002
2.150275e+003,1.016310e+002
2.151239e+003,1.016562e+002
2.152203e+003,1.016775e+002
2.153167e+003,1.016756e+002
2.154132e+003,1.016592e+002
2.155096e+003,1.016559e+002
2.156060e+003,1.016806e+002
2.157024e+003,1.017001e+002
2.157989e+003,1.016880e+002
2.158953e+003,1.016511e+002
2.159917e+003,1.016565e+002
2.160882e+003,1.016756e+002
2.161846e+003,1.016721e+002
2.162810e+003,1.016683e+002
2.163774e+003,1.016668e+002
2.164739e+003,1.016619e+002
2.165703e+003,1.016837e+002
2.166667e+003,1.017087e+002
2.167631e+003,1.017149e+002
2.168595e+003,1.017078e+002
2.169560e+003,1.016915e+002
2.170524e+003,1.016625e+002
2.171488e+003,1.016586e+002
2.172452e+003,1.016721e+002
2.173417e+003,1.016847e+002
2.174381e+003,1.017006e+002
2.175345e+003,1.017197e+002
2.176310e+003,1.017157e+002
2.177274e+003,1.016847e+002
2.178238e+003,1.016859e+002
2.179202e+003,1.017192e+002
2.180167e+003,1.017222e+002
2.181131e+003,1.017082e+002
2.182095e+003,1.017146e+002
2.183059e+003,1.017237e+002
2.184023e+003,1.017182e+002
2.184988e+003,1.016948e+002
2.185952e+003,1.016923e+002
2.186916e+003,1.017065e+002
2.187880e+003,1.017248e+002
2.188845e+003,1.017244e+002
2.189809e+003,1.017146e+002
2.190773e+003,1.017203e+002
2.191738e+003,1.017072e+002
2.192702e+003,1.017090e+002
2.193666e+003,1.017244e+002
2.194630e+003,1.017197e+002
2.195594e+003,1.017147e+002
2.196559e+003,1.017355e+002
2.197523e+003,1.017413e+002
2.198487e+003,1.017225e+002
2.199451e+003,1.017002e+002
2.200416e+003,1.017003e+002
2.201380e+003,1.017174e+002
2.202344e+003,1.017112e+002
2.203308e+003,1.016920e+002
2.204273e+003,1.017071e+002
2.205237e+003,1.017260e+002
2.206201e+003,1.017251e+002
2.207166e+003,1.017319e+002
2.208130e+003,1.017351e+002
2.209094e+003,1.017233e+002
2.210058e+003,1.017024e+002
2.211022e+003,1.017134e+002
2.211987e+003,1.017057e+002
2.212951e+003,1.017019e+002
2.213915e+003,1.017048e+002
2.214879e+003,1.017125e+002
2.215844e+003,1.017195e+002
2.216808e+003,1.017099e+002
2.217772e+003,1.017161e+002
2.218736e+003,1.017295e+002
2.219701e+003,1.017142e+002
2.220665e+003,1.017280e+002
2.221629e+003,1.017415e+002
2.222594e+003,1.017458e+002
2.223558e+003,1.017596e+002
2.224522e+003,1.017394e+002
2.225486e+003,1.017185e+002
2.226450e+003,1.017263e+002
2.227415e+003,1.017427e+002
2.228379e+003,1.017288e+002
2.229343e+003,1.017060e+002
2.230307e+003,1.017024e+002
2.231272e+003,1.017153e+002
2.232236e+003,1.017017e+002
2.233200e+003,1.016982e+002
2.234164e+003,1.017453e+002
2.235129e+003,1.017686e+002
2.236093e+003,1.017472e+002
2.237057e+003,1.017306e+002
2.238021e+003,1.017225e+002
2.238986e+003,1.017512e+002
2.239950e+003,1.017722e+002
2.240914e+003,1.017374e+002
2.241878e+003,1.017183e+002
2.242843e+003,1.017484e+002
2.243807e+003,1.017626e+002
2.244771e+003,1.017487e+002
2.245735e+003,1.017381e+002
2.246700e+003,1.017571e+002
2.247664e+003,1.017627e+002
2.248628e+003,1.017568e+002
2.249592e+003,1.017507e+002
2.250557e+003,1.017497e+002
2.251521e+003,1.017400e+002
2.252485e+003,1.017367e+002
2.253449e+003,1.017446e+002
2.254414e+003,1.017536e+002
2.255378e+003,1.017356e+002
2.256342e+003,1.017148e+002
2.257306e+003,1.017182e+002
2.258271e+003,1.017220e+002
2.259235e+003,1.017231e+002
2.260199e+003,1.017307e+002
2.261163e+003,1.017401e+002
2.262128e+003,1.017689e+002
2.263092e+003,1.017677e+002
2.264056e+003,1.017564e+002
2.265020e+003,1.017306e+002
2.265985e+003,1.017204e+002
2.266949e+003,1.017249e+002
2.267913e+003,1.017539e+002
2.268877e+003,1.017686e+002
2.269842e+003,1.017688e+002
2.270806e+003,1.017513e+002
2.271770e+003,1.017397e+002
2.272734e+003,1.017283e+002
2.273699e+003,1.017444e+002
2.274663e+003,1.017606e+002
2.275627e+003,1.017510e+002
2.276591e+003,1.017516e+002
2.277556e+003,1.017731e+002
2.278520e+003,1.017904e+002
2.279484e+003,1.017826e+002
2.280448e+003,1.017714e+002
2.281413e+003,1.017752e+002
2.282377e+003,1.017532e+002
2.283341e+003,1.017597e+002
2.284305e+003,1.017893e+002
2.285270e+003,1.017623e+002
2.286234e+003,1.017410e+002
2.287198e+003,1.017636e+002
2.288162e+003,1.017610e+002
2.289127e+003,1.017481e+002
2.290091e+003,1.017678e+002
2.291055e+003,1.017814e+002
2.292019e+003,1.017837e+002
2.292984e+003,1.017857e+002
2.293948e+003,1.017667e+002
2.294912e+003,1.017680e+002
2.295876e+003,1.017765e+002
2.296841e+003,1.017536e+002
2.297805e+003,1.017460e+002
2.298769e+003,1.017601e+002
2.299733e+003,1.017493e+002
2.300698e+003,1.017537e+002
2.301662e+003,1.017490e+002
2.302626e+003,1.017432e+002
2.303590e+003,1.017607e+002
2.304555e+003,1.017680e+002
2.305519e+003,1.017647e+002
2.306483e+003,1.017828e+002
2.307447e+003,1.017819e+002
2.308412e+003,1.017682e+002
2.309376e+003,1.017738e+002
2.310340e+003,1.017737e+002
2.311304e+003,1.017718e+002
2.312269e+003,1.017571e+002
2.313233e+003,1.017631e+002
2.314197e+003,1.017924e+002
2.315161e+003,1.018044e+002
2.316125e+003,1.017782e+002
2.317090e+003,1.017757e+002
2.318054e+003,1.017818e+002
2.319018e+003,1.017486e+002
2.319983e+003,1.017522e+002
2.320947e+003,1.017849e+002
2.321911e+003,1.018056e+002
2.322875e+003,1.017951e+002
2.323840e+003,1.017952e+002
2.324804e+003,1.018065e+002
2.325768e+003,1.017876e+002
2.326732e+003,1.017774e+002
2.327697e+003,1.017859e+002
2.328661e+003,1.017956e+002
2.329625e+003,1.018036e+002
2.330589e+003,1.017969e+002
2.331553e+003,1.017851e+002
2.332518e+003,1.017784e+002
2.333482e+003,1.017878e+002
2.334446e+003,1.017933e+002
2.335411e+003,1.018059e+002
2.336375e+003,1.017925e+002
2.337339e+003,1.017810e+002
2.338303e+003,1.018016e+002
2.339268e+003,1.018273e+002
2.340232e+003,1.018016e+002
2.341196e+003,1.018023e+002
2.342160e+003,1.018224e+002
2.343125e+003,1.018014e+002
2.344089e+003,1.018021e+002
2.345053e+003,1.018127e+002
2.346017e+003,1.017837e+002
2.346981e+003,1.017780e+002
2.347946e+003,1.018036e+002
2.348910e+003,1.017943e+002
2.349874e+003,1.017757e+002
2.350839e+003,1.018088e+002
2.351803e+003,1.018049e+002
2.352767e+003,1.017894e+002
2.353731e+003,1.018004e+002
2.354696e+003,1.018065e+002
2.355660e+003,1.018078e+002
2.356624e+003,1.018085e+002
2.357588e+003,1.018372e+002
2.358552e+003,1.018545e+002
2.359517e+003,1.018511e+002
2.360481e+003,1.018437e+002
2.361445e+003,1.018357e+002
2.362409e+003,1.018282e+002
2.363374e+003,1.018163e+002
2.364338e+003,1.018030e+002
2.365302e+003,1.017903e+002
2.366267e+003,1.018156e+002
2.367231e+003,1.018499e+002
2.368195e+003,1.018367e+002
2.369159e+003,1.018030e+002
2.370124e+003,1.018227e+002
2.371088e+003,1.018340e+002
2.372052e+003,1.018080e+002
2.373016e+003,1.017880e+002
2.373980e+003,1.018071e+002
2.374945e+003,1.018373e+002
2.375909e+003,1.018425e+002
2.376873e+003,1.018449e+002
2.377837e+003,1.018275e+002
2.378802e+003,1.018212e+002
2.379766e+003,1.018072e+002
2.380730e+003,1.018087e+002
2.381695e+003,1.018239e+002
2.382659e+003,1.018282e+002
2.383623e+003,1.018197e+002
2.384587e+003,1.018278e+002
2.385552e+003,1.018490e+002
2.386516e+003,1.018338e+002
2.387480e+003,1.018456e+002
2.388444e+003,1.018736e+002
2.389408e+003,1.018875e+002
2.390373e+003,1.018687e+002
2.391337e+003,1.018519e+002
2.392301e+003,1.018444e+002
2.393265e+003,1.018496e+002
2.394230e+003,1.018517e+002
2.395194e+003,1.018532e+002
2.396158e+003,1.018532e+002
2.397123e+003,1.018647e+002
2.398087e+003,1.018754e+002
2.399051e+003,1.018732e+002
2.400015e+003,1.018585e+002
2.400979e+003,1.018407e+002
2.401944e+003,1.018494e+002
2.402908e+003,1.018649e+002
2.403872e+003,1.018567e+002
2.404836e+003,1.018403e+002
2.405801e+003,1.018646e+002
2.406765e+003,1.018673e+002
2.407729e+003,1.018583e+002
2.408693e+003,1.018612e+002
2.409658e+003,1.018634e+002
2.410622e+003,1.018595e+002
2.411586e+003,1.018399e+002
2.412551e+003,1.018329e+002
2.413515e+003,1.018446e+002
2.414479e+003,1.018561e+002
2.415443e+003,1.018518e+002
2.416407e+003,1.018540e+002
2.417372e+003,1.018823e+002
2.418336e+003,1.018836e+002
2.419300e+003,1.018391e+002
2.420264e+003,1.018127e+002
2.421229e+003,1.018281e+002
2.422193e+003,1.018545e+002
2.423157e+003,1.018756e+002
2.424121e+003,1.018809e+002
2.425086e+003,1.018671e+002
2.426050e+003,1.018749e+002
2.427014e+003,1.018862e+002
2.427979e+003,1.018695e+002
2.428943e+003,1.018625e+002
2.429907e+003,1.018524e+002
2.430871e+003,1.018505e+002
2.431835e+003,1.018765e+002
2.432800e+003,1.018846e+002
2.433764e+003,1.018744e+002
2.434728e+003,1.018726e+002
2.435692e+003,1.018687e+002
2.436657e+003,1.018496e+002
2.437621e+003,1.018404e+002
2.438585e+003,1.018337e+002
2.439549e+003,1.018409e+002
2.440514e+003,1.018640e+002
2.441478e+003,1.018792e+002
2.442442e+003,1.018801e+002
2.443406e+003,1.018629e+002
2.444371e+003,1.018528e+002
2.445335e+003,1.018421e+002
2.446299e+003,1.018428e+002
2.447263e+003,1.018584e+002
2.448228e+003,1.018674e+002
2.449192e+003,1.018649e+002
2.450156e+003,1.018656e+002
2.451120e+003,1.018571e+002
2.452085e+003,1.018610e+002
2.453049e+003,1.018906e+002
2.454013e+003,1.019258e+002
2.454977e+003,1.019026e+002
2.455942e+003,1.018864e+002
2.456906e+003,1.018883e+002
2.457870e+003,1.018827e+002
2.458834e+003,1.018818e+002
2.459799e+003,1.018921e+002
2.460763e+003,1.018820e+002
2.461727e+003,1.018817e+002
2.462691e+003,1.018847e+002
2.463656e+003,1.018979e+002
2.464620e+003,1.018732e+002
2.465584e+003,1.018617e+002
2.466548e+003,1.018598e+002
2.467513e+003,1.018419e+002
2.468477e+003,1.018652e+002
2.469441e+003,1.018770e+002
2.470405e+003,1.018739e+002
2.471370e+003,1.018855e+002
2.472334e+003,1.019087e+002
2.473298e+003,1.019465e+002
2.474262e+003,1.019470e+002
2.475227e+003,1.019180e+002
2.476191e+003,1.019108e+002
2.477155e+003,1.019281e+002
2.478119e+003,1.019104e+002
2.479084e+003,1.019043e+002
2.480048e+003,1.019053e+002
2.481012e+003,1.018867e+002
2.481976e+003,1.018697e+002
2.482941e+003,1.018766e+002
2.483905e+003,1.018890e+002
2.484869e+003,1.018966e+002
2.485833e+003,1.019003e+002
2.486798e+003,1.019005e+002
2.487762e+003,1.018951e+002
2.488726e+003,1.019030e+002
2.489690e+003,1.019188e+002
2.490655e+003,1.019375e+002
2.491619e+003,1.019330e+002
2.492583e+003,1.019113e+002
2.493547e+003,1.019013e+002
2.494512e+003,1.018976e+002
2.495476e+003,1.018919e+002
2.496440e+003,1.018951e+002
2.497404e+003,1.019190e+002
2.498369e+003,1.019459e+002
2.499333e+003,1.019550e+002
2.500297e+003,1.019394e+002
2.501261e+003,1.019095e+002
2.502226e+003,1.019085e+002
2.503190e+003,1.019066e+002
2.504154e+003,1.018994e+002
2.505118e+003,1.019063e+002
2.506083e+003,1.019086e+002
2.507047e+003,1.019110e+002
2.508011e+003,1.019127e+002
2.508975e+003,1.019049e+002
2.509940e+003,1.018985e+002
2.510904e+003,1.019090e+002
2.511868e+003,1.019229e+002
2.512832e+003,1.019214e+002
2.513797e+003,1.019091e+002
2.514761e+003,1.018885e+002
2.515725e+003,1.018934e+002
2.516689e+003,1.019199e+002
2.517654e+003,1.019718e+002
2.518618e+003,1.019520e+002
2.519582e+003,1.019084e+002
2.520546e+003,1.019220e+002
2.521510e+003,1.019367e+002
2.522475e+003,1.019435e+002
2.523439e+003,1.019360e+002
2.524403e+003,1.019280e+002
2.525368e+003,1.019519e+002
2.526332e+003,1.019585e+002
2.527296e+003,1.019388e+002
2.528260e+003,1.018963e+002
2.529225e+003,1.018923e+002
2.530189e+003,1.019232e+002
2.531153e+003,1.019147e+002
2.532117e+003,1.019137e+002
2.533082e+003,1.019341e+002
2.534046e+003,1.019488e+002
2.535010e+003,1.019575e+002
2.535974e+003,1.019486e+002
2.536938e+003,1.019278e+002
2.537903e+003,1.019200e+002
2.538867e+003,1.019428e+002
2.539831e+003,1.019499e+002
2.540796e+003,1.019352e+002
2.541760e+003,1.019517e+002
2.542724e+003,1.019565e+002
2.543688e+003,1.019496e+002
2.544653e+003,1.019263e+002
2.545617e+003,1.019147e+002
2.546581e+003,1.019172e+002
2.547545e+003,1.019424e+002
2.548510e+003,1.019495e+002
2.549474e+003,1.019297e+002
2.550438e+003,1.019025e+002
2.551402e+003,1.019022e+002
2.552366e+003,1.019131e+002
2.553331e+003,1.019305e+002
2.554295e+003,1.019654e+002
2.555259e+003,1.019595e+002
2.556224e+003,1.019512e+002
2.557188e+003,1.019668e+002
2.558152e+003,1.019408e+002
2.559116e+003,1.019334e+002
2.560081e+003,1.019509e+002
2.561045e+003,1.019586e+002
2.562009e+003,1.019702e+002
2.562973e+003,1.019860e+002
2.563938e+003,1.019770e+002
2.564902e+003,1.019430e+002
2.565866e+003,1.019330e+002
2.566830e+003,1.019551e+002
2.567794e+003,1.019587e+002
2.568759e+003,1.019433e+002
2.569723e+003,1.019354e+002
2.570687e+003,1.019426e+002
2.571652e+003,1.019610e+002
2.572616e+003,1.019714e+002
2.573580e+003,1.019475e+002
2.574544e+003,1.019464e+002
2.575509e+003,1.019784e+002
2.576473e+003,1.019802e+002
2.577437e+003,1.019614e+002
2.578401e+003,1.019545e+002
2.579365e+003,1.019666e+002
2.580330e+003,1.019716e+002
2.581294e+003,1.019605e+002
2.582258e+003,1.019579e+002
2.583222e+003,1.019780e+002
2.584187e+003,1.019844e+002
2.585151e+003,1.019651e+002
2.586115e+003,1.019730e+002
2.587080e+003,1.019894e+002
2.588044e+003,1.019777e+002
2.589008e+003,1.019450e+002
2.589972e+003,1.019406e+002
2.590937e+003,1.019746e+002
2.591901e+003,1.019645e+002
2.592865e+003,1.019540e+002
2.593829e+003,1.019691e+002
2.594793e+003,1.019666e+002
2.595758e+003,1.019434e+002
2.596722e+003,1.019676e+002
2.597686e+003,1.019934e+002
2.598650e+003,1.019897e+002
2.599615e+003,1.019639e+002
2.600579e+003,1.019446e+002
2.601543e+003,1.019434e+002
2.602508e+003,1.019821e+002
2.603472e+003,1.019968e+002
2.604436e+003,1.019886e+002
2.605400e+003,1.019921e+002
2.606365e+003,1.019692e+002
2.607329e+003,1.019437e+002
2.608293e+003,1.019398e+002
2.609257e+003,1.019638e+002
2.610221e+003,1.019812e+002
2.611186e+003,1.019867e+002
2.612150e+003,1.019892e+002
2.613114e+003,1.019765e+002
2.614078e+003,1.019651e+002
2.615043e+003,1.019619e+002
2.616007e+003,1.019720e+002
2.616971e+003,1.019767e+002
2.617936e+003,1.019772e+002
2.618900e+003,1.019641e+002
2.619864e+003,1.019614e+002
2.620828e+003,1.019724e+002
2.621792e+003,1.019849e+002
2.622757e+003,1.019898e+002
2.623721e+003,1.020018e+002
2.624685e+003,1.019724e+002
2.625649e+003,1.019616e+002
2.626614e+003,1.019781e+002
2.627578e+003,1.019841e+002
2.628542e+003,1.019759e+002
2.629506e+003,1.019596e+002
2.630471e+003,1.019590e+002
2.631435e+003,1.019736e+002
2.632399e+003,1.019858e+002
2.633364e+003,1.019941e+002
2.634328e+003,1.020018e+002
2.635292e+003,1.020095e+002
2.636256e+003,1.020032e+002
2.637220e+003,1.019782e+002
2.638185e+003,1.019616e+002
2.639149e+003,1.019758e+002
2.640113e+003,1.019936e+002
2.641077e+003,1.019945e+002
2.642042e+003,1.019704e+002
2.643006e+003,1.019793e+002
2.643970e+003,1.019925e+002
2.644934e+003,1.019631e+002
2.645899e+003,1.019622e+002
2.646863e+003,1.019932e+002
2.647827e+003,1.020155e+002
2.648792e+003,1.020231e+002
2.649756e+003,1.020129e+002
2.650720e+003,1.020103e+002
2.651684e+003,1.020042e+002
2.652648e+003,1.020143e+002
2.653613e+003,1.019968e+002
2.654577e+003,1.019738e+002
2.655541e+003,1.019788e+002
2.656505e+003,1.020164e+002
2.657470e+003,1.020323e+002
2.658434e+003,1.020182e+002
2.659398e+003,1.020303e+002
2.660362e+003,1.020305e+002
2.661327e+003,1.020165e+002
2.662291e+003,1.020054e+002
2.663255e+003,1.020087e+002
2.664219e+003,1.019980e+002
2.665184e+003,1.020009e+002
2.666148e+003,1.020121e+002
2.667112e+003,1.020093e+002
2.668076e+003,1.020049e+002
2.669041e+003,1.020124e+002
2.670005e+003,1.020129e+002
2.670969e+003,1.020193e+002
2.671933e+003,1.020064e+002
2.672898e+003,1.020148e+002
2.673862e+003,1.020182e+002
2.674826e+003,1.019929e+002
2.675790e+003,1.019703e+002
2.676755e+003,1.019821e+002
2.677719e+003,1.020071e+002
2.678683e+003,1.020264e+002
2.679647e+003,1.020269e+002
2.680612e+003,1.020320e+002
2.681576e+003,1.020388e+002
2.682540e+003,1.020247e+002
2.683504e+003,1.020049e+002
2.684469e+003,1.020089e+002
2.685433e+003,1.020104e+002
2.686397e+003,1.020002e+002
2.687361e+003,1.019922e+002
2.688326e+003,1.020247e+002
2.689290e+003,1.020493e+002
2.690254e+003,1.020444e+002
2.691218e+003,1.020305e+002
2.692183e+003,1.020301e+002
2.693147e+003,1.020154e+002
2.694111e+003,1.020070e+002
2.695075e+003,1.020326e+002
2.696040e+003,1.020406e+002
2.697004e+003,1.020291e+002
2.697968e+003,1.020050e+002
2.698932e+003,1.020135e+002
2.699896e+003,1.020339e+002
2.700861e+003,1.020242e+002
2.701825e+003,1.020131e+002
2.702789e+003,1.020322e+002
2.703754e+003,1.020421e+002
2.704718e+003,1.020527e+002
2.705682e+003,1.020446e+002
2.706646e+003,1.020291e+002
2.707611e+003,1.020291e+002
2.708575e+003,1.020218e+002
2.709539e+003,1.020345e+002
2.710503e+003,1.020386e+002
2.711468e+003,1.020259e+002
2.712432e+003,1.019936e+002
2.713396e+003,1.020033e+002
2.714360e+003,1.020416e+002
2.715325e+003,1.020585e+002
2.716289e+003,1.020344e+002
2.717253e+003,1.020525e+002
2.718217e+003,1.020661e+002
2.719182e+003,1.020446e+002
2.720146e+003,1.020340e+002
2.721110e+003,1.020288e+002
2.722074e+003,1.020140e+002
2.723039e+003,1.020082e+002
2.724003e+003,1.020185e+002
2.724967e+003,1.020170e+002
2.725931e+003,1.020120e+002
2.726896e+003,1.020153e+002
2.727860e+003,1.020161e+002
2.728824e+003,1.020220e+002
2.729788e+003,1.020443e+002
2.730753e+003,1.020492e+002
2.731717e+003,1.020449e+002
2.732681e+003,1.020546e+002
2.733645e+003,1.020378e+002
2.734610e+003,1.020259e+002
2.735574e+003,1.020538e+002
2.736538e+003,1.020606e+002
2.737502e+003,1.020498e+002
2.738467e+003,1.020483e+002
2.739431e+003,1.020536e+002
2.740395e+003,1.020385e+002
2.741359e+003,1.020404e+002
2.742323e+003,1.020501e+002
2.743288e+003,1.020423e+002
2.744252e+003,1.020284e+002
2.745216e+003,1.020415e+002
2.746181e+003,1.020440e+002
2.747145e+003,1.020315e+002
2.748109e+003,1.020327e+002
2.749073e+003,1.020358e+002
2.750038e+003,1.020425e+002
2.751002e+003,1.020443e+002
2.751966e+003,1.020607e+002
2.752930e+003,1.020636e+002
2.753895e+003,1.020577e+002
2.754859e+003,1.020441e+002
2.755823e+003,1.020182e+002
2.756787e+003,1.020287e+002
2.757751e+003,1.020717e+002
2.758716e+003,1.020664e+002
2.759680e+003,1.020488e+002
2.760644e+003,1.020483e+002
2.761609e+003,1.020574e+002
2.762573e+003,1.020640e+002
2.763537e+003,1.020795e+002
2.764501e+003,1.020742e+002
2.765466e+003,1.020511e+002
2.766430e+003,1.020762e+002
2.767394e+003,1.020655e+002
2.768358e+003,1.020533e+002
2.769323e+003,1.020694e+002
2.770287e+003,1.020582e+002
2.771251e+003,1.020602e+002
2.772215e+003,1.020874e+002
2.773179e+003,1.020727e+002
2.774144e+003,1.020453e+002
2.775108e+003,1.020546e+002
2.776072e+003,1.020869e+002
2.777037e+003,1.020651e+002
2.778001e+003,1.020437e+002
2.778965e+003,1.020554e+002
2.779929e+003,1.020474e+002
2.780894e+003,1.020295e+002
2.781858e+003,1.020460e+002
2.782822e+003,1.020528e+002
2.783786e+003,1.020542e+002
2.784750e+003,1.020693e+002
2.785715e+003,1.020626e+002
2.786679e+003,1.020401e+002
2.787643e+003,1.020291e+002
2.788607e+003,1.020509e+002
2.789572e+003,1.020577e+002
2.790536e+003,1.020556e+002
2.791500e+003,1.020547e+002
2.792465e+003,1.020461e+002
2.793429e+003,1.020540e+002
2.794393e+003,1.020464e+002
2.795357e+003,1.020355e+002
2.796322e+003,1.020305e+002
2.797286e+003,1.020585e+002
2.798250e+003,1.020676e+002
2.799214e+003,1.020543e+002
2.800178e+003,1.020649e+002
2.801143e+003,1.020647e+002
2.802107e+003,1.020370e+002
2.803071e+003,1.020272e+002
2.804035e+003,1.020544e+002
2.805000e+003,1.020663e+002
2.805964e+003,1.020451e+002
2.806928e+003,1.020274e+002
2.807893e+003,1.020164e+002
2.808857e+003,1.020296e+002
2.809821e+003,1.020621e+002
2.810785e+003,1.020763e+002
2.811750e+003,1.020616e+002
2.812714e+003,1.020582e+002
2.813678e+003,1.020635e+002
2.814642e+003,1.020603e+002
2.815606e+003,1.020447e+002
2.816571e+003,1.020433e+002
2.817535e+003,1.020491e+002
2.818499e+003,1.020433e+002
2.819463e+003,1.020378e+002
2.820428e+003,1.020523e+002
2.821392e+003,1.020569e+002
2.822356e+003,1.020464e+002
2.823321e+003,1.020492e+002
2.824285e+003,1.020743e+002
2.825249e+003,1.020883e+002
2.826213e+003,1.020887e+002
2.827177e+003,1.020624e+002
2.828142e+003,1.020514e+002
2.829106e+003,1.020672e+002
2.830070e+003,1.020488e+002
2.831034e+003,1.020513e+002
2.831999e+003,1.020869e+002
2.832963e+003,1.020841e+002
2.833927e+003,1.020731e+002
2.834891e+003,1.020525e+002
2.835856e+003,1.020309e+002
2.836820e+003,1.020395e+002
2.837784e+003,1.020536e+002
2.838749e+003,1.020398e+002
2.839713e+003,1.020060e+002
2.840677e+003,1.019973e+002
2.841641e+003,1.020196e+002
2.842605e+003,1.020249e+002
2.843570e+003,1.020034e+002
2.844534e+003,1.019705e+002
2.845498e+003,1.019750e+002
2.846462e+003,1.019755e+002
2.847427e+003,1.019880e+002
2.848391e+003,1.019564e+002
2.849355e+003,1.019062e+002
2.850319e+003,1.018950e+002
2.851284e+003,1.019106e+002
2.852248e+003,1.019344e+002
2.853212e+003,1.019457e+002
2.854177e+003,1.019309e+002
2.855141e+003,1.019136e+002
2.856105e+003,1.018949e+002
2.857069e+003,1.018933e+002
2.858033e+003,1.019387e+002
2.858998e+003,1.019667e+002
2.859962e+003,1.019408e+002
2.860926e+003,1.019303e+002
2.861890e+003,1.019218e+002
2.862855e+003,1.018969e+002
2.863819e+003,1.018935e+002
2.864783e+003,1.019067e+002
2.865747e+003,1.019182e+002
2.866712e+003,1.019092e+002
2.867676e+003,1.019122e+002
2.868640e+003,1.019259e+002
2.869604e+003,1.018990e+002
2.870569e+003,1.018937e+002
2.871533e+003,1.018885e+002
2.872497e+003,1.018836e+002
2.873461e+003,1.019121e+002
2.874426e+003,1.019036e+002
2.875390e+003,1.018839e+002
2.876354e+003,1.018811e+002
2.877318e+003,1.018682e+002
2.878283e+003,1.018609e+002
2.879247e+003,1.018130e+002
2.880211e+003,1.017882e+002
2.881175e+003,1.018070e+002
2.882140e+003,1.018048e+002
2.883104e+003,1.018259e+002
2.884068e+003,1.018231e+002
2.885032e+003,1.018017e+002
2.885997e+003,1.017806e+002
2.886961e+003,1.017452e+002
2.887925e+003,1.017274e+002
2.888889e+003,1.017419e+002
2.889854e+003,1.017601e+002
2.890818e+003,1.017290e+002
2.891782e+003,1.017097e+002
2.892746e+003,1.016864e+002
2.893711e+003,1.016770e+002
2.894675e+003,1.016858e+002
2.895639e+003,1.016868e+002
2.896603e+003,1.017251e+002
2.897568e+003,1.017647e+002
2.898532e+003,1.017454e+002
2.899496e+003,1.017206e+002
2.900460e+003,1.017174e+002
2.901425e+003,1.017443e+002
2.902389e+003,1.017702e+002
2.903353e+003,1.018288e+002
2.904317e+003,1.018456e+002
2.905281e+003,1.018156e+002
2.906246e+003,1.017941e+002
2.907210e+003,1.017897e+002
2.908174e+003,1.017819e+002
2.909139e+003,1.017593e+002
2.910103e+003,1.017552e+002
2.911067e+003,1.017609e+002
2.912031e+003,1.017482e+002
2.912996e+003,1.017144e+002
2.913960e+003,1.016895e+002
2.914924e+003,1.016685e+002
2.915888e+003,1.016776e+002
2.916853e+003,1.016500e+002
2.917817e+003,1.016283e+002
2.918781e+003,1.016242e+002
2.919745e+003,1.016282e+002
2.920709e+003,1.016043e+002
2.921674e+003,1.015700e+002
2.922638e+003,1.015379e+002
2.923602e+003,1.015158e+002
2.924567e+003,1.015167e+002
2.925531e+003,1.015420e+002
2.926495e+003,1.015279e+002
2.927459e+003,1.015003e+002
2.928424e+003,1.015001e+002
2.929388e+003,1.015092e+002
2.930352e+003,1.014890e+002
2.931316e+003,1.014822e+002
2.932281e+003,1.015160e+002
2.933245e+003,1.015169e+002
2.934209e+003,1.015322e+002
2.935173e+003,1.015696e+002
2.936137e+003,1.016033e+002
2.937102e+003,1.015730e+002
2.938066e+003,1.015862e+002
2.939030e+003,1.016100e+002
2.939995e+003,1.016166e+002
2.940959e+003,1.016509e+002
2.941923e+003,1.016695e+002
2.942887e+003,1.016707e+002
2.943852e+003,1.016528e+002
2.944816e+003,1.016342e+002
2.945780e+003,1.016468e+002
2.946744e+003,1.016393e+002
2.947708e+003,1.016135e+002
2.948673e+003,1.015981e+002
2.949637e+003,1.015910e+002
2.950601e+003,1.015686e+002
2.951566e+003,1.015420e+002
2.952530e+003,1.015263e+002
2.953494e+003,1.015241e+002
2.954458e+003,1.015492e+002
2.955423e+003,1.015753e+002
2.956387e+003,1.015793e+002
2.957351e+003,1.015805e+002
2.958315e+003,1.015503e+002
2.959280e+003,1.015408e+002
2.960244e+003,1.015558e+002
2.961208e+003,1.015703e+002
2.962172e+003,1.016224e+002
2.963136e+003,1.016663e+002
2.964101e+003,1.016701e+002
2.965065e+003,1.016550e+002
2.966029e+003,1.016574e+002
2.966994e+003,1.017026e+002
2.967958e+003,1.017371e+002
2.968922e+003,1.017517e+002
2.969886e+003,1.017297e+002
2.970851e+003,1.017380e+002
2.971815e+003,1.017694e+002
2.972779e+003,1.017938e+002
2.973743e+003,1.017805e+002
2.974708e+003,1.018084e+002
2.975672e+003,1.018376e+002
2.976636e+003,1.018151e+002
2.977600e+003,1.017989e+002
2.978564e+003,1.018172e+002
2.979529e+003,1.018501e+002
2.980493e+003,1.018657e+002
2.981457e+003,1.018666e+002
2.982422e+003,1.018611e+002
2.983386e+003,1.018898e+002
2.984350e+003,1.018989e+002
2.985314e+003,1.018822e+002
2.986279e+003,1.018837e+002
2.987243e+003,1.018923e+002
2.988207e+003,1.019174e+002
2.989171e+003,1.019323e+002
2.990135e+003,1.019245e+002
2.991100e+003,1.019277e+002
2.992064e+003,1.019143e+002
2.993028e+003,1.019069e+002
2.993992e+003,1.019228e+002
2.994957e+003,1.019446e+002
2.995921e+003,1.019631e+002
2.996885e+003,1.019616e+002
2.997850e+003,1.019631e+002
2.998814e+003,1.019802e+002
2.999778e+003,1.020050e+002
3.000742e+003,1.020113e+002
3.001707e+003,1.019999e+002
3.002671e+003,1.020193e+002
3.003635e+003,1.020348e+002
3.004599e+003,1.020436e+002
3.005563e+003,1.020328e+002
3.006528e+003,1.020284e+002
3.007492e+003,1.020450e+002
3.008456e+003,1.020770e+002
3.009420e+003,1.020768e+002
3.010385e+003,1.020582e+002
3.011349e+003,1.020742e+002
3.012313e+003,1.020725e+002
3.013278e+003,1.020568e+002
3.014242e+003,1.020654e+002
3.015206e+003,1.020746e+002
3.016170e+003,1.020799e+002
3.017135e+003,1.020934e+002
3.018099e+003,1.020855e+002
3.019063e+003,1.020839e+002
3.020027e+003,1.021100e+002
3.020991e+003,1.020940e+002
3.021956e+003,1.020993e+002
3.022920e+003,1.021206e+002
3.023884e+003,1.021429e+002
3.024848e+003,1.021299e+002
3.025813e+003,1.021108e+002
3.026777e+003,1.021343e+002
3.027741e+003,1.021510e+002
3.028706e+003,1.021395e+002
3.029670e+003,1.021493e+002
3.030634e+003,1.021666e+002
3.031598e+003,1.021715e+002
3.032563e+003,1.021618e+002
3.033527e+003,1.021539e+002
3.034491e+003,1.021319e+002
3.035455e+003,1.021317e+002
3.036419e+003,1.021656e+002
3.037384e+003,1.021610e+002
3.038348e+003,1.021708e+002
3.039312e+003,1.021660e+002
3.040276e+003,1.021658e+002
3.041241e+003,1.021711e+002
3.042205e+003,1.021626e+002
3.043169e+003,1.021340e+002
3.044134e+003,1.021239e+002
3.045098e+003,1.021343e+002
3.046062e+003,1.021385e+002
3.047026e+003,1.021441e+002
3.047990e+003,1.021543e+002
3.048955e+003,1.021277e+002
3.049919e+003,1.021279e+002
3.050883e+003,1.021819e+002
3.051847e+003,1.022063e+002
3.052812e+003,1.021776e+002
3.053776e+003,1.021465e+002
3.054740e+003,1.021495e+002
3.055704e+003,1.021416e+002
3.056669e+003,1.021220e+002
3.057633e+003,1.021202e+002
3.058597e+003,1.021414e+002
3.059562e+003,1.021491e+002
3.060526e+003,1.021702e+002
3.061490e+003,1.021921e+002
3.062454e+003,1.021884e+002
3.063418e+003,1.021866e+002
3.064383e+003,1.021821e+002
3.065347e+003,1.021866e+002
3.066311e+003,1.022003e+002
3.067275e+003,1.021759e+002
3.068240e+003,1.021544e+002
3.069204e+003,1.021565e+002
3.070168e+003,1.021491e+002
3.071132e+003,1.021386e+002
3.072097e+003,1.021602e+002
3.073061e+003,1.021664e+002
3.074025e+003,1.021708e+002
3.074990e+003,1.021699e+002
3.075954e+003,1.021691e+002
3.076918e+003,1.021573e+002
3.077882e+003,1.021511e+002
3.078846e+003,1.021509e+002
3.079811e+003,1.021441e+002
3.080775e+003,1.021439e+002
3.081739e+003,1.021807e+002
3.082703e+003,1.021861e+002
3.083668e+003,1.021701e+002
3.084632e+003,1.021828e+002
3.085596e+003,1.021577e+002
3.086560e+003,1.021389e+002
3.087525e+003,1.021384e+002
3.088489e+003,1.021405e+002
3.089453e+003,1.021408e+002
3.090417e+003,1.021477e+002
3.091382e+003,1.021551e+002
3.092346e+003,1.021231e+002
3.093310e+003,1.021062e+002
3.094274e+003,1.020809e+002
3.095239e+003,1.020896e+002
3.096203e+003,1.021243e+002
3.097167e+003,1.021228e+002
3.098131e+003,1.020920e+002
3.099096e+003,1.020872e+002
3.100060e+003,1.021255e+002
3.101024e+003,1.021345e+002
3.101988e+003,1.021200e+002
3.102953e+003,1.021279e+002
3.103917e+003,1.021715e+002
3.104881e+003,1.021746e+002
3.105845e+003,1.021629e+002
3.106810e+003,1.021626e+002
3.107774e+003,1.021666e+002
3.108738e+003,1.021636e+002
3.109702e+003,1.021537e+002
3.110667e+003,1.021459e+002
3.111631e+003,1.021241e+002
3.112595e+003,1.021357e+002
3.113559e+003,1.021491e+002
3.114524e+003,1.021456e+002
3.115488e+003,1.021562e+002
3.116452e+003,1.021508e+002
3.117416e+003,1.021448e+002
3.118381e+003,1.021540e+002
3.119345e+003,1.021535e+002
3.120309e+003,1.021414e+002
3.121273e+003,1.021362e+002
3.122238e+003,1.021630e+002
3.123202e+003,1.021969e+002
3.124166e+003,1.021720e+002
3.125130e+003,1.021649e+002
3.126094e+003,1.021750e+002
3.127059e+003,1.021749e+002
3.128023e+003,1.021780e+002
3.128987e+003,1.021819e+002
3.129952e+003,1.021823e+002
3.130916e+003,1.021983e+002
3.131880e+003,1.021803e+002
3.132844e+003,1.021697e+002
3.133809e+003,1.021692e+002
3.134773e+003,1.021641e+002
3.135737e+003,1.021442e+002
3.136701e+003,1.021426e+002
3.137666e+003,1.021475e+002
3.138630e+003,1.021277e+002
3.139594e+003,1.021377e+002
3.140558e+003,1.021506e+002
3.141522e+003,1.021562e+002
3.142487e+003,1.021309e+002
3.143451e+003,1.021363e+002
3.144415e+003,1.021372e+002
3.145380e+003,1.021385e+002
3.146344e+003,1.021665e+002
3.147308e+003,1.021708e+002
3.148272e+003,1.021506e+002
3.149237e+003,1.021539e+002
3.150201e+003,1.021675e+002
3.151165e+003,1.021634e+002
3.152129e+003,1.021603e+002
3.153094e+003,1.021648e+002
3.154058e+003,1.021538e+002
3.155022e+003,1.021417e+002
3.155986e+003,1.021410e+002
3.156950e+003,1.021645e+002
3.157915e+003,1.021854e+002
3.158879e+003,1.021754e+002
3.159843e+003,1.021771e+002
3.160808e+003,1.021770e+002
3.161772e+003,1.021521e+002
3.162736e+003,1.021433e+002
3.163700e+003,1.021275e+002
3.164665e+003,1.021227e+002
3.165629e+003,1.021366e+002
3.166593e+003,1.021537e+002
3.167557e+003,1.021881e+002
3.168521e+003,1.021582e+002
3.169486e+003,1.021212e+002
3.170450e+003,1.021251e+002
3.171414e+003,1.021345e+002
3.172378e+003,1.021655e+002
3.173343e+003,1.021745e+002
3.174307e+003,1.021454e+002
3.175271e+003,1.021567e+002
3.176236e+003,1.021972e+002
3.177200e+003,1.021934e+002
3.178164e+003,1.021364e+002
3.179128e+003,1.021143e+002
3.180093e+003,1.021357e+002
3.181057e+003,1.021350e+002
3.182021e+003,1.021422e+002
3.182985e+003,1.021743e+002
3.183949e+003,1.021905e+002
3.184914e+003,1.021936e+002
3.185878e+003,1.022156e+002
3.186842e+003,1.022101e+002
3.187806e+003,1.021490e+002
3.188771e+003,1.021320e+002
3.189735e+003,1.021492e+002
3.190699e+003,1.021576e+002
3.191664e+003,1.021544e+002
3.192628e+003,1.021622e+002
3.193592e+003,1.021463e+002
3.194556e+003,1.021348e+002
3.195521e+003,1.021459e+002
3.196485e+003,1.021385e+002
3.197449e+003,1.021402e+002
3.198413e+003,1.021440e+002
3.199377e+003,1.021350e+002
3.200342e+003,1.021276e+002
3.201306e+003,1.021532e+002
3.202270e+003,1.021403e+002
3.203235e+003,1.021417e+002
3.204199e+003,1.021589e+002
3.205163e+003,1.021617e+002
3.206127e+003,1.021777e+002
3.207092e+003,1.021573e+002
3.208056e+003,1.021036e+002
3.209020e+003,1.021014e+002
3.209984e+003,1.021267e+002
3.210948e+003,1.021409e+002
3.211913e+003,1.021253e+002
3.212877e+003,1.021188e+002
3.213841e+003,1.021333e+002
3.214805e+003,1.021386e+002
3.215770e+003,1.021650e+002
3.216734e+003,1.021506e+002
3.217698e+003,1.021269e+002
3.218663e+003,1.021655e+002
3.219627e+003,1.021834e+002
3.220591e+003,1.021689e+002
3.221555e+003,1.021244e+002
3.222520e+003,1.021038e+002
3.223484e+003,1.021235e+002
3.224448e+003,1.021322e+002
3.225412e+003,1.021378e+002
3.226376e+003,1.021252e+002
3.227341e+003,1.021151e+002
3.228305e+003,1.020865e+002
3.229269e+003,1.020690e+002
3.230233e+003,1.020929e+002
3.231198e+003,1.020871e+002
3.232162e+003,1.020779e+002
3.233126e+003,1.021068e+002
3.234091e+003,1.021411e+002
3.235055e+003,1.021475e+002
3.236019e+003,1.021205e+002
3.236983e+003,1.021026e+002
3.237948e+003,1.020956e+002
3.238912e+003,1.020998e+002
3.239876e+003,1.021136e+002
3.240840e+003,1.021148e+002
3.241804e+003,1.021066e+002
3.242769e+003,1.021155e+002
3.243733e+003,1.021435e+002
3.244697e+003,1.021753e+002
3.245661e+003,1.021615e+002
3.246626e+003,1.021374e+002
3.247590e+003,1.021146e+002
3.248554e+003,1.021038e+002
3.249519e+003,1.020952e+002
3.250483e+003,1.020910e+002
3.251447e+003,1.021025e+002
3.252411e+003,1.021381e+002
3.253375e+003,1.021678e+002
3.254340e+003,1.021466e+002
3.255304e+003,1.021396e+002
3.256268e+003,1.021287e+002
3.257232e+003,1.021271e+002
3.258197e+003,1.021275e+002
3.259161e+003,1.021157e+002
3.260125e+003,1.021285e+002
3.261089e+003,1.021589e+002
3.262054e+003,1.021665e+002
3.263018e+003,1.021430e+002
3.263982e+003,1.021105e+002
3.264947e+003,1.021175e+002
3.265911e+003,1.021078e+002
3.266875e+003,1.021093e+002
3.267839e+003,1.021233e+002
3.268803e+003,1.021202e+002
3.269768e+003,1.021144e+002
3.270732e+003,1.021147e+002
3.271696e+003,1.021227e+002
3.272660e+003,1.021146e+002
3.273625e+003,1.020930e+002
3.274589e+003,1.020979e+002
3.275553e+003,1.021390e+002
3.276517e+003,1.021415e+002
3.277482e+003,1.021305e+002
3.278446e+003,1.021209e+002
3.279410e+003,1.021246e+002
3.280375e+003,1.021344e+002
3.281339e+003,1.021465e+002
3.282303e+003,1.021415e+002
3.283267e+003,1.021076e+002
3.284231e+003,1.020720e+002
3.285196e+003,1.020893e+002
3.286160e+003,1.021416e+002
3.287124e+003,1.021406e+002
3.288088e+003,1.021381e+002
3.289053e+003,1.021603e+002
3.290017e+003,1.021338e+002
3.290981e+003,1.020738e+002
3.291945e+003,1.020666e+002
3.292910e+003,1.021357e+002
3.293874e+003,1.021623e+002
3.294838e+003,1.021097e+002
3.295802e+003,1.020890e+002
3.296767e+003,1.020699e+002
3.297731e+003,1.020674e+002
3.298695e+003,1.020669e+002
3.299659e+003,1.020880e+002
3.300624e+003,1.021140e+002
3.301588e+003,1.021196e+002
3.302552e+003,1.021149e+002
3.303516e+003,1.021286e+002
3.304481e+003,1.021406e+002
3.305445e+003,1.021440e+002
3.306409e+003,1.021430e+002
3.307373e+003,1.021106e+002
3.308338e+003,1.020895e+002
3.309302e+003,1.020811e+002
3.310266e+003,1.020893e+002
3.311230e+003,1.020984e+002
3.312195e+003,1.020870e+002
3.313159e+003,1.020933e+002
3.314123e+003,1.021336e+002
3.315087e+003,1.021381e+002
3.316052e+003,1.021029e+002
3.317016e+003,1.020866e+002
3.317980e+003,1.021005e+002
3.318944e+003,1.021066e+002
3.319909e+003,1.020945e+002
3.320873e+003,1.020908e+002
3.321837e+003,1.021119e+002
3.322801e+003,1.021032e+002
3.323766e+003,1.020881e+002
3.324730e+003,1.021235e+002
3.325694e+003,1.021109e+002
3.326658e+003,1.020763e+002
3.327623e+003,1.020884e+002
3.328587e+003,1.021027e+002
3.329551e+003,1.021067e+002
3.330515e+003,1.020797e+002
3.331479e+003,1.020510e+002
3.332444e+003,1.020506e+002
3.333408e+003,1.020776e+002
3.334372e+003,1.021131e+002
3.335337e+003,1.020841e+002
3.336301e+003,1.020664e+002
3.337265e+003,1.020767e+002
3.338229e+003,1.020632e+002
3.339194e+003,1.020342e+002
3.340158e+003,1.020803e+002
3.341122e+003,1.021195e+002
3.342086e+003,1.020831e+002
3.343051e+003,1.020335e+002
3.344015e+003,1.020182e+002
3.344979e+003,1.020374e+002
3.345943e+003,1.020414e+002
3.346907e+003,1.020341e+002
3.347872e+003,1.020546e+002
3.348836e+003,1.020509e+002
3.349800e+003,1.020366e+002
3.350765e+003,1.020656e+002
3.351729e+003,1.020781e+002
3.352693e+003,1.020572e+002
3.353657e+003,1.020670e+002
3.354622e+003,1.020860e+002
3.355586e+003,1.020981e+002
3.356550e+003,1.020763e+002
3.357514e+003,1.020805e+002
3.358479e+003,1.020860e+002
3.359443e+003,1.020421e+002
3.360407e+003,1.020320e+002
3.361371e+003,1.020645e+002
3.362335e+003,1.020696e+002
3.363300e+003,1.020685e+002
3.364264e+003,1.020677e+002
3.365228e+003,1.020410e+002
3.366193e+003,1.020459e+002
3.367157e+003,1.020390e+002
3.368121e+003,1.020128e+002
3.369085e+003,1.020280e+002
3.370050e+003,1.020604e+002
3.371014e+003,1.020664e+002
3.371978e+003,1.020405e+002
3.372942e+003,1.020537e+002
3.373906e+003,1.020575e+002
3.374871e+003,1.020105e+002
3.375835e+003,1.019914e+002
3.376799e+003,1.020219e+002
3.377763e+003,1.020764e+002
3.378728e+003,1.020640e+002
3.379692e+003,1.020169e+002
3.380656e+003,1.020331e+002
3.381621e+003,1.020738e+002
3.382585e+003,1.020461e+002
3.383549e+003,1.020204e+002
3.384513e+003,1.020327e+002
3.385478e+003,1.020657e+002
3.386442e+003,1.020629e+002
3.387406e+003,1.020441e+002
3.388370e+003,1.020346e+002
3.389334e+003,1.020489e+002
3.390299e+003,1.020502e+002
3.391263e+003,1.020278e+002
3.392227e+003,1.020000e+002
3.393191e+003,1.020045e+002
3.394156e+003,1.020237e+002
3.395120e+003,1.020005e+002
3.396084e+003,1.019815e+002
3.397049e+003,1.020075e+002
3.398013e+003,1.020279e+002
3.398977e+003,1.020058e+002
3.399941e+003,1.020106e+002
3.400906e+003,1.019974e+002
3.401870e+003,1.019789e+002
3.402834e+003,1.019991e+002
3.403798e+003,1.020338e+002
3.404762e+003,1.020226e+002
3.405727e+003,1.019983e+002
3.406691e+003,1.019981e+002
3.407655e+003,1.019977e+002
3.408619e+003,1.020161e+002
3.409584e+003,1.020590e+002
3.410548e+003,1.020569e+002
3.411512e+003,1.020484e+002
3.412477e+003,1.020401e+002
3.413441e+003,1.020255e+002
3.414405e+003,1.020295e+002
3.415369e+003,1.020185e+002
3.416333e+003,1.020374e+002
3.417298e+003,1.020356e+002
3.418262e+003,1.020147e+002
3.419226e+003,1.020356e+002
3.420190e+003,1.020551e+002
3.421155e+003,1.020564e+002
3.422119e+003,1.020750e+002
3.423083e+003,1.020500e+002
3.424047e+003,1.020054e+002
3.425012e+003,1.020296e+002
3.425976e+003,1.020275e+002
3.426940e+003,1.020271e+002
3.427905e+003,1.020299e+002
3.428869e+003,1.020188e+002
3.429833e+003,1.020135e+002
3.430797e+003,1.020315e+002
3.431761e+003,1.020380e+002
3.432726e+003,1.020270e+002
3.433690e+003,1.020108e+002
3.434654e+003,1.020068e+002
3.435618e+003,1.020109e+002
3.436583e+003,1.020380e+002
3.437547e+003,1.020586e+002
3.438511e+003,1.020469e+002
3.439475e+003,1.020661e+002
3.440440e+003,1.020754e+002
3.441404e+003,1.020547e+002
3.442368e+003,1.020410e+002
3.443333e+003,1.020428e+002
3.444297e+003,1.020264e+002
3.445261e+003,1.020031e+002
3.446225e+003,1.020414e+002
3.447189e+003,1.020506e+002
3.448154e+003,1.020315e+002
3.449118e+003,1.020224e+002
3.450082e+003,1.020004e+002
3.451046e+003,1.020092e+002
3.452011e+003,1.020485e+002
3.452975e+003,1.020848e+002
3.453939e+003,1.020821e+002
3.454904e+003,1.020507e+002
3.455868e+003,1.020743e+002
3.456832e+003,1.021219e+002
3.457796e+003,1.020957e+002
3.458760e+003,1.020344e+002
3.459725e+003,1.020087e+002
3.460689e+003,1.020445e+002
3.461653e+003,1.020415e+002
3.462617e+003,1.020083e+002
3.463582e+003,1.020412e+002
3.464546e+003,1.020468e+002
3.465510e+003,1.020117e+002
3.466474e+003,1.020174e+002
3.467439e+003,1.020715e+002
3.468403e+003,1.020889e+002
3.469367e+003,1.020779e+002
3.470332e+003,1.020934e+002
3.471296e+003,1.020734e+002
3.472260e+003,1.020574e+002
3.473224e+003,1.020519e+002
3.474188e+003,1.020564e+002
3.475153e+003,1.020614e+002
3.476117e+003,1.020447e+002
3.477081e+003,1.020647e+002
3.478045e+003,1.021017e+002
3.479010e+003,1.021174e+002
3.479974e+003,1.021195e+002
3.480938e+003,1.021435e+002
3.481902e+003,1.021377e+002
3.482867e+003,1.021126e+002
3.483831e+003,1.021254e+002
3.484795e+003,1.021235e+002
3.485760e+003,1.021163e+002
3.486724e+003,1.021435e+002
3.487688e+003,1.021275e+002
3.488652e+003,1.021081e+002
3.489616e+003,1.021210e+002
3.490581e+003,1.021738e+002
3.491545e+003,1.021671e+002
3.492509e+003,1.021684e+002
3.493473e+003,1.021880e+002
3.494438e+003,1.021885e+002
3.495402e+003,1.021706e+002
3.496366e+003,1.021555e+002
3.497330e+003,1.021651e+002
3.498295e+003,1.021599e+002
3.499259e+003,1.021631e+002
3.500223e+003,1.021826e+002
3.501188e+003,1.022121e+002
3.502152e+003,1.021999e+002
3.503116e+003,1.021801e+002
3.504080e+003,1.021922e+002
3.505044e+003,1.022025e+002
3.506009e+003,1.021913e+002
3.506973e+003,1.021931e+002
3.507937e+003,1.021943e+002
3.508901e+003,1.022090e+002
3.509866e+003,1.021894e+002
3.510830e+003,1.021623e+002
3.511794e+003,1.021525e+002
3.512758e+003,1.021636e+002
3.513723e+003,1.021966e+002
3.514687e+003,1.022073e+002
3.515651e+003,1.022064e+002
3.516615e+003,1.022084e+002
3.517580e+003,1.022385e+002
3.518544e+003,1.022606e+002
3.519508e+003,1.022514e+002
3.520472e+003,1.022503e+002
3.521437e+003,1.022474e+002
3.522401e+003,1.022506e+002
3.523365e+003,1.022635e+002
3.524329e+003,1.022491e+002
3.525294e+003,1.022512e+002
3.526258e+003,1.022711e+002
3.527222e+003,1.022555e+002
3.528186e+003,1.022576e+002
3.529151e+003,1.022541e+002
3.530115e+003,1.022384e+002
3.531079e+003,1.022465e+002
3.532043e+003,1.022437e+002
3.533008e+003,1.022436e+002
3.533972e+003,1.022792e+002
3.534936e+003,1.022949e+002
3.535900e+003,1.022825e+002
3.536865e+003,1.022675e+002
3.537829e+003,1.023097e+002
3.538793e+003,1.023203e+002
3.539757e+003,1.023225e+002
3.540722e+003,1.023042e+002
3.541686e+003,1.023196e+002
3.542650e+003,1.022963e+002
3.543614e+003,1.022940e+002
3.544579e+003,1.022887e+002
3.545543e+003,1.023061e+002
3.546507e+003,1.023520e+002
3.547471e+003,1.023689e+002
3.548436e+003,1.023606e+002
3.549400e+003,1.023409e+002
3.550364e+003,1.023213e+002
3.551328e+003,1.023425e+002
3.552292e+003,1.023383e+002
3.553257e+003,1.023395e+002
3.554221e+003,1.023520e+002
3.555185e+003,1.023517e+002
3.556150e+003,1.023675e+002
3.557114e+003,1.023942e+002
3.558078e+003,1.024057e+002
3.559042e+003,1.024130e+002
3.560007e+003,1.024547e+002
3.560971e+003,1.024446e+002
3.561935e+003,1.024235e+002
3.562899e+003,1.024248e+002
3.563864e+003,1.024060e+002
3.564828e+003,1.024090e+002
3.565792e+003,1.024329e+002
3.566756e+003,1.024142e+002
3.567720e+003,1.024039e+002
3.568685e+003,1.024053e+002
3.569649e+003,1.023970e+002
3.570613e+003,1.023977e+002
3.571578e+003,1.024423e+002
3.572542e+003,1.024704e+002
3.573506e+003,1.024467e+002
3.574470e+003,1.024208e+002
3.575435e+003,1.024291e+002
3.576399e+003,1.024605e+002
3.577363e+003,1.024487e+002
3.578327e+003,1.024584e+002
3.579292e+003,1.024865e+002
3.580256e+003,1.025174e+002
3.581220e+003,1.025118e+002
3.582184e+003,1.024947e+002
3.583148e+003,1.024953e+002
3.584113e+003,1.025075e+002
3.585077e+003,1.024855e+002
3.586041e+003,1.024795e+002
3.587006e+003,1.024462e+002
3.587970e+003,1.024430e+002
3.588934e+003,1.024763e+002
3.589898e+003,1.025085e+002
3.590863e+003,1.025177e+002
3.591827e+003,1.024846e+002
3.592791e+003,1.024908e+002
3.593755e+003,1.025205e+002
3.594719e+003,1.025039e+002
3.595684e+003,1.025182e+002
3.596648e+003,1.025556e+002
3.597612e+003,1.025609e+002
3.598576e+003,1.025478e+002
3.599541e+003,1.025353e+002
3.600505e+003,1.025335e+002
3.601469e+003,1.025369e+002
3.602434e+003,1.025520e+002
3.603398e+003,1.025689e+002
3.604362e+003,1.025429e+002
3.605326e+003,1.025394e+002
3.606291e+003,1.025519e+002
3.607255e+003,1.025416e+002
3.608219e+003,1.024969e+002
3.609183e+003,1.025237e+002
3.610147e+003,1.025586e+002
3.611112e+003,1.025319e+002
3.612076e+003,1.025314e+002
3.613040e+003,1.025629e+002
3.614004e+003,1.025778e+002
3.614969e+003,1.025401e+002
3.615933e+003,1.025555e+002
3.616897e+003,1.025538e+002
3.617862e+003,1.025709e+002
3.618826e+003,1.025623e+002
3.619790e+003,1.025171e+002
3.620754e+003,1.025149e+002
3.621719e+003,1.025564e+002
3.622683e+003,1.025593e+002
3.623647e+003,1.025346e+002
3.624611e+003,1.025169e+002
3.625575e+003,1.025508e+002
3.626540e+003,1.026039e+002
3.627504e+003,1.026124e+002
3.628468e+003,1.025840e+002
3.629432e+003,1.026021e+002
3.630397e+003,1.026015e+002
3.631361e+003,1.026039e+002
3.632325e+003,1.026137e+002
3.633290e+003,1.025942e+002
3.634254e+003,1.025977e+002
3.635218e+003,1.026068e+002
3.636182e+003,1.025834e+002
3.637146e+003,1.025947e+002
3.638111e+003,1.026137e+002
3.639075e+003,1.026123e+002
3.640039e+003,1.026089e+002
3.641003e+003,1.025790e+002
3.641968e+003,1.025596e+002
3.642932e+003,1.026261e+002
3.643896e+003,1.026183e+002
3.644860e+003,1.025951e+002
3.645825e+003,1.026099e+002
3.646789e+003,1.026137e+002
3.647753e+003,1.025996e+002
3.648718e+003,1.025779e+002
3.649682e+003,1.025799e+002
3.650646e+003,1.025863e+002
3.651610e+003,1.026006e+002
3.652574e+003,1.025888e+002
3.653539e+003,1.026033e+002
3.654503e+003,1.026310e+002
3.655467e+003,1.026022e+002
3.656431e+003,1.025914e+002
3.657396e+003,1.025755e+002
3.658360e+003,1.025849e+002
3.659324e+003,1.025849e+002
3.660288e+003,1.025929e+002
3.661253e+003,1.026087e+002
3.662217e+003,1.025871e+002
3.663181e+003,1.025847e+002
3.664146e+003,1.025936e+002
3.665110e+003,1.026237e+002
3.666074e+003,1.026246e+002
3.667038e+003,1.026334e+002
3.668002e+003,1.026322e+002
3.668967e+003,1.025867e+002
3.669931e+003,1.025553e+002
3.670895e+003,1.025745e+002
3.671859e+003,1.025877e+002
3.672824e+003,1.025876e+002
3.673788e+003,1.026216e+002
3.674752e+003,1.025904e+002
3.675716e+003,1.026037e+002
3.676681e+003,1.026405e+002
3.677645e+003,1.026473e+002
3.678609e+003,1.026384e+002
3.679573e+003,1.026357e+002
3.680538e+003,1.026320e+002
3.681502e+003,1.026342e+002
3.682466e+003,1.026249e+002
3.683430e+003,1.026046e+002
3.684395e+003,1.026031e+002
3.685359e+003,1.025989e+002
3.686323e+003,1.025962e+002
3.687287e+003,1.026028e+002
3.688252e+003,1.025805e+002
3.689216e+003,1.025727e+002
3.690180e+003,1.025955e+002
3.691145e+003,1.026096e+002
3.692109e+003,1.025677e+002
3.693073e+003,1.025732e+002
3.694037e+003,1.025970e+002
3.695001e+003,1.025960e+002
3.695966e+003,1.025967e+002
3.696930e+003,1.026222e+002
3.697894e+003,1.026347e+002
3.698858e+003,1.026379e+002
3.699823e+003,1.026266e+002
3.700787e+003,1.026109e+002
3.701751e+003,1.025852e+002
3.702715e+003,1.025896e+002
3.703680e+003,1.026189e+002
3.704644e+003,1.026058e+002
3.705608e+003,1.026288e+002
3.706573e+003,1.026344e+002
3.707537e+003,1.026019e+002
3.708501e+003,1.025972e+002
3.709465e+003,1.025925e+002
3.710429e+003,1.025895e+002
3.711394e+003,1.026179e+002
3.712358e+003,1.026386e+002
3.713322e+003,1.026624e+002
3.714286e+003,1.026555e+002
3.715251e+003,1.026474e+002
3.716215e+003,1.026462e+002
3.717179e+003,1.026369e+002
3.718143e+003,1.026257e+002
3.719108e+003,1.026297e+002
3.720072e+003,1.026059e+002
3.721036e+003,1.025845e+002
3.722000e+003,1.026180e+002
3.722965e+003,1.026528e+002
3.723929e+003,1.026270e+002
3.724893e+003,1.026032e+002
3.725857e+003,1.026466e+002
3.726822e+003,1.027000e+002
3.727786e+003,1.026959e+002
3.728750e+003,1.026408e+002
3.729714e+003,1.026297e+002
3.730679e+003,1.026250e+002
3.731643e+003,1.026131e+002
3.732607e+003,1.026328e+002
3.733571e+003,1.026360e+002
3.734536e+003,1.025668e+002
3.735500e+003,1.025558e+002
3.736464e+003,1.026204e+002
3.737428e+003,1.026758e+002
3.738393e+003,1.027066e+002
3.739357e+003,1.026538e+002
3.740321e+003,1.026006e+002
3.741285e+003,1.025900e+002
3.742250e+003,1.025691e+002
3.743214e+003,1.025891e+002
3.744178e+003,1.026204e+002
3.745142e+003,1.026554e+002
3.746107e+003,1.026554e+002
3.747071e+003,1.026251e+002
3.748035e+003,1.026073e+002
3.748999e+003,1.025693e+002
3.749964e+003,1.025430e+002
3.750928e+003,1.025399e+002
3.751892e+003,1.025648e+002
3.752856e+003,1.026072e+002
3.753821e+003,1.026204e+002
3.754785e+003,1.026252e+002
3.755749e+003,1.026375e+002
3.756713e+003,1.026438e+002
3.757677e+003,1.026317e+002
3.758642e+003,1.026235e+002
3.759606e+003,1.026020e+002
3.760570e+003,1.025780e+002
3.761535e+003,1.025653e+002
3.762499e+003,1.025707e+002
3.763463e+003,1.026127e+002
3.764427e+003,1.026137e+002
3.765392e+003,1.025998e+002
3.766356e+003,1.026160e+002
3.767320e+003,1.026585e+002
3.768284e+003,1.026678e+002
3.769249e+003,1.026224e+002
3.770213e+003,1.025913e+002
3.771177e+003,1.026324e+002
3.772141e+003,1.026330e+002
3.773105e+003,1.026115e+002
3.774070e+003,1.025973e+002
3.775034e+003,1.026379e+002
3.775998e+003,1.026610e+002
3.776963e+003,1.026661e+002
3.777927e+003,1.026602e+002
3.778891e+003,1.026418e+002
3.779855e+003,1.026484e+002
3.780820e+003,1.026552e+002
3.781784e+003,1.026539e+002
3.782748e+003,1.026528e+002
3.783712e+003,1.026636e+002
3.784677e+003,1.026665e+002
3.785641e+003,1.026685e+002
3.786605e+003,1.026365e+002
3.787569e+003,1.026002e+002
3.788533e+003,1.026405e+002
3.789498e+003,1.026761e+002
3.790462e+003,1.026783e+002
3.791426e+003,1.026479e+002
3.792391e+003,1.026193e+002
3.793355e+003,1.026284e+002
3.794319e+003,1.026656e+002
3.795283e+003,1.026535e+002
3.796248e+003,1.026574e+002
3.797212e+003,1.026451e+002
3.798176e+003,1.026675e+002
3.799140e+003,1.026873e+002
3.800104e+003,1.026898e+002
3.801069e+003,1.027045e+002
3.802033e+003,1.026552e+002
3.802997e+003,1.026015e+002
3.803961e+003,1.026220e+002
3.804926e+003,1.026853e+002
3.805890e+003,1.026904e+002
3.806854e+003,1.026562e+002
3.807819e+003,1.026539e+002
3.808783e+003,1.026597e+002
3.809747e+003,1.026727e+002
3.810711e+003,1.026829e+002
3.811676e+003,1.026612e+002
3.812640e+003,1.026655e+002
3.813604e+003,1.026717e+002
3.814568e+003,1.026716e+002
3.815532e+003,1.026523e+002
3.816497e+003,1.026298e+002
3.817461e+003,1.026292e+002
3.818425e+003,1.026593e+002
3.819389e+003,1.026602e+002
3.820354e+003,1.026684e+002
3.821318e+003,1.026634e+002
3.822282e+003,1.026578e+002
3.823247e+003,1.026828e+002
3.824211e+003,1.026632e+002
3.825175e+003,1.026427e+002
3.826139e+003,1.026656e+002
3.827104e+003,1.026620e+002
3.828068e+003,1.026303e+002
3.829032e+003,1.026155e+002
3.829996e+003,1.026408e+002
3.830960e+003,1.026489e+002
3.831925e+003,1.026544e+002
3.832889e+003,1.026603e+002
3.833853e+003,1.026326e+002
3.834817e+003,1.025934e+002
3.835782e+003,1.026162e+002
3.836746e+003,1.026243e+002
3.837710e+003,1.026299e+002
3.838675e+003,1.026614e+002
3.839639e+003,1.026715e+002
3.840603e+003,1.026772e+002
3.841567e+003,1.026877e+002
3.842531e+003,1.026688e+002
3.843496e+003,1.026449e+002
3.844460e+003,1.026682e+002
3.845424e+003,1.027085e+002
3.846388e+003,1.027056e+002
3.847353e+003,1.026744e+002
3.848317e+003,1.027213e+002
3.849281e+003,1.027139e+002
3.850245e+003,1.026787e+002
3.851210e+003,1.026599e+002
3.852174e+003,1.026617e+002
3.853138e+003,1.026369e+002
3.854103e+003,1.026172e+002
3.855067e+003,1.026252e+002
3.856031e+003,1.026595e+002
3.856995e+003,1.026811e+002
3.857959e+003,1.026831e+002
3.858924e+003,1.026624e+002
3.859888e+003,1.026638e+002
3.860852e+003,1.026956e+002
3.861816e+003,1.027264e+002
3.862781e+003,1.027021e+002
3.863745e+003,1.026649e+002
3.864709e+003,1.026629e+002
3.865673e+003,1.026637e+002
3.866638e+003,1.026294e+002
3.867602e+003,1.026691e+002
3.868566e+003,1.027185e+002
3.869531e+003,1.026708e+002
3.870495e+003,1.026138e+002
3.871459e+003,1.026260e+002
3.872423e+003,1.026721e+002
3.873387e+003,1.026972e+002
3.874352e+003,1.026900e+002
3.875316e+003,1.026409e+002
3.876280e+003,1.026459e+002
3.877244e+003,1.026638e+002
3.878209e+003,1.026857e+002
3.879173e+003,1.027002e+002
3.880137e+003,1.026969e+002
3.881101e+003,1.026883e+002
3.882066e+003,1.026780e+002
3.883030e+003,1.026843e+002
3.883994e+003,1.026742e+002
3.884958e+003,1.026418e+002
3.885923e+003,1.026230e+002
3.886887e+003,1.026447e+002
3.887851e+003,1.026711e+002
3.888815e+003,1.026766e+002
3.889780e+003,1.026765e+002
3.890744e+003,1.026506e+002
3.891708e+003,1.026528e+002
3.892672e+003,1.026965e+002
3.893637e+003,1.027168e+002
3.894601e+003,1.027005e+002
3.895565e+003,1.027023e+002
3.896529e+003,1.027229e+002
3.897494e+003,1.027370e+002
3.898458e+003,1.027188e+002
3.899422e+003,1.026922e+002
3.900386e+003,1.026863e+002
3.901351e+003,1.026642e+002
3.902315e+003,1.026732e+002
3.903279e+003,1.026972e+002
3.904243e+003,1.027020e+002
3.905208e+003,1.026875e+002
3.906172e+003,1.026920e+002
3.907136e+003,1.027255e+002
3.908100e+003,1.027399e+002
3.909065e+003,1.027015e+002
3.910029e+003,1.026982e+002
3.910993e+003,1.027380e+002
3.911957e+003,1.027132e+002
3.912922e+003,1.026882e+002
3.913886e+003,1.026598e+002
3.914850e+003,1.026635e+002
3.915814e+003,1.026693e+002
3.916779e+003,1.026584e+002
3.917743e+003,1.027240e+002
3.918707e+003,1.027626e+002
3.919671e+003,1.027372e+002
3.920636e+003,1.027283e+002
3.921600e+003,1.027742e+002
3.922564e+003,1.027683e+002
3.923528e+003,1.027075e+002
3.924493e+003,1.027067e+002
3.925457e+003,1.027141e+002
3.926421e+003,1.027027e+002
3.927385e+003,1.026947e+002
3.928350e+003,1.027006e+002
3.929314e+003,1.027138e+002
3.930278e+003,1.027386e+002
3.931242e+003,1.027180e+002
3.932207e+003,1.027014e+002
3.933171e+003,1.027026e+002
3.934135e+003,1.026934e+002
3.935099e+003,1.026798e+002
3.936064e+003,1.026803e+002
3.937028e+003,1.026841e+002
3.937992e+003,1.026884e+002
3.938956e+003,1.027360e+002
3.939921e+003,1.027471e+002
3.940885e+003,1.027073e+002
3.941849e+003,1.026966e+002
3.942813e+003,1.027141e+002
3.943778e+003,1.027308e+002
3.944742e+003,1.027022e+002
3.945706e+003,1.026805e+002
3.946670e+003,1.027200e+002
3.947635e+003,1.027107e+002
3.948599e+003,1.026735e+002
3.949563e+003,1.026956e+002
3.950527e+003,1.027231e+002
3.951492e+003,1.027170e+002
3.952456e+003,1.026659e+002
3.953420e+003,1.026618e+002
3.954384e+003,1.027030e+002
3.955349e+003,1.027103e+002
3.956313e+003,1.026784e+002
3.957277e+003,1.026805e+002
3.958241e+003,1.026786e+002
3.959206e+003,1.026562e+002
3.960170e+003,1.026797e+002
3.961134e+003,1.026916e+002
3.962098e+003,1.026962e+002
3.963063e+003,1.027066e+002
3.964027e+003,1.027179e+002
3.964991e+003,1.026874e+002
3.965955e+003,1.027019e+002
3.966920e+003,1.027300e+002
3.967884e+003,1.027418e+002
3.968848e+003,1.027491e+002
3.969812e+003,1.027222e+002
3.970777e+003,1.027207e+002
3.971741e+003,1.027265e+002
3.972705e+003,1.027344e+002
3.973669e+003,1.027663e+002
3.974634e+003,1.027402e+002
3.975598e+003,1.027248e+002
3.976562e+003,1.027550e+002
3.977526e+003,1.027327e+002
3.978490e+003,1.027324e+002
3.979455e+003,1.027431e+002
3.980419e+003,1.027646e+002
3.981383e+003,1.027725e+002
3.982348e+003,1.027555e+002
3.983312e+003,1.027702e+002
3.984276e+003,1.027801e+002
3.985240e+003,1.027337e+002
3.986205e+003,1.027285e+002
3.987169e+003,1.027544e+002
3.988133e+003,1.027691e+002
3.989097e+003,1.027833e+002
3.990062e+003,1.027516e+002
3.991026e+003,1.027486e+002
3.991990e+003,1.027406e+002
3.992954e+003,1.027399e+002
3.993918e+003,1.027432e+002
3.994883e+003,1.027185e+002
3.995847e+003,1.026966e+002
3.996811e+003,1.027133e+002
3.997776e+003,1.027597e+002
3.998740e+003,1.027277e+002
3.999704e+003,1.026810e+002
4.000668e+003,0.000000e+000
